{"type":"FeatureCollection","name":"Liaoning prefecture-level city boundaries","license":"https://opendatacommons.org/licenses/odbl/1-0/","attribution":"© OpenStreetMap contributors","source_timestamp":"2026-10-05T02:34:32Z","features":[{"type":"Feature","properties":{"land_bounds":[121.08629040431643,38.721354481746374,123.51317626092202,40.2039986],"id":"liaoning-dalian","names":{"en":"Dalian","zh-CN":"大连"},"osm_relation":2764565,"admin_level":5,"source":"https://www.openstreetmap.org/relation/2764565","license":"ODbL-1.0","attribution":"© OpenStreetMap contributors","simplification_degrees":0.0008},"geometry":{"type":"MultiPolygon","coordinates":[[[[121.6395077,38.5719293],[121.6394606,38.5718428],[121.6393648,38.5719257],[121.6395077,38.5719293]]],[[[121.6396849,38.5719713],[121.6397775,38.5718768],[121.639651,38.5718908],[121.6396849,38.5719713]]],[[[122.161907,38.6730115],[122.1619571,38.6730086],[122.1619114,38.672997],[122.161907,38.6730115]]],[[[122.1651878,38.6743597],[122.1629316,38.6732241],[122.1628069,38.6733457],[122.1651878,38.6743597]]],[[[121.0239935,38.8668545],[121.0242177,38.8678656],[121.0212748,38.8695769],[121.0322731,38.8720585],[121.0375356,38.8699201],[121.0389464,38.8679279],[121.0370353,38.8691949],[121.0317538,38.8692753],[121.028253,38.8671203],[121.0239935,38.8668545]]],[[[121.1202309,38.8762985],[121.1200766,38.8795716],[121.1171973,38.8800445],[121.1179376,38.8821053],[121.1231907,38.8788533],[121.1253002,38.8783816],[121.1258071,38.8779478],[121.1240387,38.8785188],[121.1219139,38.8761566],[121.1202309,38.8762985]]],[[[121.8244454,38.8638421],[121.8243027,38.8661455],[121.8192467,38.8674152],[121.8210143,38.869349],[121.8176669,38.8708254],[121.8222201,38.8740301],[121.8212342,38.8779398],[121.8187156,38.8807503],[121.8274274,38.8817254],[121.828004,38.8848397],[121.8267696,38.8864884],[121.8199394,38.8882037],[121.8243724,38.8902145],[121.8231118,38.8942979],[121.8332183,38.8942979],[121.8348223,38.8934879],[121.8334705,38.8919806],[121.8345353,38.8908721],[121.8296993,38.8853332],[121.8288141,38.8823037],[121.8373105,38.8727853],[121.8318665,38.8694827],[121.8299836,38.8671041],[121.8308204,38.865592],[121.8293104,38.8660473],[121.8270144,38.8639109],[121.8244454,38.8638421]]],[[[121.8313535,38.9120339],[121.8256601,38.9145199],[121.8248091,38.9165694],[121.828108,38.9174826],[121.8361154,38.9169397],[121.8332499,38.91267],[121.8313535,38.9120339]]],[[[120.9847237,38.9499894],[120.9830649,38.9461937],[120.9803085,38.9464018],[120.9738945,38.950717],[120.9718963,38.9542689],[120.973618,38.9549765],[120.9741711,38.9572241],[120.9761336,38.9572934],[120.9771862,38.9548169],[120.9823156,38.9539706],[120.9847237,38.9499894]]],[[[121.2968894,38.9933568],[121.2976305,38.9925934],[121.2968406,38.9920263],[121.2968894,38.9933568]]],[[[121.3081911,39.0001465],[121.3070652,38.9992582],[121.3072472,38.9958392],[121.306013,38.9943109],[121.3036503,38.9940786],[121.3032841,38.9976951],[121.3081911,39.0001465]]],[[[121.3227788,38.9982046],[121.3259375,38.9992379],[121.3272129,39.0001343],[121.3264284,38.9978038],[121.3239044,38.9970429],[121.3227788,38.9982046]]],[[[121.1549778,39.0838291],[121.1543558,39.0866677],[121.15324,39.08699],[121.1536139,39.0898732],[121.1616321,39.0929744],[121.1633484,39.0958188],[121.1679204,39.092252],[121.172195,39.0915331],[121.1713595,39.0898343],[121.1724908,39.0880081],[121.1708087,39.0858325],[121.1695163,39.0867926],[121.1681,39.08568],[121.1678523,39.0879484],[121.1637988,39.0889977],[121.1624952,39.0885819],[121.1630633,39.0872854],[121.16135,39.08557],[121.1549778,39.0838291]]],[[[121.1848311,39.0906481],[121.1807983,39.0924885],[121.1848439,39.093199],[121.1848311,39.0906481]]],[[[121.1496547,39.0964375],[121.1493558,39.0962655],[121.1496198,39.0964698],[121.1496547,39.0964375]]],[[[121.1491638,39.0976012],[121.1478254,39.0973472],[121.1474928,39.0981903],[121.1491638,39.0976012]]],[[[121.2262111,39.1026372],[121.2266029,39.1037654],[121.2215008,39.1041732],[121.2188982,39.1066476],[121.2249817,39.1085267],[121.2323639,39.1064803],[121.2301726,39.1063589],[121.2279433,39.1026037],[121.2267519,39.1035868],[121.2263704,39.1027032],[121.2277912,39.1021958],[121.2262111,39.1026372]]],[[[122.2998693,39.1507097],[122.3001053,39.1496946],[122.2994294,39.1497612],[122.2998693,39.1507097]]],[[[122.3018594,39.1513961],[122.3070468,39.1510508],[122.3043054,39.1496755],[122.3018594,39.1513961]]],[[[122.1827187,39.1643567],[122.1803855,39.1641557],[122.1816996,39.1661449],[122.1843994,39.1656251],[122.1827187,39.1643567]]],[[[122.3298427,39.1472618],[122.3301244,39.1488531],[122.3267394,39.1511349],[122.3270103,39.1528519],[122.3237729,39.1566228],[122.3189074,39.1594659],[122.3144227,39.1598054],[122.3155533,39.1654772],[122.3133244,39.1696071],[122.3138541,39.1710222],[122.3173799,39.1718581],[122.3179176,39.1739936],[122.3113368,39.1837471],[122.3260447,39.1835995],[122.3320569,39.1850392],[122.3361821,39.192042],[122.3403423,39.1924286],[122.3437648,39.1948764],[122.3385049,39.2018511],[122.339264,39.2027345],[122.3449704,39.2032136],[122.3570672,39.2013097],[122.367815,39.2029764],[122.3749233,39.2056028],[122.374464,39.2102063],[122.3876953,39.2125276],[122.3968323,39.216313],[122.3975511,39.2177853],[122.4024448,39.2171743],[122.4027854,39.2142941],[122.3977134,39.2123406],[122.3971923,39.2104349],[122.3926011,39.2098436],[122.3894776,39.2122679],[122.3866627,39.2115135],[122.3842433,39.2060579],[122.3845799,39.2031076],[122.3801757,39.2023053],[122.3781037,39.1981721],[122.3798297,39.1961932],[122.3780823,39.1897054],[122.3816577,39.1863479],[122.3851445,39.1865517],[122.385292,39.182298],[122.3897881,39.1757101],[122.3876993,39.1712125],[122.3895353,39.1690197],[122.3936847,39.1673582],[122.3934942,39.1638208],[122.3976865,39.1632551],[122.3907503,39.1608323],[122.3889774,39.1624045],[122.3842058,39.1621633],[122.3824395,39.1649895],[122.3767948,39.1670816],[122.3748288,39.1666324],[122.3750661,39.1642856],[122.3740053,39.1643137],[122.3706666,39.1660631],[122.3728265,39.1677023],[122.3717737,39.1678858],[122.3712681,39.1683334],[122.3764669,39.1694574],[122.3750487,39.1729144],[122.3704487,39.1749688],[122.3654035,39.1730933],[122.3626783,39.1741766],[122.3585236,39.1723114],[122.3568714,39.1697392],[122.3599264,39.1681234],[122.3598231,39.1645954],[122.36204,39.163721],[122.3608129,39.1633622],[122.3605031,39.1610496],[122.3584378,39.1609851],[122.3587999,39.1596884],[122.3563671,39.1589428],[122.3564664,39.1578385],[122.358655,39.1572135],[122.3575553,39.1560009],[122.3589541,39.1548164],[122.3580462,39.1533012],[122.3523116,39.1517776],[122.3521614,39.1502166],[122.3482454,39.148357],[122.3460782,39.1498505],[122.3449758,39.1469789],[122.3403409,39.1438649],[122.3354056,39.1436434],[122.3298427,39.1472618]]],[[[122.3077,39.2043401],[122.3044664,39.2007391],[122.3057745,39.2000003],[122.305606,39.199139],[122.304524,39.2003788],[122.3030363,39.1995364],[122.3047879,39.1973199],[122.3043223,39.1965381],[122.3005088,39.1982477],[122.2977927,39.1968732],[122.2951494,39.1984194],[122.2948884,39.2006067],[122.3037211,39.2034068],[122.3039124,39.2045229],[122.3077,39.2043401]]],[[[122.1620643,39.2024084],[122.1613045,39.2013555],[122.160035,39.204071],[122.1580415,39.2042719],[122.1580236,39.2061423],[122.1608843,39.2049092],[122.1660961,39.2072991],[122.1656492,39.2044243],[122.1644244,39.2044936],[122.1624666,39.2010783],[122.1620643,39.2024084]]],[[[122.3554471,39.2345925],[122.3552191,39.2337926],[122.3547162,39.2349311],[122.3554471,39.2345925]]],[[[122.3542213,39.2353196],[122.3547819,39.2354193],[122.3546371,39.2351181],[122.3542213,39.2353196]]],[[[122.3561552,39.2372621],[122.3566675,39.2380951],[122.3566675,39.2372642],[122.3561552,39.2372621]]],[[[122.287083,39.2708196],[122.2846287,39.2708237],[122.2829819,39.2728836],[122.2802889,39.2736144],[122.2811718,39.2776146],[122.283867,39.2779373],[122.2928363,39.2750804],[122.2973236,39.2757282],[122.2984904,39.2735563],[122.2902936,39.266056],[122.2880995,39.2663924],[122.2897035,39.2683942],[122.287083,39.2708196]]],[[[122.3423995,39.3460807],[122.3425104,39.3430172],[122.344844,39.3429984],[122.3432309,39.3453513],[122.3445292,39.3452213],[122.3450615,39.3430182],[122.3468081,39.342751],[122.3486668,39.3369071],[122.3464345,39.3323559],[122.3403149,39.3283903],[122.3434329,39.3264074],[122.3345176,39.3315657],[122.3319917,39.3281751],[122.3300395,39.329297],[122.3286935,39.3305114],[122.3298656,39.3342274],[122.3253482,39.3362197],[122.3265857,39.3384395],[122.3243798,39.3364767],[122.328561,39.3341296],[122.3268454,39.3250729],[122.3158198,39.3262805],[122.319093,39.3419853],[122.3206418,39.3438811],[122.3255382,39.342877],[122.3270097,39.337918],[122.3291058,39.3375238],[122.3294532,39.3412765],[122.3336188,39.3426706],[122.3347303,39.3398607],[122.3358418,39.339709],[122.3350137,39.3431115],[122.3415318,39.3439683],[122.3423995,39.3460807]]],[[[123.4987563,39.8187829],[123.5090103,39.8129769],[123.5121233,39.8070754],[123.5132363,39.7972604],[123.5151754,39.7937479],[123.5141835,39.7706964],[123.4940496,39.7699349],[123.4951238,39.7613834],[123.4866527,39.7581941],[123.4754972,39.7701931],[123.4705056,39.7673179],[123.4683462,39.7680562],[123.477066,39.7646799],[123.4689026,39.7581478],[123.4572792,39.7573599],[123.4585701,39.754117],[123.4622415,39.7529492],[123.4671853,39.755069],[123.4667356,39.7535289],[123.4684448,39.754611],[123.4685005,39.7530271],[123.4692891,39.754699],[123.4692505,39.7533486],[123.4705761,39.7539931],[123.4695346,39.7530307],[123.4718766,39.7544657],[123.4732481,39.7535074],[123.4716749,39.7495607],[123.46879,39.7514],[123.4676002,39.7495148],[123.4694215,39.7481661],[123.4674649,39.7466455],[123.4621412,39.7484175],[123.4598972,39.7475293],[123.4556399,39.7497899],[123.4512057,39.7484013],[123.443855,39.7432244],[123.444321,39.7389705],[123.4394199,39.7368899],[123.4396898,39.7352058],[123.4414171,39.73502],[123.4405659,39.7336062],[123.4357483,39.7358759],[123.4306526,39.7346941],[123.4311779,39.7331855],[123.4291991,39.7349315],[123.4224616,39.7331612],[123.4215956,39.7314998],[123.4155581,39.730273],[123.4144672,39.730289],[123.4146206,39.7315489],[123.4104427,39.7304235],[123.4085063,39.7313364],[123.4037708,39.7286636],[123.4006846,39.7280538],[123.4066234,39.7307921],[123.4051461,39.7321435],[123.4077639,39.7332243],[123.4090997,39.7323374],[123.4114439,39.7339834],[123.4106983,39.7368917],[123.4087295,39.737395],[123.3962797,39.7286962],[123.3869221,39.7256367],[123.3845775,39.7338345],[123.387146,39.7464389],[123.3898266,39.7532393],[123.4000726,39.7495771],[123.4083385,39.7478895],[123.4078715,39.7449739],[123.4097094,39.7448508],[123.4097735,39.7461955],[123.407696,39.7491243],[123.4115254,39.7501366],[123.403633,39.7493583],[123.3931358,39.7526018],[123.3938578,39.7537337],[123.4020333,39.7530372],[123.4082584,39.7591512],[123.4145405,39.7558268],[123.4156707,39.7571851],[123.4126009,39.7617997],[123.4075248,39.7601151],[123.4002802,39.75369],[123.3911231,39.7550241],[123.3918285,39.7607605],[123.4108897,39.7663222],[123.3953838,39.7624945],[123.3937061,39.7658964],[123.3964795,39.7702424],[123.3964178,39.7802981],[123.4005189,39.7819141],[123.3957446,39.7840495],[123.394087,39.7813205],[123.3930194,39.7686343],[123.3893502,39.7689147],[123.3879983,39.7818255],[123.3872151,39.7812504],[123.388347,39.7605275],[123.3830443,39.7502421],[123.3651566,39.7482747],[123.3616242,39.7789005],[123.3595991,39.7794468],[123.360503,39.7753756],[123.3576143,39.7750045],[123.3600175,39.7731244],[123.3613372,39.7671334],[123.3610126,39.7532528],[123.3391218,39.7509803],[123.3378625,39.756415],[123.3077654,39.7523496],[123.3052897,39.7586027],[123.298839,39.7599729],[123.2967603,39.7628759],[123.2924943,39.7618574],[123.297388,39.754656],[123.2917684,39.755094],[123.288027,39.759512],[123.2652122,39.7552912],[123.2758069,39.7423223],[123.267651,39.7377766],[123.2646449,39.7408647],[123.2557476,39.7372517],[123.2544672,39.7354226],[123.2617901,39.7313479],[123.2569958,39.7292352],[123.2628571,39.7305241],[123.2697711,39.7250952],[123.2657947,39.7230358],[123.2602429,39.723059],[123.2659173,39.7199624],[123.2602537,39.710578],[123.2628844,39.7091447],[123.2640217,39.71009],[123.2635619,39.7086175],[123.2667808,39.7071621],[123.2724365,39.7100001],[123.2712857,39.7086315],[123.2727274,39.7059685],[123.2766319,39.7064884],[123.2720773,39.705504],[123.2703277,39.7037825],[123.2730593,39.7023383],[123.2742858,39.7029102],[123.2724328,39.7039437],[123.2768374,39.7050521],[123.2776314,39.7041182],[123.2764604,39.7020463],[123.2789244,39.7005875],[123.2800394,39.7015516],[123.2817915,39.6999094],[123.2792854,39.7003833],[123.2771298,39.6959958],[123.2779826,39.6944074],[123.27511,39.6937401],[123.27113,39.69683],[123.26548,39.6977401],[123.26349,39.6970999],[123.2645519,39.6951111],[123.261897,39.6947672],[123.2616915,39.6967891],[123.2569183,39.7000952],[123.2559702,39.6989595],[123.2572905,39.6989121],[123.2594241,39.6918694],[123.2543476,39.6911127],[123.2528101,39.6967751],[123.2517809,39.6963292],[123.2540702,39.6904172],[123.2475696,39.6894196],[123.2452411,39.6931005],[123.2465545,39.6952091],[123.2444314,39.6965599],[123.2398754,39.696171],[123.2420634,39.695988],[123.242258,39.695602],[123.2418818,39.6940515],[123.2420072,39.6953392],[123.240395,39.6957437],[123.2295436,39.696503],[123.2304655,39.6869372],[123.2290935,39.6974754],[123.2266242,39.6976543],[123.2291063,39.6977475],[123.2290501,39.6986258],[123.2244027,39.6981023],[123.2255122,39.6977962],[123.2227819,39.6974934],[123.2231011,39.6936446],[123.2221765,39.697345],[123.2240532,39.6978112],[123.221671,39.6988807],[123.2211971,39.701223],[123.2117128,39.6984782],[123.2072335,39.6937645],[123.20578,39.6877201],[123.2082699,39.6852701],[123.2129201,39.6854001],[123.2162501,39.68321],[123.21757,39.68359],[123.2149315,39.6815948],[123.2174098,39.6747742],[123.2069787,39.6720409],[123.2093015,39.66639],[123.2081354,39.6661391],[123.2102457,39.6566109],[123.2128715,39.6565469],[123.2100418,39.6563714],[123.2062783,39.6719787],[123.2019335,39.671085],[123.2026255,39.6647424],[123.2011557,39.6671333],[123.20144,39.669712],[123.1951636,39.6695262],[123.1955284,39.6643563],[123.1948793,39.6696666],[123.1814977,39.6699123],[123.1813851,39.677299],[123.1812032,39.6745443],[123.1790952,39.6742029],[123.1780917,39.6767723],[123.1773145,39.6745009],[123.1721355,39.6726767],[123.1705275,39.6763494],[123.1557549,39.6723966],[123.1584143,39.6666544],[123.1525702,39.6604758],[123.1476752,39.6608499],[123.1439289,39.6629737],[123.1434949,39.6599544],[123.1463225,39.6590294],[123.1449207,39.6569166],[123.1404604,39.6546561],[123.1422524,39.6512604],[123.1419626,39.6492025],[123.1377057,39.6491172],[123.1374316,39.6505409],[123.1390545,39.6506675],[123.1385126,39.6531281],[123.1400768,39.6532583],[123.1387662,39.6549903],[123.1344058,39.6546593],[123.1332387,39.6522914],[123.1366792,39.6517986],[123.1361041,39.6472165],[123.1252201,39.6462571],[123.1260314,39.64711],[123.1239238,39.6490158],[123.1192857,39.651467],[123.1183192,39.6502362],[123.1176016,39.6506881],[123.1194809,39.6519259],[123.1164705,39.6540479],[123.1153852,39.65309],[123.1182332,39.6560601],[123.1165518,39.6571708],[123.1202236,39.6607872],[123.1229428,39.6588841],[123.1225869,39.662544],[123.1249781,39.6632968],[123.1175438,39.6646689],[123.0995937,39.6767847],[123.0989334,39.6882922],[123.101241,39.6923638],[123.1004671,39.6936716],[123.1021553,39.6954218],[123.1007747,39.6959166],[123.0979805,39.6899875],[123.0957945,39.6887708],[123.0978276,39.685332],[123.0975969,39.6798123],[123.0956537,39.6794738],[123.0937225,39.6831977],[123.0951212,39.6783611],[123.0893947,39.676081],[123.0954283,39.6615399],[123.0921225,39.661766],[123.0893357,39.6711159],[123.0864349,39.6745822],[123.0888677,39.6710065],[123.0918355,39.6619962],[123.0863585,39.6640806],[123.0856691,39.667476],[123.0783534,39.6708537],[123.0851776,39.6673749],[123.08524,39.66473],[123.0824612,39.664269],[123.0803791,39.6587352],[123.0765935,39.660433],[123.0760641,39.6621834],[123.077283,39.6625767],[123.07082,39.6701501],[123.07099,39.6735001],[123.0700603,39.6730573],[123.0708678,39.6683418],[123.0673646,39.6675685],[123.0652017,39.6724546],[123.06569,39.6751701],[123.0579519,39.6701565],[123.0633649,39.6717942],[123.0648761,39.6671121],[123.0577719,39.6658814],[123.0563637,39.6684408],[123.0555585,39.6655849],[123.0537355,39.6660598],[123.052794,39.6683137],[123.0547868,39.6626328],[123.0529623,39.6622004],[123.0498846,39.6679469],[123.0521852,39.6620239],[123.0465993,39.6607633],[123.0440642,39.6669424],[123.037771,39.666016],[123.0371216,39.6649002],[123.0325893,39.6667776],[123.0326177,39.6633392],[123.0305248,39.6631537],[123.030188,39.6668117],[123.0276899,39.6678678],[123.0235871,39.6630866],[123.0284949,39.6511749],[123.0338643,39.6506125],[123.0348693,39.6481104],[123.0400699,39.6462899],[123.0409517,39.6452463],[123.0400896,39.6444036],[123.035341,39.6445402],[123.0320617,39.6427853],[123.0301996,39.6450837],[123.0269599,39.6463],[123.0288655,39.6496557],[123.0234798,39.6629935],[123.0169957,39.6606902],[123.009952,39.6607209],[123.0065949,39.6590387],[123.0101609,39.6615552],[123.00553,39.6627399],[123.0071305,39.6717467],[123.00387,39.67968],[123.002562,39.6763934],[123.0038151,39.6699144],[123.0014147,39.666853],[122.9971547,39.6674411],[122.992005,39.6765113],[122.9862599,39.67866],[122.9912813,39.6733409],[122.9928429,39.6690214],[122.9938904,39.6628696],[122.9913803,39.6605867],[122.9845419,39.6590407],[122.9720842,39.6628737],[122.9682266,39.6664298],[122.9665445,39.6654781],[122.9716622,39.6608592],[122.9761814,39.6600036],[122.9821864,39.6566927],[122.9931597,39.657142],[122.9936475,39.6536529],[123.0135553,39.6405641],[123.0114779,39.6397761],[123.0119728,39.6409121],[123.005691,39.6453713],[123.0034675,39.6445803],[123.0054308,39.6420316],[123.0041306,39.641223],[123.0029404,39.6444595],[122.9957145,39.6458226],[122.9939349,39.6480273],[122.9923081,39.6466487],[122.99528,39.6453434],[122.9948482,39.643466],[122.9962805,39.6411362],[123.001665,39.6368379],[122.9896152,39.6429151],[122.989064,39.6442261],[122.9840657,39.6419624],[122.9844882,39.6375536],[122.9914123,39.6328951],[122.9936332,39.6339615],[122.9902334,39.6301224],[122.9909939,39.6325703],[122.9829727,39.6373243],[122.9822871,39.6417313],[122.9780455,39.6404825],[122.9711871,39.6357142],[122.971344,39.6314548],[122.9672764,39.6329834],[122.9661271,39.6321809],[122.9676298,39.6302592],[122.9663571,39.6289118],[122.9669398,39.625717],[122.973353,39.6209921],[122.9755041,39.6211212],[122.978873,39.6239041],[122.9833402,39.6237068],[122.9783499,39.6233918],[122.9742864,39.6196321],[122.9657811,39.626125],[122.9640491,39.6252485],[122.9662894,39.6216915],[122.9660218,39.5944674],[122.9634324,39.5894153],[122.9657261,39.596381],[122.9637736,39.5963372],[122.9645127,39.5986545],[122.9630009,39.5986504],[122.9630215,39.6015547],[122.9649868,39.6032898],[122.9631291,39.6043852],[122.9516604,39.6044144],[122.9516414,39.598908],[122.9504093,39.5985428],[122.9555844,39.5890771],[122.9593292,39.5895098],[122.9493514,39.5875382],[122.9401246,39.6038908],[122.9349578,39.6199237],[122.9400602,39.6201073],[122.9397385,39.621954],[122.9351248,39.6218633],[122.9348245,39.6204213],[122.9332095,39.6218257],[122.9337854,39.6199701],[122.9324373,39.6197681],[122.9336209,39.6133914],[122.924829,39.6119156],[122.9219859,39.6213972],[122.9234186,39.6157168],[122.9220042,39.6155171],[122.9202621,39.6212001],[122.9227421,39.6115563],[122.911822,39.6098538],[122.9126894,39.6054624],[122.9026602,39.6034033],[122.9007553,39.6096555],[122.89849,39.6094457],[122.8975062,39.6157669],[122.8993081,39.6159763],[122.8973657,39.6159517],[122.8967363,39.6190956],[122.8959605,39.6187998],[122.8977458,39.6111763],[122.884513,39.6083466],[122.8833741,39.6085386],[122.8818404,39.615831],[122.8792252,39.6155922],[122.8810195,39.6150114],[122.8822069,39.6067879],[122.8657719,39.603898],[122.8642018,39.6070944],[122.8620082,39.6058456],[122.8609301,39.6060573],[122.8628701,39.606896],[122.8570564,39.6085802],[122.8518046,39.6066708],[122.8540429,39.601801],[122.8501564,39.6008224],[122.8489394,39.6029107],[122.845024,39.6018103],[122.8436407,39.6043625],[122.8391104,39.6030513],[122.8430794,39.597679],[122.8323492,39.5957238],[122.831507,39.5970104],[122.8380194,39.57804],[122.8279357,39.5763742],[122.821544,39.5947049],[122.8270391,39.5760672],[122.8280027,39.5759737],[122.82822,39.5723805],[122.8149746,39.5677171],[122.8065115,39.5866665],[122.803655,39.5853683],[122.802334,39.5868174],[122.796696,39.5848795],[122.7855138,39.5766601],[122.7727774,39.5867595],[122.7713612,39.5858303],[122.7669436,39.5917937],[122.7585348,39.59443],[122.751118,39.6025877],[122.7525991,39.5989717],[122.7581271,39.5939294],[122.7621369,39.5915787],[122.7675034,39.5905535],[122.7679574,39.5876173],[122.7710075,39.5848101],[122.7742532,39.5841225],[122.7813227,39.5783873],[122.7828692,39.5769164],[122.7821276,39.5749379],[122.7842653,39.5759964],[122.7859738,39.574326],[122.7894782,39.5740076],[122.7994305,39.5673666],[122.8015669,39.5643147],[122.7726486,39.5550795],[122.7372783,39.5397435],[122.7234113,39.5351896],[122.7140236,39.5471689],[122.7127127,39.5468964],[122.7192873,39.5376404],[122.7129581,39.5340642],[122.7009779,39.5424995],[122.7004319,39.5400247],[122.7097785,39.5353259],[122.7041202,39.5310381],[122.69377,39.5361199],[122.69112,39.5352099],[122.7012357,39.5298358],[122.695314,39.5258365],[122.6871472,39.5289571],[122.6874179,39.526807],[122.6896626,39.5269584],[122.6901623,39.5236656],[122.6854515,39.5210386],[122.6832747,39.5229987],[122.6805496,39.5230417],[122.6793479,39.5196684],[122.6811504,39.5190062],[122.6819229,39.5156294],[122.6806139,39.5149209],[122.6788115,39.5149871],[122.677507,39.5167773],[122.673125,39.516747],[122.6663165,39.5226231],[122.6666385,39.5246463],[122.6705414,39.5263484],[122.6616297,39.5253671],[122.6624415,39.5272458],[122.6571193,39.5312256],[122.6546567,39.5300428],[122.6519054,39.530502],[122.6520858,39.533104],[122.6492082,39.5390523],[122.6505162,39.541654],[122.6535201,39.5425862],[122.6512559,39.5426348],[122.6523203,39.5478658],[122.6514814,39.5496117],[122.6485316,39.5399149],[122.6457352,39.539741],[122.6415496,39.5410766],[122.6404942,39.5409027],[122.648234,39.5381409],[122.6482881,39.5352399],[122.6431012,39.5366174],[122.6481979,39.5349755],[122.6472778,39.5320048],[122.6429569,39.534739],[122.636659,39.5355664],[122.6495766,39.5297292],[122.6463833,39.5287482],[122.6402763,39.5311207],[122.6370379,39.5310651],[122.6465276,39.5278993],[122.6520243,39.5288939],[122.6566654,39.5243062],[122.6425256,39.5189957],[122.6357301,39.5221695],[122.6348983,39.5203991],[122.6371334,39.520405],[122.636,39.5192419],[122.6405726,39.5182209],[122.6408069,39.5171187],[122.639511,39.507148],[122.6358966,39.5036946],[122.6365313,39.5024223],[122.6350021,39.5012574],[122.6342546,39.4962914],[122.6321679,39.4937728],[122.6268571,39.494359],[122.6261007,39.4951372],[122.6279603,39.4989228],[122.6258524,39.5001905],[122.6233826,39.4998066],[122.6170884,39.495091],[122.6194488,39.4940994],[122.6190086,39.4925509],[122.6172526,39.4926071],[122.6232786,39.4878848],[122.622025,39.4855763],[122.6230375,39.4837805],[122.6228157,39.4827215],[122.621431,39.4817028],[122.6204223,39.4819517],[122.6228938,39.483742],[122.6202116,39.4853454],[122.6172346,39.4835355],[122.5967879,39.480179],[122.5941952,39.4771896],[122.5906249,39.4780728],[122.5886059,39.4764251],[122.5896695,39.4754407],[122.5880355,39.476222],[122.5867968,39.4747635],[122.5902579,39.4697214],[122.5895313,39.4687861],[122.5731252,39.4626475],[122.5704053,39.4625813],[122.5704657,39.466118],[122.5692517,39.4671907],[122.5741026,39.4709055],[122.5666011,39.4706003],[122.5633386,39.4674455],[122.5615702,39.4706352],[122.5638639,39.4631997],[122.5620995,39.4531966],[122.5677906,39.4358517],[122.5693558,39.4266846],[122.5573503,39.4251369],[122.5620167,39.4136521],[122.5487342,39.3973138],[122.5356894,39.3946908],[122.5135266,39.404996],[122.5079284,39.4143997],[122.5060751,39.4145061],[122.5019837,39.4224295],[122.4985292,39.421562],[122.5008783,39.413847],[122.5005276,39.4071577],[122.4925303,39.4021688],[122.4838498,39.4023521],[122.4843334,39.4100682],[122.4833593,39.4046509],[122.4518255,39.4032733],[122.4505187,39.4182377],[122.4262744,39.4154963],[122.4260087,39.4167858],[122.4057288,39.4167881],[122.3895703,39.4144619],[122.3880364,39.4178552],[122.3867783,39.4178644],[122.3859155,39.4166213],[122.3872211,39.4143604],[122.3862074,39.4140552],[122.3875378,39.4139809],[122.3880271,39.4107007],[122.3869776,39.410424],[122.3883569,39.4104004],[122.3908608,39.4030781],[122.3872872,39.4018485],[122.3831603,39.4065286],[122.3816198,39.4061554],[122.3911689,39.3927437],[122.3668511,39.3823572],[122.3644976,39.3924057],[122.3624579,39.3916232],[122.3642293,39.3856326],[122.3569586,39.3835696],[122.357215,39.3824106],[122.3536901,39.3806404],[122.3548986,39.3735531],[122.3562885,39.3725517],[122.3573813,39.367972],[122.3624088,39.3691797],[122.354962,39.364943],[122.3527625,39.3680829],[122.3562729,39.3693142],[122.3545506,39.371565],[122.3516184,39.3717781],[122.3527642,39.3752831],[122.3489321,39.3755302],[122.349204,39.3771984],[122.3538983,39.377376],[122.3521592,39.3872249],[122.3529781,39.3796886],[122.3444328,39.3758507],[122.340385,39.3819215],[122.336213,39.3848388],[122.3358218,39.3828796],[122.3373301,39.3829511],[122.3350951,39.3826511],[122.3338078,39.3802202],[122.3307221,39.3826027],[122.3392026,39.3698083],[122.3433761,39.3577227],[122.3195401,39.3458148],[122.2881758,39.3652459],[122.286761,39.3697529],[122.2882733,39.3722546],[122.2847623,39.3697976],[122.2856877,39.3662391],[122.2990841,39.3566325],[122.3020804,39.3517802],[122.315036,39.3433466],[122.3118289,39.3414081],[122.3132781,39.3348295],[122.3074473,39.3312014],[122.3049994,39.3271343],[122.3020231,39.3254331],[122.3008363,39.3344996],[122.2915318,39.3473661],[122.290005,39.3473164],[122.2645495,39.3215292],[122.2637274,39.3193881],[122.2511002,39.3212983],[122.2529728,39.3199451],[122.2520134,39.3191901],[122.253493,39.3180019],[122.2530732,39.3166027],[122.256406,39.3171524],[122.2559474,39.316228],[122.2602697,39.3144337],[122.2596623,39.3102113],[122.2625417,39.303371],[122.2607494,39.3053526],[122.2591411,39.3048778],[122.2605265,39.3043406],[122.2591863,39.304573],[122.2597256,39.3030861],[122.2579354,39.3042684],[122.2570448,39.301897],[122.2430126,39.2904299],[122.2459772,39.2881739],[122.2452738,39.2872761],[122.2430554,39.2861302],[122.2398841,39.28727],[122.2406008,39.2839439],[122.2424674,39.2837139],[122.2368416,39.2791778],[122.2429797,39.2746251],[122.2304689,39.2687199],[122.2276712,39.2751643],[122.2227769,39.2734826],[122.2261997,39.2682709],[122.2241621,39.2672349],[122.2110523,39.2664083],[122.2105312,39.2699076],[122.2070638,39.2676012],[122.2069177,39.264981],[122.2090825,39.2638142],[122.2049028,39.2592693],[122.2049615,39.2521618],[122.2071127,39.252251],[122.2076116,39.2533934],[122.207397,39.2429578],[122.1988139,39.2429246],[122.2044852,39.243806],[122.2044066,39.2490912],[122.1962592,39.247029],[122.2037736,39.2493188],[122.2041069,39.2570352],[122.2005076,39.2561739],[122.1991019,39.257888],[122.1987898,39.2644177],[122.1980562,39.2596529],[122.19482,39.26165],[122.1944276,39.2633952],[122.1962238,39.2641905],[122.1912991,39.263411],[122.19382,39.2628001],[122.19416,39.2613899],[122.1850973,39.2601561],[122.1868964,39.2564666],[122.1845502,39.2557283],[122.1873454,39.2517597],[122.1966349,39.2511838],[122.1862936,39.2511028],[122.1820959,39.259558],[122.1796501,39.25898],[122.1675301,39.2509299],[122.16658,39.2478399],[122.15768,39.24688],[122.1520899,39.2441401],[122.14325,39.2370101],[122.1393284,39.2335053],[122.13937,39.2306901],[122.1339377,39.2252909],[122.138445,39.2211669],[122.1341087,39.2184686],[122.1248924,39.2251728],[122.1150601,39.22075],[122.1085302,39.213667],[122.1058813,39.2060797],[122.1104933,39.2019693],[122.1179501,39.20126],[122.1068277,39.178145],[122.0840237,39.1830943],[122.07131,39.1925347],[122.0698069,39.1924297],[122.0597577,39.2031169],[122.0588887,39.2026649],[122.0685849,39.19125],[122.0842516,39.1792988],[122.083278,39.1768714],[122.0774603,39.1755011],[122.0835114,39.1766073],[122.0850342,39.175735],[122.0847478,39.1772311],[122.0883179,39.1782935],[122.1046418,39.1764638],[122.1026355,39.1718269],[122.0962679,39.173898],[122.0934007,39.1728791],[122.0945741,39.1683646],[122.0971531,39.1732575],[122.1033436,39.1711449],[122.1048027,39.1687722],[122.1075466,39.1743513],[122.1124175,39.1736006],[122.1095851,39.1629265],[122.1036829,39.1620089],[122.1176588,39.1623339],[122.1243901,39.1606],[122.1265246,39.1633442],[122.1288447,39.1637019],[122.1333099,39.1598999],[122.1379501,39.15813],[122.15016,39.1579701],[122.1554284,39.1540548],[122.1627841,39.1551571],[122.1643323,39.1528908],[122.1548799,39.14927],[122.1531174,39.1500606],[122.15384,39.1535],[122.1507099,39.1548393],[122.1377462,39.1526562],[122.1372742,39.151246],[122.1393126,39.1510122],[122.12749,39.1500999],[122.1261801,39.1491901],[122.1265399,39.14739],[122.1248276,39.1480818],[122.12325,39.1460801],[122.11893,39.14823],[122.1170675,39.1466382],[122.11368,39.14691],[122.1117499,39.14317],[122.1137499,39.14139],[122.11145,39.1406],[122.10821,39.1362199],[122.1046853,39.13632],[122.10133,39.1336],[122.0992555,39.1344043],[122.0966108,39.1323554],[122.0947299,39.1329],[122.0898101,39.1311901],[122.0891221,39.129812],[122.0911037,39.1254143],[122.09023,39.1236201],[122.08419,39.1233884],[122.08097,39.1259799],[122.0776658,39.1246643],[122.0765951,39.1230188],[122.0777199,39.12236],[122.0761198,39.1227658],[122.0754138,39.1216213],[122.0757969,39.1185557],[122.0786647,39.1187938],[122.07978,39.1159601],[122.0853601,39.1178],[122.08144,39.11546],[122.08113,39.1134001],[122.07488,39.1129699],[122.0709101,39.1140899],[122.06989,39.11588],[122.0672601,39.11599],[122.0607099,39.11221],[122.0554601,39.11114],[122.05295,39.1134299],[122.0522401,39.11702],[122.05384,39.1206399],[122.05199,39.1237],[122.05141,39.11779],[122.0486326,39.1133836],[122.0419398,39.1160146],[122.0402312,39.1184764],[122.0408736,39.1203399],[122.0383805,39.121706],[122.0396505,39.1218293],[122.032025,39.1249323],[122.0307479,39.1244718],[122.0343668,39.1203586],[122.0348242,39.1215546],[122.0382692,39.1208435],[122.039543,39.115594],[122.0424119,39.1133631],[122.0354103,39.1111255],[122.03653,39.10945],[122.0346978,39.1056324],[122.0361,39.1041701],[122.0385701,39.1040699],[122.0383401,39.09713],[122.0402388,39.0943423],[122.0437225,39.0929457],[122.04273,39.08869],[122.0437901,39.08357],[122.0490853,39.0825606],[122.04922,39.08413],[122.0513142,39.0839986],[122.0525052,39.0857619],[122.05355,39.08057],[122.05586,39.0807101],[122.05721,39.0779],[122.06085,39.0770301],[122.0625801,39.0703701],[122.06641,39.06757],[122.06265,39.0657299],[122.0630201,39.06266],[122.0597199,39.06264],[122.05875,39.06109],[122.05309,39.0661799],[122.0464899,39.0671501],[122.0448099,39.06919],[122.0308157,39.0692284],[122.0281653,39.0748916],[122.0187498,39.0781864],[122.0141581,39.0784767],[122.0136643,39.0777067],[122.012664,39.0774801],[122.0135802,39.0778509],[122.0139863,39.0785583],[122.0143918,39.0807858],[122.008759,39.0799119],[122.0094542,39.0789861],[122.0137935,39.0792977],[122.0130961,39.0779059],[122.003855,39.0764858],[121.9968724,39.0739514],[121.9950199,39.07186],[121.9891862,39.0712285],[121.9787148,39.0662557],[121.9785681,39.0636556],[121.9810821,39.0631126],[121.9792545,39.0618132],[121.978163,39.0624379],[121.9787685,39.0605568],[121.9751099,39.0593601],[121.9733306,39.0573524],[121.97416,39.05652],[121.97338,39.0536901],[121.9682864,39.0495615],[121.9691447,39.0479009],[121.96706,39.04619],[121.9684001,39.04517],[121.9678165,39.0409277],[121.9647647,39.0374849],[121.96301,39.0310001],[121.9555191,39.0372049],[121.9487699,39.03652],[121.9430799,39.04264],[121.94077,39.0426099],[121.9400899,39.04441],[121.93581,39.0443699],[121.93279,39.04819],[121.9294901,39.0481599],[121.9274763,39.0529805],[121.9249765,39.0521835],[121.9196741,39.0538137],[121.916759,39.0576546],[121.9149565,39.0580741],[121.9130867,39.0562266],[121.9150745,39.0571261],[121.9143128,39.0539727],[121.9098496,39.0545559],[121.9097699,39.0570689],[121.9128799,39.0568157],[121.9145313,39.0580311],[121.9089055,39.0588381],[121.90587,39.0615364],[121.9065022,39.0593213],[121.9055051,39.0578363],[121.8993461,39.0549012],[121.8949926,39.0556224],[121.8982165,39.0533864],[121.8986196,39.0492186],[121.9008149,39.0494144],[121.9008556,39.0477536],[121.899823,39.0485556],[121.8984163,39.047179],[121.9007116,39.0430946],[121.9081527,39.0406257],[121.9108231,39.0410988],[121.9122273,39.0434229],[121.9138939,39.0410112],[121.9150846,39.036813],[121.9147499,39.0321101],[121.9129499,39.03183],[121.9131799,39.02772],[121.9145193,39.0258096],[121.9193128,39.0258905],[121.9221522,39.0197682],[121.9140585,39.0171924],[121.9118536,39.0141032],[121.9125392,39.0156741],[121.9035323,39.0200912],[121.9089675,39.0261205],[121.9091062,39.0279221],[121.9020976,39.03187],[121.8958399,39.03128],[121.8886359,39.0282963],[121.8809364,39.0298079],[121.8690345,39.0354705],[121.8666024,39.0313836],[121.8610638,39.0333039],[121.8605828,39.032426],[121.8518623,39.0354507],[121.8531371,39.0377299],[121.8458007,39.0384705],[121.8463405,39.0417401],[121.8375312,39.0432362],[121.8443623,39.0387683],[121.8422966,39.0291357],[121.841023,39.0278979],[121.8433333,39.0267396],[121.8453209,39.0278977],[121.8601171,39.0162028],[121.8739024,39.0088601],[121.8696786,39.0040133],[121.8750761,39.0011437],[121.8789315,39.0033342],[121.8930424,38.9958303],[121.8961952,38.9993792],[121.8978488,38.9985137],[121.9008046,39.0014766],[121.8916972,38.9908361],[121.8925968,38.9902368],[121.8915687,38.9889116],[121.8935702,38.9869671],[121.8934964,38.9805137],[121.895347,38.9793748],[121.894079,38.9783025],[121.8940362,38.9748791],[121.8956469,38.9726877],[121.895784,38.9697036],[121.8978488,38.9700233],[121.8972662,38.9721748],[121.8982257,38.9721615],[121.8982343,38.9705762],[121.9009588,38.9705762],[121.9011473,38.972308],[121.9011216,38.9701032],[121.9036951,38.9696],[121.9116458,38.9696267],[121.9137792,38.9708457],[121.9057599,38.9649704],[121.8998054,38.967142],[121.8968068,38.9669022],[121.8954702,38.9660096],[121.8962413,38.9647972],[121.8923774,38.962459],[121.8914863,38.9631784],[121.8897557,38.9618727],[121.8865428,38.9636181],[121.8865428,38.9585684],[121.8807254,38.9560767],[121.8794574,38.9569161],[121.8754735,38.953918],[121.8752593,38.9520192],[121.8618339,38.9437169],[121.855314,38.9414379],[121.8583127,38.942784],[121.8573188,38.9445565],[121.8443732,38.9475017],[121.8474918,38.947535],[121.8487084,38.9498337],[121.8432766,38.951666],[121.8419743,38.9496805],[121.838196,38.9492541],[121.8383845,38.9501802],[121.8343234,38.9508998],[121.8347518,38.9530053],[121.8330383,38.9530652],[121.8334753,38.9511463],[121.8318303,38.9519859],[121.828052,38.9553771],[121.8283004,38.9565897],[121.8256891,38.957697],[121.8275808,38.960527],[121.8355199,38.9618046],[121.8355143,38.9646373],[121.8283004,38.9646174],[121.8324471,38.9651703],[121.8326699,38.9701862],[121.8290715,38.9712919],[121.8293885,38.9724909],[121.8279657,38.972662],[121.8269703,38.9708728],[121.819182,38.9705395],[121.8121508,38.963759],[121.8162511,38.9603094],[121.8015312,38.9715365],[121.8090748,38.9732303],[121.8116965,38.9755615],[121.8074812,38.9793712],[121.8050309,38.9781124],[121.8075412,38.979631],[121.8028742,38.9838821],[121.8047902,38.9903134],[121.8004329,38.9933024],[121.7986414,38.9981335],[121.7989066,39.0016503],[121.7958587,39.0035058],[121.7951183,39.0058136],[121.7925086,39.0071783],[121.7884659,39.0122993],[121.7901202,39.018317],[121.7845632,39.0218292],[121.7842485,39.0232874],[121.7777603,39.0246297],[121.776776,39.0260043],[121.7692229,39.0259808],[121.7658988,39.030638],[121.7629261,39.0300361],[121.762253,39.0318036],[121.7617177,39.0305886],[121.7601322,39.0313649],[121.7610549,39.0324135],[121.7545877,39.0298098],[121.7445182,39.0295568],[121.7351171,39.0358409],[121.730318,39.0371323],[121.7203256,39.0354615],[121.7196058,39.0360488],[121.7162853,39.0359464],[121.7165411,39.0350521],[121.7198052,39.0350569],[121.7172148,39.0288644],[121.7189802,39.0273399],[121.7179861,39.0264079],[121.719443,39.0267274],[121.7192373,39.0252894],[121.7210541,39.0245038],[121.7205827,39.0234186],[121.722091,39.0225797],[121.7224595,39.0242109],[121.7202742,39.0273199],[121.7331962,39.0315302],[121.7383084,39.0275074],[121.7400302,39.0245985],[121.7438792,39.0263083],[121.7466079,39.0226111],[121.7427526,39.0208805],[121.7453913,39.0172928],[121.747833,39.018198],[121.745537,39.0171929],[121.7478501,39.014071],[121.7521509,39.0153225],[121.7486983,39.0129127],[121.7520565,39.0083189],[121.7579251,39.0096304],[121.7435149,39.0032459],[121.7415444,39.0056892],[121.7387772,39.004684],[121.7361213,39.0055494],[121.728762,39.0008358],[121.7283312,39.0024856],[121.71724,39.00249],[121.7158308,39.0042124],[121.7121073,39.0049324],[121.7019406,39.0023656],[121.7015545,39.0031456],[121.706299,39.0052125],[121.7069939,39.0074926],[121.7083237,39.0070792],[121.7076288,39.0086059],[121.7092846,39.0080992],[121.7075602,39.0103192],[121.7105201,39.0110726],[121.7100396,39.0121125],[121.7120215,39.0133125],[121.7098938,39.0159523],[121.7063762,39.0147057],[121.7064362,39.0156523],[121.7048748,39.0150923],[121.7051579,39.0159056],[121.7032189,39.0162989],[121.7005593,39.0106526],[121.6995898,39.0108459],[121.7014258,39.0172521],[121.698054,39.018172],[121.6965691,39.0147294],[121.6974449,39.0193452],[121.6961751,39.0191786],[121.6955542,39.0173341],[121.6958683,39.0190066],[121.6936219,39.0181055],[121.6936956,39.0170922],[121.6905984,39.0171188],[121.6906156,39.0079192],[121.6872181,39.0063458],[121.6898778,39.0079459],[121.6899121,39.0129458],[121.687158,39.0135858],[121.6861542,39.0109792],[121.6852277,39.0112059],[121.6859827,39.0164322],[121.6816111,39.0164413],[121.6815985,39.0170922],[121.6804832,39.0178187],[121.6809551,39.0094926],[121.6783984,39.0100259],[121.678364,39.0064592],[121.6737685,39.0052171],[121.6721866,39.0063972],[121.673702,39.0055245],[121.6758692,39.0060997],[121.675433,39.0073443],[121.6780294,39.0066659],[121.6780466,39.0085259],[121.6739284,39.0085326],[121.6759875,39.0092326],[121.6749408,39.0114259],[121.6716463,39.0112126],[121.6745376,39.0117325],[121.6739027,39.0140458],[121.6672192,39.0144391],[121.6656149,39.015139],[121.6654261,39.0173988],[121.6563404,39.0156923],[121.666061,39.0109592],[121.66196,39.0048791],[121.6657092,39.0104392],[121.6608361,39.0127125],[121.6550044,39.0048546],[121.637839,39.0029588],[121.6377603,39.0014598],[121.6454972,38.9998295],[121.6546713,38.9998611],[121.6546744,38.9978349],[121.6668329,38.9939586],[121.6607846,38.9915658],[121.6598591,38.9898657],[121.6609043,38.9889644],[121.6596643,38.9849589],[121.6648336,38.9798087],[121.6617564,38.9748875],[121.6573947,38.9722125],[121.6617075,38.9672182],[121.6572674,38.9721454],[121.6560284,38.9715368],[121.6575021,38.9724375],[121.6561675,38.9734175],[121.6511413,38.9700496],[121.6559339,38.9654672],[121.6508181,38.9698961],[121.6495219,38.9690651],[121.6505044,38.9661466],[121.6436456,38.9617721],[121.6438866,38.9603379],[121.6431607,38.9580347],[121.6427558,38.9647341],[121.6395026,38.9637179],[121.6401699,38.9603811],[121.638205,38.9640566],[121.636438,38.9632673],[121.6382623,38.960834],[121.6365155,38.962043],[121.6374095,38.960474],[121.63435,38.9631429],[121.6346659,38.9603754],[121.6340527,38.9591199],[121.6333969,38.9584826],[121.6344067,38.9622122],[121.6315825,38.962048],[121.6311807,38.9667067],[121.629347,38.9666177],[121.630488,38.9616953],[121.6276103,38.9603181],[121.6302123,38.9572174],[121.6322745,38.9583193],[121.629988,38.9568985],[121.62813,38.9587235],[121.6255123,38.9571852],[121.6269701,38.9556706],[121.6250295,38.9570542],[121.6213712,38.9542359],[121.6240052,38.9527273],[121.6245945,38.9540824],[121.6267143,38.9540817],[121.6267203,38.9515488],[121.6252835,38.9502422],[121.6191162,38.9496506],[121.6167146,38.9508657],[121.611179,38.9499345],[121.6124765,38.9455277],[121.610534,38.9451683],[121.611347,38.9422865],[121.6099324,38.9413045],[121.6140339,38.9415877],[121.6096099,38.9406093],[121.6089595,38.9387123],[121.6146843,38.939724],[121.6161732,38.9357171],[121.6076246,38.9338267],[121.6084375,38.932096],[121.6047106,38.9290861],[121.6080494,38.930501],[121.6116965,38.9277353],[121.6138559,38.928621],[121.6145407,38.9277345],[121.6141778,38.9287448],[121.6164043,38.9302388],[121.6185503,38.9292013],[121.6171435,38.931637],[121.6180729,38.9320295],[121.6193907,38.9299792],[121.6217183,38.9308579],[121.6204262,38.9339199],[121.6223943,38.9346854],[121.6242769,38.9316833],[121.6259518,38.9323192],[121.6248417,38.9341196],[121.6294711,38.9343326],[121.6282303,38.9363494],[121.6366934,38.9396175],[121.6375748,38.9388987],[121.6441034,38.9437076],[121.6453303,38.944378],[121.6423558,38.942345],[121.6468764,38.9396287],[121.6421963,38.9347638],[121.6457043,38.9333528],[121.6415204,38.9335928],[121.6424758,38.9303392],[121.6468551,38.9314017],[121.6504543,38.9380017],[121.6523315,38.9374077],[121.6495965,38.9323323],[121.65243,38.9314497],[121.6552086,38.9364482],[121.6565117,38.9359735],[121.6537955,38.930951],[121.6567102,38.930288],[121.6595627,38.9350023],[121.6609434,38.9345107],[121.6583034,38.9295473],[121.6619818,38.9283387],[121.6646266,38.9331786],[121.6662508,38.9326539],[121.6681029,38.9356166],[121.666235,38.9313486],[121.6723985,38.9327015],[121.6741643,38.9293063],[121.6735379,38.927944],[121.6769411,38.9269469],[121.6771292,38.9270761],[121.6778446,38.928811],[121.6749563,38.9300756],[121.6785501,38.9290121],[121.6791723,38.9274847],[121.7065389,38.9204901],[121.7146107,38.9169959],[121.7159535,38.9142029],[121.7135138,38.9059711],[121.71736,38.90425],[121.7139771,38.8969018],[121.7123653,38.8967745],[121.70601,38.88719],[121.70623,38.8838499],[121.70775,38.88233],[121.7070635,38.8794811],[121.705074,38.8791624],[121.703072,38.8724187],[121.7006781,38.872506],[121.6996585,38.8708047],[121.6959399,38.87089],[121.6963535,38.8693268],[121.6953146,38.8687435],[121.6966065,38.8681245],[121.6950427,38.8674163],[121.6964433,38.867177],[121.6921554,38.8656788],[121.6930656,38.8644132],[121.6893747,38.8636612],[121.6908519,38.8656032],[121.6902799,38.8667199],[121.6834617,38.8670588],[121.6835385,38.8726409],[121.6813036,38.8736379],[121.6785519,38.8720985],[121.6808017,38.873902],[121.6789179,38.8760555],[121.6742912,38.8729057],[121.6751462,38.8724369],[121.6739612,38.8714305],[121.6771212,38.870049],[121.6773446,38.8684328],[121.6716317,38.8646897],[121.6724929,38.8628744],[121.6714582,38.8621316],[121.6669919,38.8641597],[121.6638231,38.8637873],[121.6640935,38.8611388],[121.6628838,38.8604025],[121.6638637,38.8612105],[121.6624915,38.8638377],[121.6567519,38.8622725],[121.6553386,38.860644],[121.6429533,38.8629128],[121.6337,38.8623501],[121.63078,38.8608907],[121.6291399,38.8636871],[121.6225246,38.8623825],[121.6121126,38.8639447],[121.6110033,38.8662162],[121.6049663,38.868743],[121.6031089,38.8710353],[121.5916122,38.8745746],[121.5836411,38.8738011],[121.5785609,38.8763558],[121.5754684,38.8753134],[121.5764185,38.8749372],[121.5736499,38.8759271],[121.5709708,38.8749497],[121.571859,38.8746212],[121.5684999,38.8744745],[121.5703517,38.8747437],[121.5692495,38.8786071],[121.5666618,38.8776757],[121.5678155,38.8767777],[121.5671303,38.8744563],[121.5693946,38.8735429],[121.5674832,38.8740282],[121.5650766,38.8754559],[121.5646776,38.8741568],[121.5645377,38.8763161],[121.5608714,38.8758145],[121.5575692,38.871148],[121.557773,38.8694195],[121.5551628,38.8693318],[121.5538246,38.867689],[121.5543287,38.8661223],[121.5525639,38.8652298],[121.5498338,38.8647965],[121.547612,38.8661222],[121.5425778,38.8636557],[121.5408063,38.8649449],[121.5384804,38.8646567],[121.5398661,38.8632285],[121.5453101,38.8618944],[121.5465005,38.8594914],[121.5455683,38.8579412],[121.5424729,38.8585524],[121.5404939,38.8574101],[121.5410189,38.8541322],[121.5362901,38.8465528],[121.532351,38.8442377],[121.5291161,38.8477231],[121.5204123,38.8450067],[121.5162585,38.8411056],[121.5196209,38.8417352],[121.5208414,38.8379427],[121.5197052,38.8355876],[121.5178786,38.8341805],[121.5168834,38.8337265],[121.5177788,38.8357156],[121.5151155,38.8363036],[121.5164876,38.8393148],[121.5160996,38.8409792],[121.5146151,38.8363017],[121.512434,38.835951],[121.5168655,38.8330892],[121.5188282,38.8339562],[121.5145796,38.8289275],[121.5139382,38.8260796],[121.5112578,38.8254937],[121.5101428,38.8224165],[121.5086564,38.8219436],[121.5105415,38.8257418],[121.5060845,38.8286017],[121.5086105,38.8324302],[121.5070269,38.833104],[121.5029856,38.8272686],[121.5052072,38.8247928],[121.5080882,38.8247695],[121.507027,38.8216156],[121.5031884,38.8188534],[121.5009778,38.8193019],[121.5004312,38.8179893],[121.4970425,38.8173176],[121.4956606,38.8149359],[121.4932754,38.8155168],[121.4931448,38.8143376],[121.4900475,38.8133064],[121.4917741,38.8155013],[121.4886524,38.8169302],[121.4918461,38.8156408],[121.4922332,38.8169372],[121.496427,38.8180864],[121.4973111,38.8197032],[121.4950018,38.8196994],[121.49677,38.8212499],[121.4931584,38.8240955],[121.4908731,38.8240136],[121.4910848,38.8218265],[121.49063,38.8239901],[121.4865197,38.8232603],[121.4872569,38.818604],[121.4862717,38.8239178],[121.4814445,38.8244877],[121.47985,38.82206],[121.4767368,38.8215531],[121.4708801,38.8180132],[121.4688872,38.8203103],[121.4674501,38.8183],[121.46219,38.81861],[121.4605799,38.81731],[121.4504301,38.81615],[121.4459753,38.8181247],[121.4398801,38.8183201],[121.42493,38.8114401],[121.42274,38.81385],[121.4239801,38.8172101],[121.42214,38.81872],[121.41669,38.81274],[121.40484,38.81451],[121.4008538,38.8139102],[121.4018102,38.8148317],[121.3909167,38.8129652],[121.3873496,38.8169081],[121.3855517,38.8171416],[121.384784,38.8157951],[121.3813482,38.8169264],[121.3810654,38.8186158],[121.3799232,38.8178997],[121.3752606,38.8193247],[121.3741145,38.820957],[121.3613801,38.8203201],[121.36014,38.8240199],[121.35832,38.82465],[121.3569465,38.8237431],[121.3544885,38.824498],[121.3540189,38.8232639],[121.3538999,38.8244687],[121.3455199,38.82472],[121.344055,38.824065],[121.3446715,38.8208255],[121.333175,38.8195184],[121.3347,38.8202513],[121.3349839,38.8220635],[121.3334223,38.8219719],[121.3312799,38.8214135],[121.3322996,38.819617],[121.327918,38.8205837],[121.3204966,38.8150907],[121.31711,38.8110901],[121.3204007,38.8080077],[121.3208733,38.8036503],[121.3182956,38.8029131],[121.3180596,38.8012987],[121.3149659,38.8010892],[121.3137299,38.7986897],[121.3075592,38.7968975],[121.3090621,38.7930218],[121.30553,38.7941001],[121.2943782,38.7932045],[121.2909748,38.7958409],[121.2880988,38.7947605],[121.292105,38.7931352],[121.2906984,38.7896101],[121.2849469,38.7880941],[121.2830324,38.7897592],[121.2832246,38.792089],[121.2773935,38.7907087],[121.277484,38.7895346],[121.2823608,38.7897155],[121.2830506,38.7883411],[121.2810705,38.7874643],[121.2766467,38.7877591],[121.2767967,38.789875],[121.2747845,38.7880582],[121.271386,38.7886907],[121.2705495,38.7903743],[121.2758645,38.789447],[121.2771754,38.7907455],[121.2711858,38.7913262],[121.2698955,38.7926139],[121.2619032,38.7906492],[121.2604865,38.7924789],[121.2553989,38.7933703],[121.2544301,38.7973299],[121.2555997,38.7997992],[121.2571275,38.8001402],[121.2577241,38.79887],[121.2621681,38.8002592],[121.2619337,38.8011299],[121.2638709,38.8016443],[121.2618352,38.8014349],[121.2616613,38.802546],[121.2636283,38.803023],[121.2584045,38.8022412],[121.2557241,38.8006007],[121.2546879,38.8037298],[121.2508578,38.8027069],[121.2480814,38.8051261],[121.2440869,38.8063229],[121.2426985,38.8042322],[121.2369409,38.8020301],[121.2351251,38.8046167],[121.2291393,38.8034835],[121.2245625,38.8004126],[121.2264239,38.799146],[121.222574,38.7951824],[121.2172705,38.7960596],[121.2212107,38.7944334],[121.2199821,38.7913414],[121.2212795,38.7907762],[121.216014,38.7833056],[121.2178366,38.7749874],[121.21906,38.77471],[121.2236747,38.7824872],[121.2259787,38.7842368],[121.2344854,38.7864215],[121.2367841,38.7899024],[121.2428143,38.7904579],[121.2425401,38.7922557],[121.2429651,38.7904684],[121.2445319,38.7900298],[121.2490335,38.7934942],[121.2478901,38.7964599],[121.2504593,38.7998194],[121.2484971,38.7959379],[121.25209,38.7921752],[121.2497593,38.7902095],[121.24816,38.7854301],[121.24341,38.77817],[121.23337,38.76646],[121.2307899,38.76449],[121.2246843,38.7640954],[121.21894,38.75956],[121.2196811,38.7579491],[121.2165351,38.756706],[121.2142199,38.7515299],[121.21348,38.7417499],[121.2053101,38.7341801],[121.19771,38.72354],[121.19282,38.7223099],[121.18822,38.7227499],[121.1807201,38.72135],[121.1698699,38.72298],[121.1600401,38.7223099],[121.1540799,38.72478],[121.14589,38.7243999],[121.132979,38.7263435],[121.1332002,38.7311507],[121.1366491,38.7334933],[121.1356521,38.7349],[121.13285,38.7340799],[121.1329973,38.7356236],[121.1314899,38.73611],[121.13144,38.73791],[121.133607,38.7398357],[121.13331,38.74127],[121.1306901,38.7417499],[121.1325119,38.7445362],[121.1272401,38.74811],[121.13075,38.75202],[121.1300401,38.75381],[121.1273899,38.75479],[121.13012,38.75714],[121.1300499,38.7599701],[121.1265099,38.7635101],[121.1242401,38.7624399],[121.1219299,38.7631801],[121.1237001,38.7639799],[121.1231599,38.76602],[121.1195801,38.7651901],[121.11896,38.7639],[121.1197001,38.7667401],[121.11886,38.7677501],[121.1145999,38.7674201],[121.1142,38.77024],[121.11629,38.7720701],[121.11219,38.7717599],[121.11347,38.774952],[121.1094601,38.7755599],[121.11006,38.7778799],[121.10873,38.7786301],[121.11131,38.78035],[121.1145801,38.7805201],[121.11778,38.7837799],[121.1250645,38.7815969],[121.1286458,38.7791605],[121.1334701,38.7795401],[121.1403801,38.78504],[121.143775,38.7916129],[121.1426503,38.7953442],[121.1399541,38.796156],[121.1359329,38.7957958],[121.1293765,38.7916067],[121.1223149,38.7951022],[121.1263213,38.7934376],[121.1280845,38.7960295],[121.129293,38.7959826],[121.131557,38.8008153],[121.1280074,38.8027405],[121.131748,38.8073925],[121.1306654,38.8081941],[121.133242,38.8092067],[121.1353124,38.8077571],[121.1389954,38.8108662],[121.1369707,38.8108831],[121.1379576,38.8116612],[121.136279,38.8122396],[121.1377333,38.8128962],[121.135818,38.8126726],[121.1369156,38.8132878],[121.1345901,38.8174107],[121.1312339,38.8174099],[121.1288683,38.8139184],[121.1292134,38.811836],[121.1270891,38.8107512],[121.1288088,38.8094286],[121.1264433,38.8091937],[121.1243012,38.8062951],[121.1261283,38.8093716],[121.1213947,38.812279],[121.1218882,38.8139677],[121.1204533,38.8156083],[121.1161995,38.8146999],[121.1152592,38.8034635],[121.1176174,38.7984256],[121.1148102,38.8035253],[121.1146752,38.8172216],[121.1125701,38.8196501],[121.1100911,38.8203187],[121.1123734,38.8240016],[121.11376,38.8303301],[121.1113703,38.8320713],[121.1133873,38.8354143],[121.1133623,38.8382026],[121.1120329,38.8381758],[121.1113828,38.8407666],[121.1082597,38.8439888],[121.1060868,38.8515025],[121.1087648,38.8541151],[121.1090258,38.8581393],[121.1057953,38.8586678],[121.1035806,38.8610989],[121.1032194,38.8584813],[121.1025912,38.8593685],[121.1028045,38.8619395],[121.1042471,38.8643282],[121.1063481,38.8648739],[121.1029971,38.8619333],[121.105897,38.8588459],[121.1062581,38.8587626],[121.1067957,38.8596369],[121.1069378,38.8596602],[121.1064937,38.8589309],[121.1083384,38.8583466],[121.1095831,38.8594399],[121.1072362,38.8627945],[121.1080049,38.8643612],[121.1088842,38.8647941],[121.1078195,38.862249],[121.10996,38.8606843],[121.1118802,38.8614473],[121.1119004,38.8651381],[121.1144124,38.8665558],[121.1146061,38.8690647],[121.1166376,38.8733936],[121.1184917,38.8741387],[121.114861,38.868721],[121.1178185,38.8671726],[121.1201988,38.8676677],[121.1214015,38.8701328],[121.1254999,38.87109],[121.1223762,38.8747807],[121.1282684,38.8785074],[121.1264941,38.8807373],[121.1204453,38.8827078],[121.1206668,38.8857743],[121.1277103,38.8858661],[121.1283014,38.8888878],[121.1227767,38.887014],[121.1187541,38.8905613],[121.1123,38.89168],[121.10966,38.894384],[121.1027293,38.8925087],[121.1008225,38.8936048],[121.0973014,38.8928804],[121.089944,38.8951901],[121.0912556,38.8975275],[121.0886798,38.8976119],[121.0893506,38.8946665],[121.0874389,38.8960722],[121.088756,38.9017671],[121.0863228,38.905114],[121.0860366,38.9116463],[121.0880195,38.9175975],[121.0912248,38.9207322],[121.093947,38.9273635],[121.09909,38.93114],[121.1061105,38.9335527],[121.1071262,38.9353842],[121.1113433,38.9350293],[121.1132133,38.9376263],[121.1161563,38.9357907],[121.1180794,38.9362755],[121.1179684,38.9344179],[121.1206674,38.9363069],[121.1206917,38.9374138],[121.1155327,38.9367854],[121.1154312,38.9390087],[121.1191156,38.93926],[121.11867,38.9428799],[121.1150982,38.9473911],[121.1130974,38.9442961],[121.1144049,38.9477687],[121.1115873,38.9482642],[121.1140043,38.9488689],[121.1172699,38.9461999],[121.1210399,38.9466499],[121.1242601,38.94914],[121.1262501,38.9486599],[121.1330699,38.9519701],[121.13865,38.9523199],[121.14123,38.9542901],[121.1458201,38.9548799],[121.1511799,38.9511099],[121.1624099,38.9491099],[121.16434,38.9511901],[121.1673943,38.9512058],[121.1670746,38.9532526],[121.1683594,38.9542825],[121.1689262,38.9524799],[121.1705913,38.9539218],[121.1722917,38.9533053],[121.1737499,38.9559601],[121.1775541,38.9543956],[121.1758515,38.9545751],[121.1758368,38.9527823],[121.1795223,38.951329],[121.1856064,38.9539873],[121.188607,38.9531118],[121.1865683,38.953586],[121.1836201,38.9493099],[121.1879937,38.9464296],[121.1943119,38.9458835],[121.1925602,38.9455292],[121.1938671,38.9442993],[121.1913614,38.9440258],[121.1932764,38.9427549],[121.1894858,38.941947],[121.1918843,38.9390774],[121.1916399,38.9377401],[121.1931063,38.9371646],[121.194449,38.9398298],[121.1931982,38.9369722],[121.1989701,38.93401],[121.2008391,38.9336256],[121.2013379,38.9351713],[121.2013308,38.9340456],[121.2027353,38.9338446],[121.2067138,38.9399191],[121.2071561,38.9399006],[121.2031151,38.9338494],[121.2056026,38.9325682],[121.2130476,38.932174],[121.2190639,38.9335643],[121.2200126,38.9348486],[121.2226269,38.93389],[121.2233004,38.9350261],[121.2198981,38.9367971],[121.2224026,38.9392765],[121.2266657,38.93754],[121.2294123,38.9418707],[121.2284201,38.94614],[121.2295499,38.9471901],[121.2293201,38.9495],[121.23406,38.9508601],[121.2353299,38.95267],[121.23525,38.9490701],[121.23774,38.94847],[121.2387485,38.9557087],[121.2404902,38.9527289],[121.2406961,38.9542046],[121.2415375,38.9530854],[121.2436411,38.9536077],[121.24293,38.9511099],[121.24493,38.95013],[121.2478701,38.95106],[121.2478335,38.954027],[121.2456296,38.9529172],[121.2480868,38.9551214],[121.2501001,38.95405],[121.26027,38.9550999],[121.26086,38.9574201],[121.2651299,38.9577401],[121.263883,38.960501],[121.26505,38.9613299],[121.2697127,38.9617121],[121.2757866,38.9695784],[121.2928099,38.9693199],[121.2937828,38.9706583],[121.2966599,38.9710144],[121.2981039,38.9698494],[121.3026243,38.9709477],[121.3038101,38.97038],[121.3019212,38.9683843],[121.303088,38.9667598],[121.3104439,38.9656441],[121.3135999,38.96679],[121.3158638,38.9694689],[121.3186687,38.9694518],[121.3191501,38.9684101],[121.3192221,38.9697619],[121.31976,38.9698275],[121.3195926,38.9685161],[121.3242193,38.9697602],[121.3236842,38.971589],[121.326218,38.9721463],[121.3266708,38.9701996],[121.32766,38.9703299],[121.3292568,38.9741303],[121.3346249,38.9744692],[121.3381949,38.9805693],[121.338951,38.979271],[121.3358622,38.9750517],[121.3417412,38.9783085],[121.3439087,38.9839651],[121.3436236,38.9863864],[121.3410452,38.986054],[121.3382586,38.9903098],[121.3361916,39.0008909],[121.3435033,39.0012828],[121.3437286,39.0024834],[121.3233766,39.001767],[121.3207001,39.0005401],[121.3171761,39.0022856],[121.3176708,39.0044056],[121.3157102,39.0065489],[121.3172326,39.0080558],[121.3157461,39.0102075],[121.3132681,39.0110337],[121.3152634,39.0132812],[121.3145762,39.0150997],[121.3153259,39.0162572],[121.3167199,39.01563],[121.31878,39.01207],[121.323305,39.0127762],[121.323548,39.0160628],[121.32933,39.0180001],[121.32708,39.02284],[121.32886,39.02364],[121.3299599,39.0262201],[121.3326347,39.0252647],[121.33408,39.02627],[121.3335014,39.0274494],[121.33898,39.02763],[121.33911,39.02918],[121.3427602,39.0319255],[121.3432449,39.0353217],[121.341912,39.0355719],[121.3420043,39.0319704],[121.3416738,39.0355983],[121.3402799,39.0354899],[121.3374874,39.0366295],[121.3424842,39.0394501],[121.34318,39.0426405],[121.3458935,39.0437076],[121.3596559,39.0419102],[121.3659293,39.0478963],[121.3673535,39.0519559],[121.3662189,39.0560071],[121.3681541,39.0585606],[121.3728225,39.060587],[121.3797986,39.059211],[121.3783693,39.0584471],[121.3811722,39.0557863],[121.3789996,39.0545866],[121.3799518,39.0514268],[121.390053,39.0430404],[121.3937799,39.0431599],[121.393784,39.0411154],[121.4059625,39.0353633],[121.4062965,39.033757],[121.4044879,39.0318111],[121.4063966,39.0268541],[121.4046835,39.0255222],[121.4096347,39.0256788],[121.4305274,39.0217628],[121.4310209,39.0226119],[121.4297992,39.0228476],[121.4362681,39.025551],[121.4574607,39.028476],[121.4583052,39.017057],[121.4671988,39.0188898],[121.4662035,39.023029],[121.4748759,39.0248062],[121.4762538,39.0215037],[121.4815613,39.0226925],[121.4832672,39.0250115],[121.48573,39.0241101],[121.4920251,39.0260145],[121.4936099,39.0252401],[121.4938719,39.0265781],[121.5128399,39.0345999],[121.51475,39.0377099],[121.5270466,39.0448215],[121.5258516,39.0464283],[121.5275901,39.0458299],[121.5286251,39.0482404],[121.5508223,39.0569736],[121.554075,39.059949],[121.5558602,39.0637885],[121.5653883,39.0722519],[121.5836337,39.0736747],[121.5842177,39.0716282],[121.5875675,39.0711113],[121.5907271,39.0754162],[121.6120707,39.0932343],[121.6123149,39.0947031],[121.6100138,39.0966106],[121.6053827,39.0949814],[121.5716942,39.1218548],[121.5701063,39.1219047],[121.559356,39.1298282],[121.574033,39.1402806],[121.5869077,39.1517298],[121.6334591,39.11731],[121.6314538,39.113947],[121.6363247,39.1110001],[121.5914682,39.0745802],[121.5884838,39.0700932],[121.5875588,39.0645763],[121.5930735,39.0691703],[121.5968326,39.0698398],[121.5967038,39.0682655],[121.5986484,39.0682197],[121.6091654,39.0747583],[121.609785,39.0733798],[121.6137828,39.0748749],[121.6145512,39.0765469],[121.6171288,39.0748749],[121.6204119,39.075183],[121.6235071,39.0730466],[121.633839,39.0760805],[121.6360921,39.0776015],[121.6311729,39.0846421],[121.6405438,39.087388],[121.6520766,39.0938011],[121.6560049,39.0895039],[121.6735645,39.1037118],[121.6796668,39.1137856],[121.6800906,39.1228032],[121.6785267,39.1228736],[121.677015,39.1249678],[121.6778788,39.130508],[121.6730353,39.1272414],[121.6689875,39.1263257],[121.668609,39.1271614],[121.6735177,39.12827],[121.6673531,39.1335682],[121.6717131,39.1310679],[121.6764134,39.1330207],[121.6722398,39.1357764],[121.6769059,39.1335923],[121.6761719,39.1377292],[121.6741334,39.1359151],[121.6682727,39.1381471],[121.6644116,39.1353976],[121.6656318,39.1347468],[121.6642883,39.1331033],[121.6674434,39.1299742],[121.6621396,39.133367],[121.663158,39.1355183],[121.6600137,39.1363974],[121.663888,39.1357952],[121.6653932,39.1370727],[121.6673347,39.1431975],[121.6600587,39.141579],[121.6593039,39.1419201],[121.6644091,39.143461],[121.6615311,39.1442976],[121.6623663,39.1475913],[121.6551309,39.1494565],[121.6520773,39.1484473],[121.6488243,39.1501271],[121.64863,39.1572099],[121.6451101,39.1598701],[121.64215,39.1594499],[121.64153,39.1576401],[121.6402,39.15814],[121.64095,39.1619999],[121.6366039,39.1684006],[121.6294954,39.1657926],[121.6268374,39.1683354],[121.6232067,39.1694925],[121.6143512,39.1672696],[121.606561,39.1694437],[121.5976965,39.1677825],[121.5942577,39.1778065],[121.597902,39.1785768],[121.5950162,39.1851634],[121.598247,39.1865101],[121.5974222,39.1891231],[121.5950117,39.1906346],[121.5913811,39.1882635],[121.5901675,39.1888796],[121.5894604,39.1872724],[121.58392,39.1929099],[121.5846527,39.1995523],[121.5882683,39.2014646],[121.5964399,39.20218],[121.59882,39.1984799],[121.6044689,39.2001906],[121.6076055,39.2040733],[121.6082358,39.2123745],[121.5926116,39.218402],[121.5906543,39.2241303],[121.591158,39.2257038],[121.5994794,39.2243834],[121.5987738,39.2221387],[121.5998878,39.221559],[121.6004674,39.2239357],[121.604214,39.2236594],[121.6048527,39.227063],[121.6090365,39.2274784],[121.6119084,39.2264585],[121.6096766,39.220969],[121.6122687,39.226482],[121.6151418,39.2257052],[121.6136964,39.2213352],[121.6156527,39.2256672],[121.6241821,39.2247499],[121.6263918,39.2240252],[121.623518,39.218034],[121.6290439,39.2250392],[121.6271747,39.2212347],[121.6291084,39.2206126],[121.6330858,39.2276342],[121.6190094,39.2340293],[121.6223023,39.2385125],[121.6328091,39.2318701],[121.6310657,39.2334321],[121.6347297,39.2356243],[121.6342944,39.236795],[121.6365516,39.2368742],[121.6381392,39.2410095],[121.6349066,39.2442252],[121.6272638,39.244166],[121.6263499,39.2464045],[121.6241176,39.246855],[121.6242706,39.2483823],[121.6201349,39.2458173],[121.6213618,39.2439437],[121.6191894,39.2450931],[121.6161599,39.2435018],[121.6139027,39.2496417],[121.6111564,39.2527425],[121.6092775,39.2525865],[121.6091254,39.2539268],[121.6110988,39.2540605],[121.6095777,39.2541624],[121.6085457,39.256082],[121.6096188,39.2571421],[121.6073535,39.2569925],[121.6065025,39.2584854],[121.6077852,39.2595359],[121.6058817,39.2591953],[121.6069506,39.2602044],[121.6044469,39.2600484],[121.6061284,39.2581417],[121.6025393,39.2602171],[121.59794,39.2595901],[121.5940276,39.2541881],[121.5948145,39.2536684],[121.5930196,39.2538548],[121.5911418,39.2572654],[121.5920598,39.2588158],[121.5902767,39.2607188],[121.590406,39.2631198],[121.5877088,39.2674598],[121.5893842,39.2711488],[121.5917219,39.2732711],[121.5940701,39.2717399],[121.60396,39.2725099],[121.6059701,39.27111],[121.61127,39.27066],[121.61648,39.2741899],[121.61781,39.2738201],[121.62197,39.28068],[121.62459,39.28135],[121.6283201,39.2772799],[121.6350465,39.2780347],[121.6359912,39.2756155],[121.6384826,39.2749609],[121.6376415,39.2748989],[121.6373582,39.2736743],[121.6465501,39.2739143],[121.64818,39.27469],[121.6463279,39.2749396],[121.6452747,39.2768867],[121.6523139,39.2797755],[121.6542555,39.2771755],[121.6612599,39.2739401],[121.6613672,39.272243],[121.6700113,39.2738532],[121.6698155,39.2765954],[121.6715616,39.2774889],[121.6727372,39.2745467],[121.6877104,39.283303],[121.6864683,39.2836483],[121.6869413,39.2855851],[121.6858171,39.2828202],[121.6836359,39.2825581],[121.6846718,39.2861163],[121.6883657,39.2892294],[121.6875793,39.2901862],[121.6854769,39.2889365],[121.6838668,39.2903374],[121.6856356,39.2919736],[121.6835925,39.2905534],[121.6820461,39.2933235],[121.6830637,39.2941177],[121.6814632,39.2944188],[121.6801198,39.2929561],[121.6761516,39.3000238],[121.6753219,39.2996298],[121.6767558,39.2976447],[121.6662624,39.2934391],[121.6684419,39.2920991],[121.6637267,39.2906251],[121.6587528,39.2966277],[121.6731619,39.3022445],[121.6716316,39.3035973],[121.6697438,39.3023152],[121.6688693,39.3030286],[121.6716745,39.3054972],[121.667866,39.3026281],[121.6664607,39.3032441],[121.6693024,39.3051757],[121.6675929,39.3067589],[121.666103,39.3065363],[121.6678724,39.304746],[121.665086,39.3033916],[121.6626856,39.3073871],[121.6712979,39.3122516],[121.6727696,39.30983],[121.6743713,39.3095464],[121.6755596,39.3085602],[121.6737728,39.3092708],[121.6737309,39.3080239],[121.6757775,39.3074524],[121.67887,39.3089226],[121.680136,39.3118446],[121.6824534,39.3118114],[121.682668,39.310533],[121.6890624,39.3132226],[121.6856721,39.3171902],[121.6808441,39.313953],[121.6800287,39.3147167],[121.6942337,39.3231496],[121.7167947,39.3048931],[121.719063,39.3045748],[121.7171735,39.3037675],[121.7191218,39.3020385],[121.7240482,39.2991827],[121.7260353,39.3016074],[121.7278519,39.3013484],[121.7230799,39.3052799],[121.726322,39.3076888],[121.7296108,39.3051546],[121.7429419,39.3154129],[121.7304513,39.3081909],[121.729327,39.3126132],[121.7315919,39.3131395],[121.7318838,39.3206903],[121.7306096,39.3177274],[121.7259688,39.3177396],[121.726092,39.3193643],[121.7214743,39.3191072],[121.7198645,39.3127635],[121.7142331,39.313529],[121.7153787,39.3178167],[121.720754,39.3170284],[121.7154795,39.3182957],[121.7160003,39.3216525],[121.7192022,39.3270839],[121.7183156,39.3314815],[121.7135844,39.3339299],[121.7151473,39.3337402],[121.7079318,39.3407273],[121.7179183,39.3535813],[121.7283315,39.3535425],[121.7284881,39.3567226],[121.7200233,39.3567932],[121.7216963,39.3575762],[121.7216963,39.3592158],[121.7200746,39.3600328],[121.7312573,39.3599987],[121.7238609,39.3627786],[121.7242278,39.3641629],[121.7260328,39.3637771],[121.7264691,39.3663362],[121.7226712,39.365885],[121.7201899,39.36705],[121.7229284,39.3703882],[121.7263147,39.3704506],[121.7256101,39.36917],[121.7327615,39.3762882],[121.73622,39.37673],[121.73565,39.38109],[121.73744,39.38226],[121.7443901,39.38272],[121.7452801,39.3791399],[121.7526636,39.3751361],[121.7550373,39.3759655],[121.76672,39.3733301],[121.772156,39.3689012],[121.7725269,39.3711399],[121.7849372,39.3696091],[121.7848727,39.3677337],[121.7980768,39.3663933],[121.7977697,39.3690382],[121.8019997,39.3692846],[121.8024688,39.3668167],[121.8022059,39.3693192],[121.8067586,39.3695707],[121.8064818,39.3673911],[121.8073404,39.3694403],[121.8105054,39.3695482],[121.8108921,39.3674801],[121.8131427,39.3677928],[121.8126458,39.3695399],[121.81107,39.3693387],[121.8109547,39.3696083],[121.8130588,39.3698219],[121.8140071,39.3688228],[121.8182838,39.3706015],[121.8201142,39.3682774],[121.8217745,39.3685101],[121.8216207,39.3669979],[121.8239955,39.3687949],[121.8461654,39.3698354],[121.8478163,39.3696518],[121.84708,39.3626741],[121.8487114,39.3695051],[121.8535135,39.3709407],[121.8443569,39.3888197],[121.8421711,39.3870033],[121.8411823,39.3880763],[121.8408114,39.3864872],[121.8357613,39.3837863],[121.8352142,39.3847742],[121.8356427,39.3837141],[121.833575,39.3827937],[121.8343323,39.3819997],[121.8264323,39.3817851],[121.8264812,39.3829303],[121.8260712,39.381914],[121.8206277,39.3816519],[121.8203136,39.3763989],[121.8156035,39.3764475],[121.8162882,39.3810678],[121.8188417,39.3809766],[121.818788,39.3823946],[121.8110043,39.3835349],[121.8107897,39.382461],[121.8101191,39.3836095],[121.800136,39.383767],[121.7902333,39.3856183],[121.7818757,39.3837825],[121.7806726,39.3896879],[121.7799749,39.3898787],[121.7812566,39.3850323],[121.7754334,39.3846467],[121.775065,39.3831175],[121.7711685,39.3823018],[121.7696314,39.3866274],[121.7707576,39.382717],[121.7570628,39.3828527],[121.7564947,39.3839641],[121.7527871,39.3817866],[121.7506457,39.3839257],[121.7514485,39.3857344],[121.7489153,39.3856931],[121.7449281,39.3898804],[121.7401906,39.3894772],[121.739917,39.3907375],[121.7352775,39.3917678],[121.7337392,39.3892823],[121.7227462,39.3853649],[121.7222218,39.3871233],[121.7279215,39.3939671],[121.7228448,39.3899208],[121.7138547,39.3988846],[121.714898,39.3996888],[121.7111604,39.4043355],[121.7084205,39.4038599],[121.7086498,39.4081519],[121.7042805,39.4074815],[121.7026075,39.3941598],[121.7009921,39.3938665],[121.7024016,39.3907272],[121.7047533,39.3908964],[121.7059475,39.3826393],[121.7042376,39.3823397],[121.7074764,39.3824734],[121.7136294,39.373409],[121.7122373,39.3738905],[121.7102332,39.370277],[121.7054721,39.3661672],[121.7065832,39.3640957],[121.7025218,39.3612292],[121.700283,39.3651097],[121.7017431,39.3602038],[121.6992567,39.3587008],[121.6972813,39.3631129],[121.6988937,39.3586012],[121.6822507,39.3537495],[121.6840741,39.3484785],[121.6776697,39.3472055],[121.6737744,39.3583006],[121.6792486,39.3605806],[121.6733195,39.3585694],[121.674718,39.3544929],[121.6602682,39.3511374],[121.6617542,39.3480303],[121.6579805,39.3469632],[121.6519816,39.3576683],[121.6579737,39.3462446],[121.6473601,39.3445306],[121.6471493,39.3463962],[121.6332249,39.3430697],[121.6299874,39.3435661],[121.6268331,39.333451],[121.6189045,39.3289075],[121.565363,39.3234324],[121.5620135,39.3279297],[121.5549204,39.3246271],[121.5542659,39.3223157],[121.5489035,39.3174866],[121.5475158,39.3139132],[121.551355,39.3101596],[121.5493667,39.3104995],[121.550016,39.311189],[121.5478246,39.3130774],[121.5467077,39.3120383],[121.5455031,39.3155614],[121.5458032,39.3127015],[121.5451474,39.3124601],[121.5442492,39.3153617],[121.5451491,39.3167712],[121.5422684,39.3194232],[121.544268,39.3248408],[121.5421128,39.3258513],[121.5419412,39.3284282],[121.5561086,39.3316979],[121.559291,39.3271771],[121.5620986,39.3285413],[121.542027,39.3611664],[121.5429282,39.361013],[121.5437007,39.3636166],[121.5417092,39.3641122],[121.5419408,39.3559972],[121.5430053,39.3562275],[121.5473846,39.3461282],[121.5546588,39.3341132],[121.5439729,39.3334659],[121.5438441,39.3323871],[121.5398744,39.3317896],[121.5280083,39.3323705],[121.52818,39.3310261],[121.5205196,39.330329],[121.5203909,39.3002975],[121.519833,39.2835081],[121.5198544,39.2868132],[121.5175733,39.2870427],[121.5199188,39.2875439],[121.5197686,39.2968768],[121.5118722,39.2963289],[121.5132026,39.3226107],[121.5114001,39.3125341],[121.5107349,39.2895493],[121.512317,39.2879614],[121.5163225,39.287192],[121.5117166,39.287984],[121.5115289,39.2867841],[121.5103594,39.2867094],[121.5107242,39.288175],[121.5061162,39.286726],[121.5093724,39.2901388],[121.5105311,39.2894911],[121.5105472,39.2963828],[121.5035412,39.2959801],[121.502443,39.2852379],[121.4925871,39.2853516],[121.4969287,39.3138142],[121.4982575,39.3140031],[121.4991373,39.3204774],[121.4964551,39.3207596],[121.4909691,39.2819514],[121.4813115,39.2823997],[121.4792918,39.2838546],[121.4812241,39.283706],[121.484593,39.2984198],[121.4658175,39.3009105],[121.4638863,39.2948662],[121.4721475,39.327589],[121.4700661,39.3277716],[121.4681993,39.3177455],[121.4606944,39.2913617],[121.4697523,39.3263788],[121.442164,39.3312532],[121.4640769,39.327555],[121.4695409,39.3270204],[121.4696466,39.327882],[121.4368643,39.33378],[121.4327229,39.3260637],[121.4297745,39.3115646],[121.4240746,39.3023649],[121.4288233,39.3119616],[121.4324866,39.326163],[121.4375181,39.3361653],[121.4388433,39.3416809],[121.4425142,39.3463197],[121.4453039,39.3536903],[121.4378932,39.3552135],[121.4455622,39.3541118],[121.4501474,39.3626682],[121.438969,39.3658772],[121.4328957,39.3544146],[121.4337222,39.3574912],[121.4391147,39.3666254],[121.4396839,39.3664717],[121.4403936,39.3680687],[121.4394692,39.368497],[121.4512684,39.3657348],[121.4498833,39.3632727],[121.456091,39.3620695],[121.4628801,39.3751961],[121.4654909,39.3751205],[121.4659761,39.3766916],[121.4677926,39.3860373],[121.4675796,39.3984888],[121.4643744,39.4014132],[121.4667267,39.4077198],[121.4710303,39.4068297],[121.4714903,39.4032226],[121.4701384,39.4026381],[121.4698394,39.4012972],[121.4669144,39.3998277],[121.4699091,39.4011801],[121.4706829,39.4027169],[121.4728206,39.4027397],[121.4715761,39.4079333],[121.4662117,39.4087685],[121.4665496,39.410474],[121.4655351,39.4109517],[121.4662801,39.4103404],[121.464719,39.4033666],[121.4616787,39.4037397],[121.4622192,39.4057842],[121.4568025,39.4075375],[121.4556062,39.4093114],[121.4579451,39.411505],[121.4478385,39.418997],[121.4468193,39.4260478],[121.4456204,39.4273427],[121.4513764,39.4293731],[121.4541042,39.4255361],[121.453498,39.4242619],[121.4550081,39.4251652],[121.4496142,39.4338811],[121.4507259,39.4306027],[121.4466745,39.4288787],[121.4434176,39.4321394],[121.4460361,39.4289101],[121.44429,39.4272775],[121.446944,39.4182769],[121.4434907,39.4188954],[121.4431071,39.4227017],[121.4392246,39.4292343],[121.435145,39.4265223],[121.4376649,39.4197947],[121.4414066,39.4174139],[121.4413114,39.4156494],[121.4446749,39.4146776],[121.4433861,39.412106],[121.4425063,39.4023811],[121.4358652,39.404491],[121.4431795,39.4020537],[121.4444067,39.40993],[121.4483562,39.4093498],[121.4507702,39.4043003],[121.4453441,39.39351],[121.4519235,39.4056899],[121.4554755,39.4027412],[121.4534149,39.3940282],[121.4556793,39.4024407],[121.4598414,39.4011915],[121.4588678,39.3989883],[121.4589804,39.3885164],[121.4523567,39.3908453],[121.4533076,39.393282],[121.4519611,39.3909562],[121.4499763,39.3915802],[121.4504121,39.3927358],[121.4495578,39.3917792],[121.4398402,39.3952854],[121.4424741,39.4020848],[121.4344718,39.3856909],[121.4393319,39.3941629],[121.4573094,39.3877991],[121.4533532,39.37519],[121.4459918,39.3779144],[121.4514998,39.389755],[121.4456995,39.3780999],[121.439466,39.3804873],[121.4449156,39.3920232],[121.4391831,39.3806303],[121.4335444,39.382788],[121.4346609,39.3854525],[121.432957,39.3830632],[121.4305336,39.3838847],[121.431288,39.386405],[121.429446,39.3826812],[121.4263594,39.3815737],[121.421911,39.3832539],[121.4240259,39.3822536],[121.423348,39.3806226],[121.4245905,39.3819287],[121.4287332,39.3802173],[121.4269428,39.3812886],[121.4298037,39.3821217],[121.4306053,39.3834416],[121.4351986,39.3816068],[121.4334069,39.3784731],[121.4289089,39.3803069],[121.4308038,39.3793066],[121.428528,39.3766155],[121.4224353,39.3792071],[121.4228082,39.3807112],[121.4196432,39.3759696],[121.4204934,39.373523],[121.4187916,39.372845],[121.4211827,39.3688556],[121.4103734,39.3692102],[121.4077717,39.3650391],[121.4011225,39.3649655],[121.3990411,39.3619752],[121.3935131,39.3632526],[121.3913432,39.3622635],[121.3882935,39.3667322],[121.3777571,39.3733199],[121.3760251,39.3736308],[121.3732798,39.3717699],[121.3677934,39.3733157],[121.3640034,39.3754544],[121.3581938,39.3765087],[121.3569894,39.3772862],[121.3573193,39.3785592],[121.351794,39.3815695],[121.3435663,39.3802447],[121.3355787,39.3750667],[121.3287055,39.3759385],[121.3251878,39.3747297],[121.3215655,39.3793802],[121.3163902,39.3793273],[121.3162521,39.3804749],[121.3175113,39.3799866],[121.3164532,39.3824029],[121.3172793,39.3851767],[121.315324,39.3883443],[121.3152677,39.3920134],[121.3177568,39.3943764],[121.3211659,39.3928653],[121.3213724,39.3916714],[121.3239138,39.3914952],[121.322464,39.3931535],[121.3238481,39.3929296],[121.3337374,39.4097052],[121.3400996,39.4170541],[121.346903,39.4140621],[121.3535401,39.4209509],[121.3572282,39.4190198],[121.3631384,39.424525],[121.3510752,39.4295948],[121.3538781,39.4325345],[121.3615814,39.4327976],[121.3645452,39.446587],[121.3593075,39.4468478],[121.3621581,39.4453963],[121.3586631,39.441322],[121.3588938,39.4397746],[121.3541543,39.4369802],[121.3434228,39.4272412],[121.3399252,39.4299946],[121.3417203,39.4336377],[121.349435,39.4407731],[121.3389784,39.4377301],[121.3331225,39.433575],[121.3343435,39.4324807],[121.3298629,39.4284341],[121.3263237,39.4294145],[121.3256572,39.4280368],[121.3280886,39.4263742],[121.3264659,39.4239542],[121.3353467,39.4197916],[121.3220443,39.4084395],[121.3192347,39.4098979],[121.3115984,39.4041759],[121.3106469,39.402964],[121.3124326,39.4020744],[121.3061656,39.3947734],[121.2987077,39.4006174],[121.2986568,39.4039329],[121.2982947,39.4008635],[121.2968436,39.4040117],[121.297207,39.4012526],[121.2905216,39.4010215],[121.2911962,39.4056111],[121.28818,39.39899],[121.2904,39.3962],[121.2908001,39.3931201],[121.2956403,39.3922036],[121.2895,39.3923301],[121.2801101,39.38372],[121.27716,39.3826501],[121.27529,39.37851],[121.27098,39.3784499],[121.26872,39.3761101],[121.2627801,39.37563],[121.2601201,39.3759801],[121.2592201,39.3787999],[121.2620101,39.37986],[121.2623,39.3816601],[121.25795,39.3831299],[121.2585799,39.3846799],[121.2569199,39.3849199],[121.25662,39.38363],[121.24994,39.3863499],[121.2485699,39.3881299],[121.24759,39.3873401],[121.2436,39.38831],[121.2458801,39.38963],[121.24518,39.39142],[121.24695,39.3932399],[121.2460901,39.39451],[121.24873,39.3946801],[121.2503399,39.39676],[121.2530001,39.3960299],[121.25886,39.4001],[121.2601299,39.40243],[121.2604599,39.40885],[121.2564501,39.4172599],[121.2455,39.4181301],[121.2451001,39.42095],[121.2494091,39.423641],[121.2377014,39.4443891],[121.2516122,39.4223658],[121.2573075,39.4198414],[121.26062,39.4225899],[121.2664823,39.4205645],[121.2718414,39.4265658],[121.2693121,39.4298061],[121.2679683,39.4295627],[121.2690103,39.4310947],[121.266953,39.4308026],[121.2666567,39.4340717],[121.2640294,39.4382852],[121.2607209,39.4372598],[121.2596253,39.4384261],[121.2525026,39.4361019],[121.2552479,39.4377508],[121.2537539,39.4411563],[121.2556663,39.4424799],[121.2520105,39.4429646],[121.2455678,39.4536178],[121.2381797,39.4512034],[121.2997887,39.473676],[121.318312,39.4870705],[121.3228127,39.4876273],[121.3316372,39.4927215],[121.3432217,39.4973102],[121.3487416,39.5009612],[121.3491654,39.5024471],[121.3557342,39.5054314],[121.3634268,39.5057321],[121.3654305,39.5032916],[121.3721945,39.5030027],[121.3753901,39.50578],[121.3865712,39.4991055],[121.3848238,39.4934185],[121.3982276,39.4911077],[121.4041763,39.492118],[121.4049601,39.4954001],[121.44083,39.5071901],[121.44105,39.5120701],[121.4422101,39.51183],[121.44248,39.5146599],[121.44661,39.51548],[121.44819,39.51871],[121.46338,39.52148],[121.4766418,39.5268508],[121.478589,39.5220882],[121.4805794,39.5196877],[121.4766981,39.5270929],[121.4786251,39.5280368],[121.4799796,39.5231125],[121.4842451,39.5196982],[121.5021187,39.5302689],[121.4946138,39.5385695],[121.5284887,39.557454],[121.5281851,39.5582157],[121.524453,39.559551],[121.5214652,39.5568022],[121.5015149,39.5496094],[121.4981192,39.5518223],[121.4894772,39.5467056],[121.4788901,39.5349788],[121.4778632,39.5318456],[121.4787644,39.5287363],[121.47502,39.5293134],[121.4743495,39.5308733],[121.4734563,39.5295493],[121.4645594,39.5295658],[121.4632505,39.5262805],[121.4497751,39.5230054],[121.4448103,39.5183687],[121.4373672,39.5147891],[121.4375067,39.5135268],[121.4304042,39.5061847],[121.4186668,39.5028486],[121.4082062,39.5019442],[121.3998109,39.5035316],[121.4018494,39.5109568],[121.3918018,39.5127798],[121.3958627,39.5173445],[121.3951224,39.517839],[121.3906136,39.513084],[121.3805647,39.5192077],[121.3629037,39.5191612],[121.3620239,39.5217496],[121.3509062,39.5216916],[121.3501739,39.5175928],[121.3401908,39.5124632],[121.3370164,39.509384],[121.3284346,39.517448],[121.3272679,39.5168044],[121.3299957,39.5123101],[121.319806,39.5072112],[121.3242772,39.5022857],[121.3063373,39.4934511],[121.3061388,39.4909289],[121.3050015,39.4924855],[121.303246,39.4925031],[121.3032451,39.4911593],[121.2976053,39.4889004],[121.2962213,39.4891426],[121.2957922,39.4911215],[121.2942445,39.4910366],[121.2835264,39.4862715],[121.2802541,39.4906743],[121.2902105,39.4952343],[121.2826198,39.5053073],[121.2819868,39.50414],[121.2785241,39.508757],[121.2797713,39.5091419],[121.2791195,39.5124901],[121.2823409,39.5126205],[121.2823677,39.5140628],[121.2766412,39.5122894],[121.2763636,39.5136748],[121.2725481,39.5143028],[121.272064,39.5002125],[121.2634528,39.5004024],[121.2635279,39.4850128],[121.2532081,39.4849342],[121.2565649,39.4741212],[121.252744,39.4849445],[121.2243569,39.4847582],[121.2242657,39.4740176],[121.2271732,39.4644076],[121.2239371,39.4740901],[121.2232572,39.5179963],[121.224373,39.5249668],[121.2237266,39.5302547],[121.2284714,39.5349031],[121.2240726,39.545022],[121.2266502,39.5444139],[121.2297884,39.5551395],[121.2484136,39.5705466],[121.2577222,39.5804613],[121.2569457,39.5850541],[121.2832153,39.5959253],[121.2942553,39.596287],[121.2957975,39.5993189],[121.3002031,39.602328],[121.3082685,39.5974392],[121.3101467,39.5990663],[121.3124071,39.5981285],[121.3111331,39.5954933],[121.3166678,39.5937303],[121.3208856,39.5946842],[121.3199931,39.5971561],[121.335808,39.6024644],[121.3345145,39.6062503],[121.3364437,39.6017183],[121.3390599,39.6015979],[121.3396329,39.6003554],[121.3553908,39.6030068],[121.3679389,39.6010415],[121.3686383,39.6028115],[121.3690889,39.6028715],[121.3691305,39.6007051],[121.3828104,39.6008172],[121.3887294,39.6035514],[121.3888863,39.6010032],[121.4011788,39.6033468],[121.4043157,39.6045216],[121.4036076,39.6055714],[121.4053403,39.6062131],[121.406448,39.6052759],[121.4140078,39.6071327],[121.4152162,39.6085988],[121.4129497,39.6093809],[121.4149171,39.6148339],[121.418068,39.6182932],[121.421852,39.6188072],[121.4220504,39.617691],[121.4262012,39.6176057],[121.4269254,39.6129609],[121.4284006,39.6130792],[121.4291342,39.615568],[121.4290135,39.6134258],[121.4299938,39.6131251],[121.4394942,39.6152327],[121.4527336,39.6221522],[121.4574516,39.6272302],[121.4593345,39.6317161],[121.4570466,39.6326674],[121.4568534,39.6348818],[121.4570506,39.6358206],[121.4595236,39.6358376],[121.4593613,39.6367253],[121.4557695,39.6362541],[121.4584621,39.6370259],[121.4586546,39.6382322],[121.4581168,39.6414285],[121.4562392,39.6436488],[121.4514193,39.6447321],[121.4481108,39.6435084],[121.4478707,39.6419944],[121.4456727,39.6408512],[121.4457236,39.6395272],[121.4455694,39.6425139],[121.4475086,39.6421535],[121.4478935,39.644129],[121.4442256,39.6448823],[121.4439017,39.6433142],[121.4419142,39.6435636],[121.4424567,39.6464164],[121.4469159,39.6498137],[121.4453635,39.6506842],[121.4460857,39.651962],[121.450282,39.6516517],[121.452456,39.6534731],[121.4554252,39.6519816],[121.4571968,39.6489339],[121.4601043,39.6487945],[121.4626229,39.6499603],[121.462065,39.6523962],[121.4785096,39.6554447],[121.4773777,39.6502319],[121.4759199,39.6491972],[121.4802919,39.6491539],[121.4808592,39.6567152],[121.4838284,39.6567792],[121.4840591,39.6491735],[121.4848879,39.6594874],[121.4883117,39.6592737],[121.4886779,39.6492705],[121.4892934,39.6597238],[121.4939779,39.6586635],[121.4932859,39.6493108],[121.4944379,39.6575536],[121.5004742,39.65693],[121.5003012,39.655407],[121.5080783,39.6505788],[121.5087354,39.6485095],[121.5147811,39.6461758],[121.5163368,39.6407583],[121.5182278,39.6417084],[121.5188339,39.6406529],[121.518095,39.6357576],[121.5155087,39.6358185],[121.5152626,39.6328843],[121.5171334,39.635016],[121.5212667,39.6302877],[121.5226829,39.6253296],[121.5214223,39.6213505],[121.5230155,39.622617],[121.5276235,39.6135198],[121.5318346,39.6098789],[121.5337068,39.6059114],[121.5347689,39.6021048],[121.5327948,39.5962105],[121.5360552,39.583113],[121.5298404,39.5822023],[121.5295314,39.5798773],[121.5279378,39.5803348],[121.5270677,39.5785801],[121.5280678,39.5801593],[121.5294989,39.5796141],[121.5286695,39.5776714],[121.5256204,39.5756408],[121.5237991,39.5773518],[121.5255635,39.5755406],[121.5218396,39.5731339],[121.5204654,39.5739612],[121.521433,39.5728644],[121.514912,39.5702446],[121.522921,39.5730148],[121.5294501,39.5776651],[121.5310112,39.5815192],[121.5359793,39.5827725],[121.5365231,39.5810021],[121.5390733,39.5816364],[121.5358097,39.5959253],[121.5566744,39.5970957],[121.5559601,39.5979101],[121.5574099,39.6001101],[121.56244,39.6056901],[121.5680799,39.60576],[121.57612,39.6022699],[121.5851099,39.60083],[121.5907401,39.60142],[121.5969899,39.60432],[121.5973299,39.61489],[121.6008487,39.6178598],[121.6001745,39.6189105],[121.5967699,39.6152301],[121.5959899,39.60443],[121.5946699,39.6041599],[121.5943199,39.60544],[121.59368,39.60364],[121.5894001,39.6019101],[121.5754299,39.60328],[121.5737599,39.6039101],[121.57237,39.60697],[121.56703,39.60819],[121.565,39.6103501],[121.5597401,39.6075801],[121.55913,39.6052699],[121.5529,39.60121],[121.5447736,39.600716],[121.5387956,39.6051462],[121.5390189,39.6035824],[121.5369885,39.6023455],[121.5341319,39.6085513],[121.5341286,39.6116725],[121.5253309,39.6246804],[121.5243988,39.6290239],[121.5279038,39.6291995],[121.5294327,39.6228556],[121.5288989,39.6313763],[121.5313867,39.6320239],[121.530228,39.6343922],[121.5300087,39.6323012],[121.5251036,39.6309404],[121.522982,39.6389603],[121.528341,39.6410061],[121.5228847,39.6394291],[121.5200476,39.6457472],[121.5225998,39.6462677],[121.5221786,39.652043],[121.520741,39.6517147],[121.5211869,39.6468981],[121.5194978,39.6468568],[121.5111977,39.6545707],[121.5118039,39.6576744],[121.5166412,39.6572025],[121.4913889,39.6623725],[121.4957065,39.6724151],[121.5095382,39.669134],[121.5048287,39.6749754],[121.5030057,39.6741388],[121.4972368,39.6800865],[121.500486,39.6818153],[121.4984181,39.6845806],[121.5074489,39.6883677],[121.4998788,39.6872825],[121.5031917,39.6924341],[121.50356,39.69623],[121.50097,39.70802],[121.4953701,39.71359],[121.4890101,39.7152901],[121.4862338,39.7201792],[121.4731015,39.7322067],[121.4619525,39.7396039],[121.4590597,39.739484],[121.4553401,39.7415599],[121.4564967,39.7459443],[121.4751909,39.7524614],[121.4864098,39.7602068],[121.4899781,39.7670354],[121.4911509,39.7758888],[121.4942649,39.7747695],[121.4967218,39.7715762],[121.4992189,39.7717329],[121.4956221,39.7751034],[121.4852259,39.7796158],[121.4849603,39.7811927],[121.4833939,39.7815328],[121.4826804,39.7887736],[121.4781304,39.7888216],[121.4718991,39.7920579],[121.4703349,39.7911311],[121.4713807,39.7944324],[121.4699326,39.7959383],[121.4711835,39.7967684],[121.470522,39.7980414],[121.471619,39.8002423],[121.470463,39.8037083],[121.4728748,39.8043592],[121.4716775,39.8068517],[121.4750159,39.8087775],[121.472899,39.809593],[121.4746675,39.8092901],[121.4763867,39.8081635],[121.4763682,39.8095977],[121.4781614,39.8105965],[121.4762696,39.8115243],[121.4783771,39.8108616],[121.4793476,39.8099527],[121.4808109,39.8116266],[121.4861619,39.8099248],[121.4950301,39.81321],[121.4981407,39.8176137],[121.4984599,39.82105],[121.5006963,39.8208628],[121.5017214,39.8220038],[121.5001636,39.8239112],[121.50576,39.8287716],[121.506783,39.827195],[121.5082225,39.8274023],[121.513086,39.8308182],[121.5140575,39.8333909],[121.5099581,39.8338479],[121.5106676,39.8350849],[121.5147466,39.8337114],[121.5198719,39.840968],[121.5298578,39.8461906],[121.530242,39.8519783],[121.5277907,39.8518221],[121.5274654,39.8503177],[121.5272784,39.8515225],[121.5275711,39.8519407],[121.5298122,39.8525144],[121.5312808,39.8524639],[121.5340314,39.8543405],[121.53611,39.8587059],[121.5342727,39.863186],[121.5351847,39.8652448],[121.5380922,39.8645181],[121.5383792,39.8631963],[121.5412089,39.8640363],[121.5543383,39.8571988],[121.5553978,39.8572235],[121.5557764,39.8621581],[121.5558304,39.8606324],[121.5614075,39.8602517],[121.5591461,39.8600656],[121.5587846,39.8577526],[121.5646031,39.8570279],[121.5675831,39.8583045],[121.5779632,39.8585742],[121.58646,39.86045],[121.5880921,39.862564],[121.5881234,39.8613619],[121.5894458,39.861646],[121.5971947,39.8654033],[121.6093201,39.8665101],[121.6138297,39.8701444],[121.6126349,39.8714869],[121.6143259,39.8709823],[121.6201678,39.8741112],[121.6258836,39.8783907],[121.6316637,39.8850985],[121.6318461,39.8898588],[121.6341299,39.8927401],[121.6301617,39.8993702],[121.6330478,39.8980821],[121.643208,39.9001522],[121.6523892,39.8992818],[121.6610071,39.9014874],[121.6577133,39.9017096],[121.6559645,39.9037178],[121.6598913,39.9043968],[121.6610182,39.9027814],[121.6622277,39.9045153],[121.6649316,39.9030752],[121.663129,39.9045834],[121.6656508,39.9087496],[121.667346,39.9080296],[121.6657722,39.9089896],[121.6677803,39.9116404],[121.6696764,39.9112428],[121.6679204,39.9119592],[121.6705543,39.9154874],[121.67287,39.9147501],[121.67431,39.9181099],[121.675224,39.9168537],[121.6757377,39.920328],[121.677176,39.9208795],[121.6762435,39.9159444],[121.6803192,39.9159942],[121.6802514,39.91938],[121.6785718,39.9197832],[121.6786079,39.9199439],[121.6807077,39.9193457],[121.6816181,39.9159151],[121.6874813,39.9210928],[121.6874268,39.9248702],[121.6770013,39.9232848],[121.6811776,39.9250978],[121.6913247,39.925195],[121.6913451,39.9278306],[121.6940707,39.928705],[121.6956706,39.9273937],[121.6930756,39.9324791],[121.6946983,39.933599],[121.7048666,39.9341121],[121.7030936,39.9270312],[121.7041853,39.9253316],[121.7062519,39.9304841],[121.7146325,39.9287327],[121.713329,39.9253358],[121.7101566,39.9235215],[121.7134322,39.9242703],[121.7121166,39.9209039],[121.7095692,39.9202272],[121.710927,39.9193375],[121.7142557,39.9204493],[121.7146259,39.9224591],[121.7235495,39.9218307],[121.7235562,39.91896],[121.7337379,39.9186339],[121.7335287,39.9131103],[121.7357683,39.9126824],[121.7405085,39.9126921],[121.7400438,39.9215416],[121.7518106,39.923142],[121.7516175,39.9290156],[121.7563221,39.9294516],[121.7565139,39.9116383],[121.7581379,39.9124437],[121.7617509,39.9110694],[121.7612144,39.9129149],[121.7588045,39.9122838],[121.7584008,39.9234598],[121.7596883,39.9296881],[121.7684121,39.9324061],[121.7653692,39.9368989],[121.7691484,39.9326509],[121.7735258,39.9319763],[121.7768598,39.9325141],[121.7770958,39.9340504],[121.7884053,39.9346633],[121.7881606,39.9358639],[121.7794052,39.9356402],[121.7809528,39.9415312],[121.7873365,39.9412896],[121.776031,39.941999],[121.7805639,39.9432761],[121.7763039,39.9453545],[121.7809501,39.9442446],[121.7828183,39.9494563],[121.7796647,39.9506653],[121.7875001,39.9485505],[121.784551,39.9497791],[121.7921537,39.9561726],[121.7918131,39.9571564],[121.7970461,39.9592699],[121.8120235,39.9689628],[121.8098456,39.9706083],[121.8104169,39.9741264],[121.8056157,39.9735467],[121.7923978,39.9633662],[121.7867491,39.9781272],[121.796926,39.9803973],[121.8017091,39.9769999],[121.8064697,39.9808276],[121.8015267,39.984192],[121.8245789,40.001885],[121.8144536,40.0090491],[121.7950807,39.9920349],[121.7944846,39.9928296],[121.7647831,39.9860964],[121.7626896,39.9914713],[121.7677966,39.9952277],[121.7902359,39.9998406],[121.8154018,40.0205478],[121.8041486,40.0231944],[121.8124708,40.0224185],[121.8182737,40.0192532],[121.8286727,40.0238404],[121.8259033,40.0230344],[121.8243295,40.0243426],[121.8265021,40.0281094],[121.8308821,40.0260145],[121.8223192,40.0340294],[121.8389596,40.0364742],[121.8406212,40.0267847],[121.8405542,40.0331945],[121.8700196,40.0395094],[121.8705922,40.0320055],[121.8708497,40.035239],[121.8776813,40.0383543],[121.8727031,40.0483214],[121.8567145,40.0471069],[121.8531921,40.0411906],[121.8565361,40.0473225],[121.8728909,40.0485996],[121.8791673,40.0358335],[121.8839282,40.037922],[121.8843225,40.0386838],[121.8773957,40.0429571],[121.8806559,40.044991],[121.8863301,40.0413318],[121.88195,40.0446645],[121.891382,40.0538865],[121.8958814,40.051625],[121.8921867,40.0546266],[121.894193,40.056385],[121.900814,40.0611724],[121.9042285,40.0565503],[121.9060376,40.0570399],[121.9236168,40.0706026],[121.9284528,40.0772577],[121.930486,40.0834648],[121.9308373,40.0872653],[121.9296183,40.0897759],[121.9269535,40.0905824],[121.927734,40.0922106],[121.9268864,40.0951735],[121.9310492,40.0954731],[121.9403967,40.1032572],[121.9473963,40.1135111],[121.9505674,40.1137222],[121.9505957,40.1124393],[121.9550973,40.1108838],[121.9582025,40.1104445],[121.9598079,40.1115287],[121.964638,40.1098103],[121.9677108,40.1074744],[121.9688556,40.1044794],[121.9736788,40.1012499],[121.9794923,40.0935324],[121.9829103,40.0862464],[121.9801633,40.0802419],[121.9748228,40.0756569],[121.9795608,40.0578424],[121.9893766,40.0510519],[122.0050381,40.0511628],[122.0151207,40.056878],[122.0381276,40.0609362],[122.0445377,40.0654497],[122.0472799,40.065688],[122.0557855,40.062543],[122.0651227,40.0651483],[122.0674638,40.0634265],[122.0667617,40.0579094],[122.0679224,40.0550415],[122.0769789,40.053638],[122.0805452,40.0455514],[122.0799858,40.0436559],[122.0830551,40.0419837],[122.0847159,40.0374269],[122.0893594,40.0389034],[122.090622,40.0408408],[122.0968465,40.0420245],[122.1063098,40.0408898],[122.112818,40.0423168],[122.1210964,40.0401252],[122.1224607,40.0387235],[122.1216235,40.0372007],[122.1248138,40.03666],[122.1262677,40.0336277],[122.1303012,40.0331564],[122.1350593,40.0290916],[122.1435219,40.031247],[122.1476395,40.0348534],[122.1520677,40.0343008],[122.1539197,40.0320242],[122.1581278,40.0316257],[122.1697621,40.0258325],[122.1694987,40.0230921],[122.1754501,40.0132608],[122.1750593,40.0113391],[122.1813748,40.008121],[122.1856601,40.0089128],[122.1915016,40.0047073],[122.1922901,40.0009178],[122.1941128,39.999268],[122.1938765,39.9968387],[122.2013554,39.9963059],[122.2096739,39.9990738],[122.2135655,39.9988219],[122.2259364,40.0075285],[122.2263345,40.0113716],[122.231037,40.0131771],[122.2375183,40.0208293],[122.2436749,40.0162606],[122.2441717,40.010894],[122.2479813,40.0094896],[122.2571039,40.0026526],[122.2556493,39.9995712],[122.2562791,39.9938556],[122.2544113,39.988256],[122.2586342,39.9848338],[122.2646437,39.9827181],[122.2648873,39.9778021],[122.2669922,39.9767717],[122.2748709,39.9672532],[122.280049,39.9634728],[122.2814622,39.9659449],[122.2858392,39.9666621],[122.2901906,39.9714397],[122.2978582,39.9738193],[122.3052601,39.9796251],[122.3289108,39.9835699],[122.3388518,39.9810564],[122.3524778,39.9681129],[122.3556744,39.9668032],[122.3627629,39.9672206],[122.3682925,39.9647773],[122.3787162,39.96795],[122.3832408,39.9678156],[122.3842523,39.9664974],[122.3885913,39.9686762],[122.3935289,39.9692878],[122.3949253,39.9708167],[122.3963218,39.9692113],[122.3959228,39.9658094],[122.3980175,39.9644715],[122.4035536,39.9679117],[122.4122317,39.9707402],[122.4140261,39.9694006],[122.4127342,39.9672567],[122.4509203,39.9502374],[122.4721833,39.9381979],[122.4861298,39.9335928],[122.4919792,39.9339831],[122.496193,39.9260315],[122.5077289,39.9189943],[122.5102009,39.9197607],[122.5052352,39.9270265],[122.5114196,39.9331457],[122.5234773,39.9397854],[122.5305269,39.9403315],[122.5423311,39.9371682],[122.5521931,39.9376421],[122.554334,39.9425118],[122.5510181,39.946844],[122.5442635,39.951617],[122.5458149,39.9567398],[122.5528244,39.9687353],[122.5525117,39.9706532],[122.5503849,39.9729062],[122.5477729,39.9729062],[122.5408783,39.9692446],[122.5374189,39.9685705],[122.5347022,39.9698718],[122.5390073,39.9786242],[122.5402682,39.9896936],[122.5389347,39.9911532],[122.5297803,39.9921749],[122.5179249,39.9960343],[122.5149956,39.9994486],[122.5144628,40.0046178],[122.5186544,40.0080115],[122.5213367,40.0135213],[122.5311046,40.0152516],[122.534268,40.0145786],[122.5373775,40.0109864],[122.5399935,40.0118929],[122.5478249,40.0203635],[122.547142,40.0225761],[122.5446993,40.0242857],[122.5364522,40.0271215],[122.5314619,40.0303394],[122.5249744,40.0417012],[122.5246592,40.0439734],[122.5323734,40.0597774],[122.5387541,40.0610142],[122.546348,40.0561038],[122.5538283,40.0574618],[122.5556503,40.0566012],[122.5556907,40.0533655],[122.5593179,40.0523999],[122.5645473,40.0486843],[122.5699277,40.0509284],[122.5727866,40.0545425],[122.578397,40.0530151],[122.5841453,40.0541271],[122.590927,40.0517523],[122.6019715,40.0514678],[122.6125513,40.0629026],[122.6238015,40.0607393],[122.6410952,40.0624714],[122.6455736,40.0646801],[122.6473451,40.0629613],[122.6536871,40.0609464],[122.6584901,40.0639564],[122.6614855,40.0631389],[122.6662233,40.0654228],[122.6708874,40.0651519],[122.6846938,40.0694543],[122.6893801,40.0697277],[122.704704,40.0661573],[122.7089532,40.0698038],[122.708362,40.0746424],[122.7104128,40.0776103],[122.7148805,40.0789383],[122.7176801,40.0826297],[122.723166,40.0849046],[122.7227358,40.087304],[122.7280713,40.0934015],[122.7416327,40.0963103],[122.7483762,40.1013614],[122.7560959,40.1034437],[122.7586398,40.1067751],[122.7617551,40.1084021],[122.7653922,40.1078759],[122.7738683,40.1107206],[122.7778248,40.1080894],[122.7823822,40.1080982],[122.7922684,40.105291],[122.7953956,40.1015938],[122.8086436,40.102107],[122.8102909,40.1045797],[122.8103884,40.1100434],[122.812674,40.1112714],[122.8137384,40.114226],[122.8192271,40.1194055],[122.8253746,40.1211058],[122.8300491,40.1179828],[122.8464009,40.1238381],[122.8488819,40.1310207],[122.8531478,40.1332546],[122.8507897,40.1395841],[122.8444736,40.1424969],[122.8439461,40.1479263],[122.8427681,40.1491721],[122.8435848,40.154233],[122.8452954,40.1549739],[122.8488021,40.1533832],[122.8535785,40.1579586],[122.8536072,40.1610663],[122.8611116,40.1721775],[122.8601301,40.1742568],[122.8646008,40.1776707],[122.8632464,40.1806042],[122.8737109,40.1842235],[122.8761311,40.1942601],[122.8815247,40.1959503],[122.8852588,40.198644],[122.8886503,40.2039986],[122.8897534,40.1990937],[122.889151,40.1901529],[122.8904524,40.1868871],[122.893587,40.1844944],[122.8970399,40.1853605],[122.9105138,40.1842205],[122.9214208,40.179638],[122.9266663,40.1799699],[122.9322235,40.177809],[122.9348741,40.1730455],[122.9405285,40.1704412],[122.9373095,40.1657726],[122.9396905,40.1610163],[122.9394276,40.1550682],[122.9429935,40.1430318],[122.9413667,40.1352159],[122.9481083,40.1279988],[122.9518586,40.1265485],[122.9515169,40.1212128],[122.9643173,40.1172334],[122.9821379,40.1168206],[122.9917076,40.1111867],[122.9860888,40.1043289],[122.9796513,40.0999303],[122.9772974,40.0967406],[122.9802163,40.0936108],[122.9882258,40.0920891],[122.9903803,40.0901595],[122.9893384,40.0887329],[122.9911409,40.0825512],[122.9964276,40.0734565],[123.0002692,40.0700797],[123.0038827,40.0693722],[123.0099387,40.072027],[123.0165486,40.072084],[123.0237022,40.0686424],[123.0242043,40.0631601],[123.0269713,40.0598042],[123.044928,40.0560381],[123.0473427,40.0539385],[123.0530518,40.0533512],[123.0637533,40.0475991],[123.0681432,40.0423377],[123.0746918,40.0535279],[123.0891343,40.065441],[123.0922327,40.0700597],[123.0974302,40.0731622],[123.0988447,40.0713338],[123.107074,40.0679896],[123.1046921,40.065676],[123.1122251,40.0619304],[123.1159911,40.0648507],[123.1161847,40.0678755],[123.1208228,40.0712272],[123.1211065,40.0745942],[123.1284005,40.0779145],[123.134292,40.075646],[123.1359532,40.0713296],[123.1376602,40.0705499],[123.1459315,40.0706406],[123.1538896,40.0675842],[123.1622072,40.0661302],[123.1671352,40.0689922],[123.1694265,40.0665026],[123.1847992,40.0597117],[123.1932687,40.0653274],[123.2056785,40.0585756],[123.2108376,40.0526432],[123.2179938,40.0500274],[123.2192323,40.0462985],[123.2229029,40.04311],[123.2285032,40.0436559],[123.244031,40.0335045],[123.2503331,40.036002],[123.2515499,40.0378241],[123.2610933,40.0378419],[123.2663695,40.03295],[123.2706232,40.0312428],[123.2703146,40.0282768],[123.2745348,40.0219467],[123.2739521,40.0193954],[123.2804574,40.0091607],[123.2866121,40.0080988],[123.2889494,40.0106649],[123.2939169,40.0095636],[123.2939825,40.0145465],[123.295307,40.0172931],[123.3028142,40.0229165],[123.3194646,40.0160958],[123.3364868,40.0132409],[123.3501128,40.0057029],[123.3509414,40.0027241],[123.3556651,40.0001433],[123.3679802,40.002184],[123.3724304,39.9986906],[123.3739921,39.9999508],[123.3744139,40.0032442],[123.3820317,40.0104123],[123.3869715,40.0122006],[123.3957305,40.0097035],[123.3969818,40.0078603],[123.3993762,40.0071878],[123.4021139,39.998935],[123.4018512,39.9973501],[123.3951723,39.9916216],[123.3957863,39.9802719],[123.3888824,39.979133],[123.3822542,39.9735989],[123.37104,39.9696137],[123.377499,39.959051],[123.3774455,39.9556652],[123.3791349,39.9533186],[123.3874366,39.9528361],[123.3879685,39.9484149],[123.3901719,39.9490867],[123.3900295,39.9455779],[123.3876921,39.9467681],[123.384945,39.944724],[123.3876936,39.9429194],[123.3857107,39.9388199],[123.3853898,39.9343793],[123.3883008,39.9354973],[123.3931808,39.932913],[123.3891766,39.9288661],[123.3921996,39.9242922],[123.3926707,39.9254748],[123.3990337,39.9272931],[123.4016631,39.9333037],[123.405816,39.9334441],[123.410647,39.9318357],[123.4155139,39.9320449],[123.4238044,39.9275874],[123.4257136,39.9245505],[123.4312863,39.9211431],[123.4324596,39.9229555],[123.4364494,39.9232892],[123.43772,39.926336],[123.4427148,39.9269952],[123.4429918,39.9239428],[123.4413501,39.9207851],[123.4436686,39.9200042],[123.4449907,39.9241054],[123.4485401,39.9250991],[123.4482131,39.9270104],[123.4508841,39.9276477],[123.4520141,39.9250862],[123.4542434,39.9262209],[123.458586,39.9230428],[123.4527076,39.918599],[123.4532411,39.9167122],[123.4560642,39.9166454],[123.460629,39.9190208],[123.4647562,39.9233875],[123.4663018,39.9229246],[123.4748734,39.9084499],[123.4836899,39.9015871],[123.4849025,39.8978448],[123.4840458,39.8956414],[123.4750383,39.8899953],[123.4717276,39.8826408],[123.4691698,39.8814261],[123.4684171,39.8677487],[123.4773023,39.8584899],[123.4859923,39.8558694],[123.4944528,39.8504984],[123.4984968,39.8423234],[123.4957733,39.8322294],[123.4955978,39.8269654],[123.4987563,39.8187829]]],[[[121.2958699,39.59957],[121.2955883,39.6001084],[121.296102,39.6002417],[121.2958699,39.59957]]],[[[121.675316,39.9185275],[121.6749264,39.9192568],[121.6753017,39.9195406],[121.675316,39.9185275]]],[[[122.4251819,39.1666241],[122.420724,39.1683979],[122.4216883,39.1703004],[122.4267644,39.1682419],[122.4251819,39.1666241]]],[[[122.4205953,39.1710908],[122.4065351,39.1754575],[122.3984134,39.176048],[122.3973352,39.1773828],[122.4070072,39.180381],[122.4130851,39.1757943],[122.4140453,39.173349],[122.4191147,39.1732118],[122.4205953,39.1710908]]],[[[122.4135035,39.1981929],[122.4132112,39.1970039],[122.4127927,39.1970268],[122.4135035,39.1981929]]],[[[122.5879732,39.1987998],[122.5865623,39.2018262],[122.5845748,39.2015539],[122.5832391,39.202774],[122.5863907,39.2033435],[122.5892016,39.2019696],[122.5900304,39.1999909],[122.5879732,39.1987998]]],[[[122.4101776,39.2112059],[122.4105102,39.2104577],[122.4086863,39.2093729],[122.4086601,39.2097701],[122.4101776,39.2112059]]],[[[122.5930265,39.2056734],[122.5884694,39.2063842],[122.5880778,39.2083566],[122.5834617,39.2098696],[122.5835583,39.2110376],[122.5875601,39.21286],[122.5894141,39.2109751],[122.5909774,39.2114212],[122.592608,39.2164719],[122.5910658,39.2180679],[122.5934699,39.21853],[122.5953841,39.2206155],[122.5970622,39.2178749],[122.601698,39.2191651],[122.6024812,39.2215464],[122.6003489,39.2233438],[122.6032296,39.2246736],[122.6071617,39.2151814],[122.6045895,39.2127126],[122.5995281,39.2118294],[122.5970873,39.2095724],[122.5935066,39.2106074],[122.59138,39.20876],[122.5930265,39.2056734]]],[[[122.4512663,39.2145393],[122.447699,39.2142255],[122.44757,39.21561],[122.4510301,39.21666],[122.4512663,39.2145393]]],[[[122.5907654,39.2187453],[122.5897139,39.2189801],[122.59082,39.21929],[122.5907654,39.2187453]]],[[[122.6077008,39.2194581],[122.6074427,39.219575],[122.60766,39.2195999],[122.6077008,39.2194581]]],[[[122.4421898,39.2191505],[122.4436945,39.2210498],[122.4449122,39.2208586],[122.4431983,39.2185541],[122.4421898,39.2191505]]],[[[122.4948491,39.2197923],[122.495783,39.2207173],[122.4965474,39.2200711],[122.4948491,39.2197923]]],[[[122.60548,39.2214384],[122.6053401,39.2211846],[122.6047659,39.2212859],[122.60548,39.2214384]]],[[[122.495671,39.2212007],[122.4961057,39.2215981],[122.4962629,39.221307],[122.495671,39.2212007]]],[[[122.5950086,39.2211682],[122.5938016,39.2231215],[122.5953653,39.2226352],[122.5950086,39.2211682]]],[[[122.4963801,39.22251],[122.4965984,39.2218145],[122.4959588,39.2220915],[122.4963801,39.22251]]],[[[122.5996488,39.2237074],[122.5998929,39.2245032],[122.6000243,39.2237573],[122.5996488,39.2237074]]],[[[122.4255091,39.2195246],[122.4224031,39.2252596],[122.41844,39.2252301],[122.4176556,39.2230009],[122.4126688,39.2246055],[122.4205075,39.2292387],[122.4212596,39.2310428],[122.4301761,39.2355897],[122.4322843,39.2340606],[122.4400628,39.2328224],[122.4383864,39.2304643],[122.4441397,39.2264751],[122.4402666,39.2238425],[122.4367154,39.2258102],[122.4274188,39.223456],[122.4272301,39.21962],[122.4255091,39.2195246]]],[[[122.5150251,39.2244139],[122.5075196,39.2222418],[122.5062543,39.2247318],[122.5037438,39.2254071],[122.4979851,39.2230404],[122.4973977,39.2265249],[122.4876398,39.2303916],[122.4877954,39.2335226],[122.4911025,39.2355128],[122.4999055,39.2359699],[122.503756,39.2347753],[122.5137863,39.2350581],[122.5231898,39.2322469],[122.5282323,39.232222],[122.5403805,39.2356356],[122.5433922,39.2334478],[122.5416997,39.2315301],[122.5429362,39.2303355],[122.5423059,39.2283471],[122.5368744,39.2276698],[122.5330818,39.2242331],[122.5240722,39.2226415],[122.5205076,39.2244554],[122.51816,39.2232499],[122.5150251,39.2244139]]],[[[122.3636091,39.2374657],[122.3642984,39.2375031],[122.3637271,39.2370668],[122.3636091,39.2374657]]],[[[122.5180775,39.2432865],[122.5178146,39.2453242],[122.5189251,39.245721],[122.5180775,39.2432865]]],[[[122.4955443,39.2470899],[122.4971774,39.2471637],[122.4954772,39.2468925],[122.4955443,39.2470899]]],[[[122.491706,39.2467056],[122.4892169,39.2476632],[122.4932778,39.2479062],[122.491706,39.2467056]]],[[[122.5813902,39.251072],[122.5838659,39.2502913],[122.5814266,39.2502945],[122.5813902,39.251072]]],[[[122.5764231,39.2533824],[122.5763787,39.2531404],[122.5762967,39.2532475],[122.5764231,39.2533824]]],[[[122.4530301,39.25622],[122.4538299,39.2580201],[122.45463,39.2560401],[122.4564999,39.2554701],[122.4530301,39.25622]]],[[[122.4391499,39.25641],[122.4303699,39.2607299],[122.4283501,39.2640499],[122.42439,39.2640401],[122.4240499,39.2658299],[122.41462,39.2668299],[122.41643,39.26875],[122.4246999,39.26699],[122.42866,39.26766],[122.42832,39.26868],[122.42964,39.2692],[122.42932,39.26741],[122.43164,39.2669],[122.43398,39.2630599],[122.4392699,39.2618001],[122.44356,39.2628499],[122.4445801,39.2600301],[122.44722,39.25978],[122.44723,39.25824],[122.45153,39.2574899],[122.44329,39.25566],[122.43967,39.25333],[122.4391499,39.25641]]],[[[122.6037312,39.2775802],[122.6241052,39.2801797],[122.6272407,39.2829025],[122.6261531,39.2871148],[122.6312774,39.2870224],[122.6318836,39.285644],[122.6341018,39.2851499],[122.6367559,39.2871252],[122.6404721,39.2844108],[122.6403245,39.2819797],[122.6433018,39.2788031],[122.6503131,39.2769345],[122.6513189,39.2752548],[122.6594862,39.2714363],[122.6634398,39.2711435],[122.6660147,39.2726759],[122.6671225,39.2691314],[122.6716527,39.2675698],[122.6749867,39.26942],[122.6793185,39.2683942],[122.6822045,39.2693619],[122.6825747,39.2711383],[122.6841699,39.2704884],[122.6833713,39.2680121],[122.6771915,39.2667849],[122.6752107,39.264511],[122.6726291,39.2642348],[122.666012,39.2572423],[122.6603284,39.2551883],[122.6538375,39.2608061],[122.6433179,39.2650956],[122.6287106,39.2645193],[122.6212634,39.265974],[122.6187448,39.2647041],[122.6071826,39.26944],[122.5966313,39.2703171],[122.5925624,39.2696464],[122.5897386,39.2662852],[122.5905816,39.2701956],[122.5859414,39.2705507],[122.5832069,39.2692165],[122.5818604,39.2667537],[122.5860125,39.2641964],[122.5897243,39.2650042],[122.5863799,39.2616555],[122.5809324,39.2588394],[122.5803986,39.2563337],[122.5816753,39.2555829],[122.576559,39.2541332],[122.5759408,39.2559962],[122.5733551,39.2552797],[122.574589,39.2572278],[122.5721025,39.2581312],[122.5722648,39.2601104],[122.5693144,39.2624603],[122.5739962,39.266245],[122.5728723,39.26866],[122.5695974,39.270966],[122.5622937,39.2730787],[122.5565055,39.2723665],[122.5493789,39.2738511],[122.541697,39.278336],[122.5340527,39.279997],[122.5291952,39.284334],[122.5246274,39.2848758],[122.5211433,39.2868875],[122.5073326,39.2882348],[122.4955094,39.2951183],[122.491305,39.2996116],[122.4947047,39.2986646],[122.4959251,39.30024],[122.4985805,39.3000294],[122.5008295,39.2985432],[122.5041153,39.3001404],[122.5062838,39.2985993],[122.509532,39.2987134],[122.5110072,39.2998654],[122.5101489,39.301421],[122.5138463,39.3023571],[122.5141313,39.3041877],[122.5181901,39.301997],[122.5172272,39.3009779],[122.5189653,39.2991368],[122.518402,39.297852],[122.5231174,39.2969667],[122.5252471,39.2994862],[122.5250553,39.3016628],[122.5300482,39.3014823],[122.5334439,39.3041369],[122.5330885,39.3067462],[122.5356513,39.3070072],[122.5419948,39.3031668],[122.5400589,39.3030254],[122.5406134,39.3004735],[122.545094,39.2986345],[122.5426935,39.297028],[122.5425191,39.2943295],[122.5448486,39.2918905],[122.5437422,39.290264],[122.5443068,39.288376],[122.5473578,39.2851457],[122.5502989,39.2864765],[122.5497168,39.2902173],[122.5508836,39.2926627],[122.5559556,39.2955003],[122.5552817,39.2988276],[122.5609553,39.292179],[122.566148,39.2889261],[122.5709331,39.2828309],[122.582241,39.2803243],[122.5896576,39.2772688],[122.6037312,39.2775802]]],[[[122.5607744,39.2998736],[122.5591436,39.301534],[122.5575986,39.3025967],[122.5586286,39.3030616],[122.5617185,39.300737],[122.5607744,39.2998736]]],[[[122.5040307,39.3047563],[122.5050082,39.30473],[122.505053,39.3044649],[122.5040307,39.3047563]]],[[[122.5051089,39.3049601],[122.5054296,39.3046687],[122.5050368,39.3047176],[122.5051089,39.3049601]]],[[[122.4239788,39.3915197],[122.4250606,39.3925106],[122.4231599,39.39449],[122.4249941,39.3961839],[122.4255765,39.3939942],[122.4286848,39.3917605],[122.4270101,39.3893699],[122.42452,39.38962],[122.4239788,39.3915197]]],[[[122.7445557,38.9305121],[122.7445906,38.9302699],[122.7445101,38.9302731],[122.7445557,38.9305121]]],[[[122.7446382,38.9307077],[122.7445537,38.9307276],[122.7445704,38.9307818],[122.7446382,38.9307077]]],[[[122.7447106,38.9308319],[122.7446067,38.9307797],[122.744606,38.9308392],[122.7447106,38.9308319]]],[[[122.7448575,38.9310516],[122.7445785,38.9310057],[122.7446308,38.9311153],[122.7448575,38.9310516]]],[[[122.7445409,38.9315838],[122.7444269,38.9316204],[122.7444242,38.9316486],[122.7445409,38.9315838]]],[[[122.7444028,38.9325001],[122.7443827,38.932376],[122.7442888,38.9324062],[122.7444028,38.9325001]]],[[[122.7441828,38.9325095],[122.7440902,38.9324887],[122.7441197,38.9325701],[122.7441828,38.9325095]]],[[[122.7441895,38.9328529],[122.7443947,38.9325795],[122.7440352,38.9326713],[122.7441895,38.9328529]]],[[[122.7529493,39.0084194],[122.7416196,39.0124877],[122.7371564,39.0120875],[122.7304616,39.0158888],[122.7269426,39.0131546],[122.7216211,39.0176227],[122.718617,39.0172226],[122.7209344,39.0179561],[122.7210203,39.02009],[122.7153554,39.0191565],[122.7153554,39.0214237],[122.712008,39.0250912],[122.7068582,39.0230908],[122.7049699,39.025958],[122.7144971,39.0262914],[122.7162137,39.028225],[122.7136535,39.031066],[122.7112181,39.0308176],[122.712761,39.0328621],[122.7100521,39.0329234],[122.7113937,39.0347202],[122.7091173,39.0347305],[122.7069017,39.0377874],[122.702405,39.0387375],[122.7028213,39.0404862],[122.6997226,39.0427654],[122.7071526,39.0435673],[122.7103607,39.0413392],[122.7115789,39.0465587],[122.7187028,39.0482251],[122.7199045,39.0458254],[122.7184308,39.0438882],[122.7236079,39.0413198],[122.7220715,39.0400748],[122.7219685,39.0365905],[122.7252171,39.0333654],[122.72936,39.0323279],[122.7326782,39.0329874],[122.7352681,39.0362257],[122.7438956,39.0340232],[122.7456092,39.0309354],[122.744,39.0300003],[122.7451803,39.0288897],[122.7443891,39.0271005],[122.7501814,39.0255221],[122.7479962,39.025742],[122.7462787,39.0239187],[122.746676,39.0214895],[122.7478265,39.0209826],[122.7476027,39.0222575],[122.7506132,39.0205809],[122.7532699,39.0207478],[122.7536864,39.0237805],[122.7517092,39.0249018],[122.7540469,39.0244276],[122.7547517,39.0217571],[122.7569833,39.0197566],[122.7565542,39.016489],[122.7586141,39.0136214],[122.7529493,39.0084194]]],[[[122.81778,39.03495],[122.8185583,39.036471],[122.8196999,39.0353613],[122.81778,39.03495]]],[[[122.8092071,39.0681051],[122.8071874,39.0718368],[122.8010479,39.071993],[122.7967215,39.0754975],[122.7932507,39.0737713],[122.7944282,39.0718222],[122.7909306,39.0703125],[122.7887312,39.0710851],[122.7851585,39.0692671],[122.7827901,39.0719701],[122.7791342,39.0726676],[122.7780828,39.0763304],[122.7759585,39.0773132],[122.7814329,39.0774672],[122.7831414,39.0761242],[122.7850243,39.0779628],[122.7891093,39.0741898],[122.792556,39.0736047],[122.7964398,39.0757411],[122.7964962,39.0791621],[122.8032929,39.0808924],[122.8044569,39.0800449],[122.8036469,39.0781752],[122.8055325,39.077942],[122.8047869,39.0762033],[122.8067261,39.0766635],[122.8096417,39.0743272],[122.8123185,39.0756911],[122.8135496,39.0746],[122.8106743,39.0724011],[122.8123024,39.070223],[122.8120127,39.0678032],[122.8092071,39.0681051]]],[[[122.6879699,39.1998099],[122.68714,39.2021201],[122.6879601,39.20341],[122.68879,39.20187],[122.6879699,39.1998099]]],[[[122.62121,39.2174699],[122.6215383,39.2171265],[122.6209724,39.2171099],[122.62121,39.2174699]]],[[[122.6552,39.2192401],[122.65455,39.21872],[122.65454,39.2192401],[122.6552,39.2192401]]],[[[122.73806,39.22242],[122.74103,39.22306],[122.74169,39.22177],[122.7360901,39.2194501],[122.73806,39.22242]]],[[[122.7765325,39.2181032],[122.773912,39.2212368],[122.7723294,39.2213906],[122.7735861,39.2234207],[122.7725132,39.2244108],[122.7676222,39.2213864],[122.7657768,39.2277134],[122.7716294,39.2294109],[122.7777824,39.2293881],[122.7793139,39.2289871],[122.7797645,39.2272625],[122.785825,39.2267348],[122.7939722,39.229092],[122.79865,39.2280999],[122.8009889,39.2289393],[122.8059858,39.2266579],[122.8027189,39.2252803],[122.80211,39.2230113],[122.8006026,39.222363],[122.7937549,39.2248534],[122.7891831,39.2237646],[122.7873914,39.2246508],[122.7860557,39.2218228],[122.7848165,39.222923],[122.7818862,39.22191],[122.7811593,39.2188243],[122.7765325,39.2181032]]],[[[122.7459801,39.2235701],[122.74861,39.2260299],[122.75027,39.22487],[122.74796,39.2232],[122.7459801,39.2235701]]],[[[122.7139899,39.21543],[122.70837,39.21566],[122.7034299,39.21321],[122.7044199,39.2101299],[122.70311,39.21141],[122.69915,39.2103699],[122.70015,39.20806],[122.6988401,39.20652],[122.6951999,39.2071499],[122.69488,39.2059901],[122.6882901,39.20341],[122.6882801,39.20649],[122.69025,39.2077801],[122.6876,39.2087999],[122.6869401,39.2106],[122.68991,39.21086],[122.69023,39.2129199],[122.6938501,39.2144699],[122.6938401,39.2167801],[122.69549,39.21653],[122.6963099,39.21884],[122.69481,39.2208901],[122.69811,39.22141],[122.6994199,39.2245],[122.70305,39.22476],[122.7032099,39.22733],[122.70005,39.23143],[122.6950899,39.2325801],[122.69378,39.23052],[122.6918,39.2302599],[122.69047,39.2334601],[122.6881601,39.2332],[122.6875101,39.2305],[122.6861701,39.2334501],[122.68056,39.2338199],[122.68023,39.2327901],[122.67792,39.23266],[122.67826,39.2313699],[122.67512,39.2313699],[122.6750699,39.23043],[122.6769401,39.2305999],[122.6756299,39.2295701],[122.6776101,39.2298299],[122.6769501,39.22855],[122.6789301,39.2280399],[122.672,39.2272499],[122.6731501,39.22828],[122.67265,39.2313601],[122.66933,39.2316099],[122.66735,39.2340399],[122.6640501,39.23442],[122.6630599,39.23262],[122.66009,39.23209],[122.65812,39.2299001],[122.6568,39.2300299],[122.65547,39.23311],[122.6524999,39.23233],[122.64952,39.2334701],[122.64854,39.23142],[122.64557,39.2317901],[122.64508,39.22974],[122.6431,39.22897],[122.6439399,39.22588],[122.6413,39.22562],[122.63898,39.2286901],[122.6374999,39.22766],[122.63801,39.22484],[122.63041,39.2261],[122.62908,39.2278901],[122.62974,39.22866],[122.62742,39.22917],[122.62644,39.2264701],[122.62445,39.22839],[122.62676,39.2296801],[122.62543,39.2314701],[122.62378,39.23121],[122.6235999,39.2324899],[122.62573,39.2363501],[122.6277099,39.23585],[122.63101,39.2374],[122.63,39.23996],[122.63132,39.24074],[122.6372699,39.23909],[122.64354,39.24142],[122.6498101,39.2416901],[122.65444,39.23965],[122.6590599,39.2408199],[122.6722801,39.23919],[122.67657,39.2395999],[122.67854,39.2412599],[122.68845,39.2410301],[122.68977,39.24142],[122.6891,39.24322],[122.6930601,39.2443799],[122.70991,39.24366],[122.7128699,39.2449499],[122.7145301,39.2448199],[122.71223,39.24199],[122.7195,39.2405999],[122.72048,39.24278],[122.72213,39.2433],[122.72179,39.2445801],[122.7260801,39.24588],[122.7284,39.2438299],[122.73038,39.2438299],[122.73269,39.24512],[122.73269,39.24641],[122.7356599,39.2469299],[122.73502,39.23973],[122.7379899,39.24051],[122.7347,39.2369101],[122.73504,39.23563],[122.73702,39.23486],[122.7383399,39.23589],[122.7393399,39.2334501],[122.7493284,39.2331263],[122.74761,39.2291],[122.73969,39.2284501],[122.7403499,39.2269101],[122.7354,39.2260001],[122.7347501,39.22344],[122.7327699,39.22522],[122.73046,39.22496],[122.73113,39.2222599],[122.72915,39.2204601],[122.72749,39.22444],[122.7231901,39.2249399],[122.7205599,39.2230101],[122.72404,39.2181399],[122.72339,39.2163401],[122.72092,39.2158199],[122.71895,39.21363],[122.7139899,39.21543]]],[[[122.7552201,39.2259001],[122.75884,39.22733],[122.7605,39.22541],[122.75753,39.22399],[122.7555501,39.2242401],[122.7552201,39.2259001]]],[[[122.67168,39.2264799],[122.6721701,39.22674],[122.67234,39.2264799],[122.67168,39.2264799]]],[[[122.7638803,39.2314947],[122.7614699,39.2308001],[122.7614599,39.2344],[122.7637701,39.2349201],[122.7672399,39.2333799],[122.7656854,39.2318653],[122.7661001,39.2299101],[122.7647801,39.22965],[122.7638803,39.2314947]]],[[[122.7525599,39.2293699],[122.7522101,39.2343799],[122.75518,39.23567],[122.75883,39.23106],[122.7525599,39.2293699]]],[[[122.76972,39.2331301],[122.7684,39.23364],[122.76972,39.23365],[122.76972,39.2331301]]],[[[122.76542,39.2364601],[122.76674,39.23621],[122.76674,39.23467],[122.7644301,39.2349201],[122.76542,39.2364601]]],[[[122.7706701,39.2471301],[122.7720001,39.247],[122.77265,39.2454701],[122.7706701,39.24597],[122.7706701,39.2471301]]],[[[122.72739,39.24845],[122.7264101,39.2476801],[122.7254101,39.24767],[122.7264,39.24896],[122.72739,39.24845]]],[[[122.7287,39.25154],[122.72936,39.2520499],[122.72936,39.25179],[122.7287,39.25154]]],[[[122.72969,39.2520499],[122.7326599,39.25308],[122.7336599,39.2518001],[122.72969,39.2520499]]],[[[122.6842716,39.266762],[122.6859087,39.2667267],[122.6869976,39.2668908],[122.6855144,39.2663093],[122.6842716,39.266762]]],[[[122.7126616,39.2761951],[122.7130637,39.2754915],[122.7123657,39.2761187],[122.7126616,39.2761951]]],[[[122.6695473,39.2829747],[122.6702794,39.2834134],[122.6703822,39.2829589],[122.6695473,39.2829747]]],[[[123.2221775,39.0374443],[123.2122196,39.0363155],[123.2106526,39.0374731],[123.211755,39.0388417],[123.2158505,39.0378644],[123.2170217,39.0391061],[123.2221775,39.0374443]]],[[[122.8183226,39.0407155],[122.8102653,39.0442809],[122.8103806,39.0455433],[122.81363,39.0488199],[122.813358,39.052302],[122.818041,39.0499875],[122.8212103,39.0511768],[122.8213626,39.0539418],[122.8225632,39.0529604],[122.8222512,39.0539595],[122.8234831,39.0543383],[122.821324,39.0565892],[122.8215094,39.058116],[122.8297395,39.0552885],[122.8325893,39.050855],[122.8336608,39.0508613],[122.834782,39.0482409],[122.8333805,39.0456922],[122.8311355,39.0460922],[122.8302222,39.0449902],[122.8293411,39.0462036],[122.8270438,39.046063],[122.8269044,39.044509],[122.8232874,39.0443632],[122.8232096,39.042655],[122.8183226,39.0407155]]],[[[123.1808996,39.0445611],[123.1779545,39.0446736],[123.1771553,39.0431237],[123.1695431,39.0390613],[123.1691328,39.0353883],[123.1662333,39.036153],[123.1641787,39.0346612],[123.161695,39.0303275],[123.1621349,39.0269896],[123.1573498,39.0266395],[123.1494695,39.0289357],[123.1436705,39.0361696],[123.1400978,39.045486],[123.1413853,39.0491105],[123.1441855,39.0492355],[123.146857,39.055401],[123.1492495,39.0577212],[123.146342,39.061291],[123.1494105,39.0634736],[123.1482705,39.0698544],[123.150648,39.0711246],[123.1524086,39.0703098],[123.1515092,39.0698075],[123.1523917,39.0697556],[123.1523121,39.0676817],[123.1542909,39.0672321],[123.1541705,39.0684496],[123.1544035,39.0672304],[123.1556195,39.0673934],[123.1559801,39.0685186],[123.1576395,39.0589792],[123.1654286,39.055126],[123.1675905,39.0557092],[123.1686755,39.0580963],[123.1675208,39.0605371],[123.1652784,39.0605475],[123.1646935,39.061916],[123.1662708,39.0702459],[123.1651336,39.0722241],[123.1621081,39.0714703],[123.162072,39.0731342],[123.1596801,39.0732501],[123.1597745,39.0759597],[123.1467283,39.0794078],[123.1404144,39.0756224],[123.1380111,39.0758681],[123.1368953,39.0790247],[123.1416535,39.0819396],[123.1385207,39.0854624],[123.1386173,39.0875859],[123.1417072,39.0883604],[123.1461864,39.0855415],[123.1512451,39.0863035],[123.1512558,39.0836885],[123.1532192,39.0845963],[123.157441,39.0835511],[123.158251,39.08525],[123.1588519,39.0833846],[123.1635296,39.0821895],[123.169983,39.082406],[123.1731963,39.0845671],[123.1744409,39.0830348],[123.1786466,39.0824935],[123.1771123,39.0799533],[123.1775308,39.0778837],[123.182525,39.0787665],[123.192122,39.0763595],[123.1872404,39.0700793],[123.1903,39.0688399],[123.1909954,39.0663725],[123.1981301,39.0656644],[123.1966603,39.061266],[123.1977761,39.0565965],[123.1947881,39.0551177],[123.1938869,39.0521808],[123.1899762,39.0521933],[123.1863928,39.0505978],[123.1881952,39.0464921],[123.1869078,39.0472441],[123.1808996,39.0445611]]],[[[122.8657293,39.0494646],[122.85743,39.0517001],[122.858887,39.0555072],[122.8575271,39.0563112],[122.8556952,39.0553676],[122.8543085,39.0566028],[122.8561029,39.0592687],[122.8541985,39.060006],[122.8531578,39.0633944],[122.8515337,39.0635319],[122.8500545,39.0669681],[122.8466427,39.0669993],[122.8455135,39.0690797],[122.8549334,39.0659477],[122.855266,39.0633465],[122.8577444,39.0641671],[122.8613225,39.0627124],[122.8610851,39.0673627],[122.8624785,39.0641306],[122.8654276,39.0643129],[122.8659399,39.0617794],[122.8705949,39.0636818],[122.8699082,39.0654291],[122.8733669,39.0641806],[122.8742963,39.0620512],[122.8717911,39.0609661],[122.8720111,39.0575358],[122.867808,39.0577441],[122.8657293,39.0494646]]],[[[123.1734163,39.0846338],[123.1750256,39.0917163],[123.1711101,39.09635],[123.1678158,39.0973368],[123.1687599,39.1002843],[123.1713992,39.0982152],[123.1732929,39.0987606],[123.1772411,39.0973701],[123.1812215,39.092141],[123.1766993,39.0899967],[123.1762272,39.0850168],[123.1734163,39.0846338]]],[[[123.203203,39.1012412],[123.2037559,39.1021132],[123.2039716,39.1013432],[123.203203,39.1012412]]],[[[123.00087,39.2590401],[123.0088001,39.25968],[123.0106199,39.2567299],[123.00451,39.2575099],[123.0054999,39.25185],[122.99855,39.2482601],[122.9965801,39.2508199],[122.99328,39.2506901],[122.99295,39.2492799],[122.99063,39.25134],[122.98799,39.25031],[122.98733,39.2517199],[122.9836999,39.2526199],[122.9824772,39.2549052],[122.9830384,39.2558383],[122.98683,39.25519],[122.9878773,39.257632],[122.9910185,39.2563537],[122.99162,39.25853],[122.994278,39.2589628],[122.9956341,39.2613586],[123.00087,39.2590401]]],[[[123.0200301,39.267],[123.0207001,39.2667399],[123.0200301,39.2667399],[123.0200301,39.267]]],[[[123.0183799,39.2667399],[123.0154857,39.2681695],[123.0164832,39.268331],[123.0183799,39.2667399]]],[[[123.0005356,39.2725646],[123.0045945,39.2705464],[123.0063864,39.2703549],[123.00087,39.2697001],[122.9969935,39.27252],[123.0005356,39.2725646]]],[[[122.9856591,39.2723092],[122.9819765,39.2740481],[122.9848842,39.2739672],[122.9856591,39.2723092]]],[[[123.0411799,39.2744253],[123.042959,39.2733694],[123.0408044,39.2733739],[123.0411799,39.2744253]]],[[[123.0406737,39.2740256],[123.0337858,39.2745654],[123.0331294,39.2748911],[123.0346119,39.2756451],[123.0406737,39.2740256]]],[[[123.0891332,39.4421671],[123.0815318,39.440307],[123.0802524,39.439176],[123.0811617,39.4378295],[123.0790266,39.436512],[123.082366,39.4263027],[123.0804267,39.4259173],[123.076441,39.4277758],[123.0726913,39.4270838],[123.0713367,39.4278959],[123.0729139,39.4291556],[123.0708352,39.4324662],[123.0713904,39.4344114],[123.0658275,39.4352587],[123.0641323,39.4341235],[123.0636683,39.4309228],[123.0569923,39.4372681],[123.0545314,39.4426239],[123.0504075,39.4433374],[123.0490154,39.4456759],[123.0513489,39.448033],[123.0485353,39.4497376],[123.0516574,39.4518791],[123.0496323,39.4552177],[123.070465,39.448497],[123.0775782,39.4484348],[123.0775809,39.4492053],[123.0749202,39.4500918],[123.0748638,39.4505039],[123.0794853,39.4487165],[123.083117,39.4489402],[123.0934972,39.4439609],[123.0980945,39.4387948],[123.0891332,39.4421671]]],[[[123.091955,39.4586272],[123.0891524,39.4606743],[123.0901001,39.4621646],[123.09267,39.4629047],[123.0945846,39.4604622],[123.091955,39.4586272]]],[[[123.0855299,39.4657399],[123.0842099,39.47243],[123.0857,39.4739599],[123.08504,39.4713901],[123.08702,39.47113],[123.08801,39.46856],[123.08934,39.46831],[123.0875101,39.46625],[123.0875404,39.4643252],[123.0855299,39.4657399]]],[[[123.0794751,39.4744114],[123.0801677,39.4742542],[123.080188,39.4729966],[123.0794751,39.4744114]]],[[[123.0764929,39.4765729],[123.0749018,39.4784427],[123.0755718,39.4797982],[123.0780501,39.4790235],[123.0764929,39.4765729]]],[[[123.0764299,39.4821701],[123.0769155,39.4829771],[123.0773742,39.4822312],[123.0764299,39.4821701]]],[[[123.0389635,39.4842379],[123.0388111,39.4836202],[123.0380615,39.4841741],[123.0389635,39.4842379]]],[[[123.0739426,39.4834733],[123.0744623,39.486583],[123.0771856,39.4864497],[123.0759101,39.4832022],[123.0739426,39.4834733]]],[[[123.0580501,39.4913465],[123.0631421,39.48758],[123.0627562,39.4868443],[123.0637975,39.4861549],[123.0637418,39.4852479],[123.0608194,39.4867185],[123.0594514,39.4853342],[123.0583068,39.4875604],[123.05556,39.48848],[123.0560742,39.4897553],[123.0540315,39.4928181],[123.0553176,39.4949222],[123.0521912,39.4999888],[123.0550799,39.50505],[123.0536218,39.5071528],[123.0618699,39.5068401],[123.0634108,39.5046621],[123.0633655,39.5005512],[123.0599813,39.5013787],[123.0577265,39.4970066],[123.0580501,39.4913465]]],[[[123.0870601,39.4979699],[123.08491,39.50092],[123.083254,39.5015972],[123.0860834,39.5015748],[123.0916142,39.4978153],[123.090936,39.4967721],[123.0870601,39.4979699]]],[[[123.1045961,39.5036516],[123.1062913,39.5039993],[123.1048536,39.5030059],[123.1045961,39.5036516]]],[[[123.09983,39.5063001],[123.097447,39.5093717],[123.1009113,39.5108645],[123.1026196,39.5133914],[123.1046888,39.5096518],[123.1040332,39.5086406],[123.1069601,39.50758],[123.1049794,39.5046885],[123.1024379,39.5051169],[123.0989999,39.50348],[123.09983,39.5063001]]],[[[122.9286,39.50915],[122.9301068,39.511156],[122.931554,39.5088355],[122.9303813,39.5086184],[122.9286,39.50915]]],[[[123.0430088,39.5271615],[123.0414317,39.5289246],[123.0399674,39.5289561],[123.0410711,39.5291369],[123.0416682,39.5289123],[123.0426974,39.5280708],[123.0435147,39.5284161],[123.0430088,39.5271615]]],[[[122.9733288,39.5560205],[122.9785343,39.5513989],[122.9759681,39.5495846],[122.9767916,39.5467263],[122.976758,39.5486487],[122.9784934,39.5502019],[122.9843728,39.5502526],[122.9851601,39.5489186],[122.9921744,39.549386],[122.9925992,39.5438948],[122.9967231,39.5452043],[122.9944539,39.5485401],[122.997006,39.551752],[122.9998089,39.5527271],[123.0035064,39.5517396],[123.0042614,39.5497138],[123.0080205,39.5472123],[123.0134131,39.5466001],[123.0149916,39.5443746],[123.0208686,39.5442883],[123.0228612,39.5384321],[123.0269381,39.5384321],[123.0279,39.5348501],[123.0309051,39.5325427],[123.0180788,39.5183191],[123.0177348,39.5156054],[123.0145323,39.5128134],[123.0142151,39.5141445],[123.0118775,39.5128088],[123.0124073,39.5112485],[123.0137812,39.5121852],[123.011274,39.5087094],[123.0066204,39.5088108],[123.0061993,39.5066234],[123.000163,39.5029045],[123.0006015,39.4995414],[122.9957709,39.4994462],[122.9944485,39.4982044],[122.9952586,39.4973785],[122.9901939,39.4944208],[122.9865843,39.4986887],[122.9832919,39.4976217],[122.9796267,39.4981692],[122.9801435,39.4932666],[122.9783204,39.4964368],[122.9756114,39.4963933],[122.9740772,39.4983865],[122.9680771,39.4988087],[122.9668929,39.5004862],[122.9690936,39.5041421],[122.9679617,39.5070353],[122.9686926,39.5087125],[122.9663363,39.510278],[122.9650059,39.5096205],[122.963807,39.5111968],[122.9661633,39.5160368],[122.9640189,39.518228],[122.9500955,39.5214102],[122.9472122,39.5209633],[122.9445447,39.5185291],[122.9431862,39.5198957],[122.939474,39.5197116],[122.943508,39.5238599],[122.9414342,39.5252614],[122.943964,39.5260793],[122.942412,39.5264554],[122.9433886,39.528778],[122.9455827,39.5287559],[122.9435281,39.5292302],[122.9449402,39.5317084],[122.9464945,39.5313851],[122.9452705,39.5323118],[122.9473844,39.5339482],[122.9506199,39.5331259],[122.9511979,39.5334054],[122.9481537,39.5344368],[122.9503592,39.5385263],[122.9532605,39.5377763],[122.9498447,39.5393463],[122.9517478,39.542826],[122.9566079,39.5396339],[122.9557443,39.5409928],[122.9569003,39.5432474],[122.9604261,39.5465091],[122.9569902,39.549445],[122.9659742,39.5548676],[122.9647793,39.5570493],[122.9724665,39.5595752],[122.9714875,39.5601956],[122.9722479,39.5613122],[122.9707754,39.5618478],[122.9708719,39.5633904],[122.9713842,39.562403],[122.9723009,39.563149],[122.9733288,39.5560205]]],[[[122.9436071,39.540878],[122.9412381,39.5430672],[122.9431072,39.5431527],[122.9441232,39.5418312],[122.9436071,39.540878]]],[[[123.0370918,39.5454183],[123.0402982,39.5482734],[123.0401718,39.5463703],[123.0370918,39.5454183]]],[[[122.9426131,39.5517464],[122.9383054,39.5519336],[122.9404098,39.5532303],[122.9426131,39.5517464]]]]}},{"type":"Feature","properties":{"land_bounds":[122.4167356,41.1976943,123.8085417,43.0402961],"id":"liaoning-shenyang","names":{"en":"Shenyang","zh-CN":"沈阳"},"osm_relation":2769604,"admin_level":5,"source":"https://www.openstreetmap.org/relation/2769604","license":"ODbL-1.0","attribution":"© OpenStreetMap contributors","simplification_degrees":0.0008},"geometry":{"type":"MultiPolygon","coordinates":[[[[123.7853258,41.9862875],[123.7838109,41.9866896],[123.7793742,41.9838744],[123.7784003,41.9771978],[123.7734226,41.9736581],[123.7724487,41.9714054],[123.7694188,41.9711641],[123.7681202,41.966739],[123.7613029,41.9699573],[123.7570827,41.9697159],[123.7584894,41.9679459],[123.7538363,41.9691527],[123.7459376,41.9677782],[123.7438871,41.969117],[123.7334926,41.9641643],[123.7264203,41.9644727],[123.7219919,41.9595232],[123.7207153,41.9573082],[123.7218057,41.9549909],[123.7265386,41.9529518],[123.716805,41.9442116],[123.7186596,41.9399173],[123.7214811,41.9384112],[123.7277957,41.9290081],[123.7254211,41.9259579],[123.7229961,41.9260943],[123.7229961,41.9247257],[123.7257014,41.9250477],[123.7252685,41.9211025],[123.7282006,41.9200651],[123.7308955,41.9218272],[123.7306791,41.9193311],[123.7348125,41.9221462],[123.7367389,41.9206999],[123.7364994,41.9181],[123.7273245,41.9132114],[123.7277656,41.9088809],[123.7227796,41.9041918],[123.7231182,41.8951942],[123.7143323,41.8943479],[123.7097715,41.8899706],[123.7145556,41.8844571],[123.7220818,41.8820194],[123.7270931,41.8788131],[123.7307873,41.8798648],[123.7338541,41.8771151],[123.7343583,41.8608831],[123.7269229,41.8574685],[123.7150379,41.8482744],[123.7057824,41.843957],[123.6710324,41.8347263],[123.6683118,41.8297884],[123.6693625,41.8252396],[123.6718604,41.8249733],[123.6731064,41.8228402],[123.6751666,41.8228776],[123.6760323,41.8202164],[123.6744091,41.8194906],[123.6757077,41.8165873],[123.6777637,41.8153776],[123.6794438,41.8082648],[123.6770062,41.8086027],[123.6732188,41.8052956],[123.6737296,41.8036021],[123.6704577,41.8016949],[123.6643891,41.8012521],[123.661594,41.7996102],[123.6608827,41.7960188],[123.658281,41.7959757],[123.6580384,41.7934711],[123.6603417,41.7930337],[123.6607745,41.7877088],[123.6583283,41.7869636],[123.6633716,41.7827062],[123.6665274,41.7841732],[123.6679165,41.7816572],[123.6737599,41.7816572],[123.6739912,41.7798844],[123.6761405,41.7797205],[123.6786294,41.7829482],[123.6861858,41.7807055],[123.6858796,41.7770576],[123.6882127,41.775926],[123.6949693,41.7772189],[123.7105435,41.7771328],[123.7092532,41.7754436],[123.7120667,41.7733453],[123.7206987,41.7746158],[123.7331335,41.7791245],[123.7384703,41.7834324],[123.7399255,41.7815505],[123.7459369,41.7791557],[123.7471726,41.7771984],[123.75059,41.7799626],[123.7539445,41.7767348],[123.7574821,41.7775509],[123.7554595,41.7864178],[123.7516721,41.788919],[123.7529525,41.7930093],[123.7491832,41.7918236],[123.7516966,41.7954752],[123.7569825,41.7939705],[123.7604664,41.7968759],[123.7670381,41.7941632],[123.7690941,41.7950507],[123.7706091,41.7927917],[123.7741341,41.7943432],[123.781064,41.7816364],[123.7773182,41.7818186],[123.7739636,41.7797205],[123.7748293,41.7752015],[123.7675792,41.7716506],[123.7714846,41.766713],[123.7767771,41.7675345],[123.7790353,41.7656461],[123.782654,41.7669482],[123.7831616,41.7642253],[123.7818631,41.762611],[123.7834863,41.7618038],[123.7825123,41.7591401],[123.7795833,41.7591464],[123.7802399,41.7551847],[123.7753704,41.7499373],[123.7799471,41.7480398],[123.779266,41.7439629],[123.781322,41.7432362],[123.7801317,41.7410562],[123.7839178,41.738839],[123.7862997,41.7335466],[123.7893058,41.7327966],[123.791677,41.7258458],[123.7950649,41.7266015],[123.7963443,41.7252069],[123.7948485,41.722321],[123.7957141,41.7167479],[123.7996747,41.7149426],[123.8009083,41.7115782],[123.8027479,41.7135169],[123.8069115,41.7070214],[123.8013275,41.7013837],[123.8026563,41.6942161],[123.7957006,41.6890815],[123.7911825,41.6903512],[123.7847848,41.6839454],[123.7848085,41.6777187],[123.7909528,41.6782073],[123.7891132,41.6721453],[123.789005,41.6747318],[123.7822959,41.6668103],[123.7802399,41.6667295],[123.7784003,41.6620408],[123.7791624,41.6596345],[123.7764525,41.6584028],[123.7715779,41.652937],[123.7671547,41.652488],[123.7645493,41.6548454],[123.7593551,41.6505602],[123.761163,41.6487774],[123.7596823,41.6438796],[123.7529878,41.6429615],[123.7472354,41.640614],[123.7445301,41.6331736],[123.7498563,41.6295085],[123.7480819,41.6240086],[123.75059,41.6238719],[123.7534282,41.6170625],[123.7613029,41.6164295],[123.7639,41.6063972],[123.7759115,41.6042934],[123.7804782,41.5992497],[123.7853258,41.5979008],[123.7855906,41.5962514],[123.7771728,41.5912115],[123.7752145,41.5895131],[123.7753563,41.5872963],[123.7734725,41.5862159],[123.7699836,41.5852083],[123.7670098,41.5865904],[123.7597629,41.5849059],[123.7539884,41.5825304],[123.7508702,41.5771742],[123.7440137,41.5787943],[123.7314681,41.5729392],[123.727921,41.569458],[123.7215609,41.5698712],[123.7157875,41.5665656],[123.7195353,41.5543149],[123.7229047,41.55472],[123.7284016,41.5504551],[123.7269167,41.5473127],[123.7228835,41.5452527],[123.7229673,41.543834],[123.7248607,41.5408106],[123.7295482,41.5416054],[123.7340802,41.5380158],[123.7379347,41.531676],[123.7387861,41.5279339],[123.7416885,41.5249183],[123.7385353,41.5211626],[123.7398253,41.5192846],[123.7387503,41.5174602],[123.7307956,41.5146163],[123.721551,41.5149919],[123.7204761,41.5121478],[123.7117331,41.5079083],[123.7065733,41.508767],[123.7065017,41.5106989],[123.7052117,41.5113965],[123.6980453,41.5131137],[123.6956088,41.5164407],[123.6970421,41.5186407],[123.6933872,41.5199821],[123.6935305,41.5219137],[123.6885141,41.5242745],[123.6855759,41.5238989],[123.682566,41.5213772],[123.6828527,41.5190163],[123.6781945,41.5175139],[123.6714581,41.5216991],[123.6719598,41.5266352],[123.6585533,41.5251188],[123.6532556,41.5276009],[123.650174,41.5255085],[123.651715,41.5225158],[123.6442259,41.5172993],[123.6427185,41.5183346],[123.6407045,41.5164891],[123.627385,41.5218601],[123.6225127,41.5212102],[123.6230852,41.5198212],[123.6197813,41.5146294],[123.6147722,41.5155285],[123.6102294,41.5113342],[123.6106157,41.5067276],[123.6091107,41.5056543],[123.603951,41.5035612],[123.5972146,41.5034002],[123.5999378,41.4992675],[123.5928235,41.4938688],[123.5893659,41.4939604],[123.584658,41.4919576],[123.5784083,41.4938727],[123.5748929,41.4964659],[123.5653941,41.4907474],[123.5610087,41.4895238],[123.5550842,41.4847627],[123.5504493,41.4837133],[123.5472846,41.4813328],[123.5433949,41.4821679],[123.5406435,41.478988],[123.5346482,41.4809336],[123.5336788,41.483695],[123.5304131,41.4854588],[123.5300968,41.4869583],[123.5283511,41.4865919],[123.5269141,41.4886961],[123.521409,41.4898105],[123.516706,41.4849472],[123.516346,41.482984],[123.5106119,41.4779105],[123.5069139,41.4809122],[123.4973075,41.4796381],[123.4934248,41.4820265],[123.491791,41.4809881],[123.4901185,41.4768838],[123.483005,41.4764044],[123.4723028,41.4616662],[123.4679367,41.4629911],[123.4674865,41.4617575],[123.4668193,41.4628023],[123.4665868,41.4615753],[123.4630523,41.4606249],[123.4613031,41.4623669],[123.4564327,41.4622726],[123.456258,41.4637316],[123.4544726,41.4623233],[123.4556484,41.4640511],[123.4541787,41.4633651],[123.4520012,41.464359],[123.4546325,41.4662518],[123.4543393,41.4690419],[123.4524776,41.4696536],[123.452565,41.4681555],[123.4491075,41.4701915],[123.4470774,41.4673898],[123.4433268,41.4726675],[123.4402952,41.4691209],[123.4341059,41.4698294],[123.4332462,41.4669179],[123.4310094,41.4668655],[123.4297044,41.4695576],[123.4275362,41.4706171],[123.4224601,41.4699509],[123.422949,41.4729857],[123.4213841,41.475805],[123.4240238,41.4790265],[123.4205176,41.4815662],[123.4146738,41.4814616],[123.41519,41.4832741],[123.418318,41.4849075],[123.4176841,41.4864144],[123.4097856,41.4857532],[123.4093763,41.4899588],[123.4044237,41.4921837],[123.4048976,41.4938648],[123.4072906,41.4949356],[123.4069315,41.4958626],[123.4009762,41.4983172],[123.3963733,41.494513],[123.3953147,41.4981239],[123.3933242,41.496469],[123.393301,41.4929268],[123.3904874,41.493296],[123.3878244,41.496574],[123.3833834,41.4932485],[123.3768695,41.4990278],[123.3755739,41.5038381],[123.3765246,41.5069063],[123.3709858,41.5067376],[123.3707976,41.504065],[123.3647985,41.5059114],[123.3607615,41.505433],[123.3564826,41.5023546],[123.3544813,41.5057108],[123.3590922,41.5078289],[123.356606,41.5107209],[123.3466906,41.5084161],[123.3447849,41.5096698],[123.3403238,41.5095279],[123.3383361,41.5110831],[123.3329699,41.510736],[123.3311903,41.5128311],[123.3296674,41.5123717],[123.3290467,41.5103096],[123.3299886,41.5086574],[123.3262883,41.5075966],[123.328296,41.5045556],[123.323225,41.5062941],[123.3182997,41.5060111],[123.3164644,41.5090612],[123.3075948,41.5151918],[123.3074657,41.5177358],[123.301,41.5198857],[123.2939848,41.5203932],[123.2960831,41.5248062],[123.2952412,41.5258101],[123.2897834,41.5228312],[123.2810272,41.5236459],[123.2784667,41.5222122],[123.2744179,41.5263995],[123.2778691,41.5279467],[123.2738716,41.5358436],[123.261022,41.5363541],[123.2593077,41.538483],[123.2571743,41.5365614],[123.2492116,41.5388157],[123.2460808,41.5356737],[123.2454049,41.5375799],[123.2441996,41.5364651],[123.2399285,41.5383262],[123.22989,41.5381939],[123.2307098,41.5415953],[123.228925,41.5432384],[123.229609,41.5447744],[123.227179,41.546282],[123.2297645,41.5494669],[123.2279616,41.5514129],[123.2267433,41.5501723],[123.2223846,41.5530934],[123.223464,41.5548968],[123.2192874,41.5536131],[123.222056,41.556401],[123.2136602,41.5569975],[123.2135212,41.5632553],[123.2030732,41.5631069],[123.1993162,41.5623293],[123.1979705,41.5606107],[123.1976739,41.5621098],[123.1962898,41.5624154],[123.1897313,41.557021],[123.1860233,41.5565676],[123.1817745,41.5533789],[123.183059,41.5508541],[123.1876843,41.5472407],[123.182963,41.5428067],[123.17587,41.5472071],[123.1738946,41.5468065],[123.1723191,41.5445823],[123.1642426,41.5471024],[123.1624959,41.5443531],[123.1601899,41.5448068],[123.1584814,41.5424775],[123.1569398,41.5429116],[123.1567207,41.5411268],[123.1536467,41.5412503],[123.152295,41.5381701],[123.1559457,41.5392241],[123.1508753,41.534474],[123.1407409,41.536589],[123.1373079,41.536387],[123.1367307,41.5330074],[123.1285208,41.5337707],[123.128273,41.5379369],[123.1267337,41.5389568],[123.1257411,41.538246],[123.1233702,41.5418163],[123.1245346,41.5441266],[123.1214489,41.5440885],[123.1226173,41.5457992],[123.1219608,41.5468382],[123.1252466,41.5471124],[123.1250558,41.5518575],[123.1173911,41.5538138],[123.1152745,41.554786],[123.1154604,41.5558958],[123.1090253,41.5564019],[123.1071439,41.5553185],[123.1057232,41.5561618],[123.1096913,41.563201],[123.1094959,41.566263],[123.1082891,41.5663694],[123.1097985,41.5758951],[123.1122523,41.5763173],[123.1120462,41.5773689],[123.1085485,41.5775991],[123.1081859,41.5828684],[123.113725,41.5864662],[123.1145557,41.588993],[123.1169084,41.5871662],[123.1185367,41.5881162],[123.1194434,41.5929025],[123.1211791,41.5930301],[123.1228335,41.5958129],[123.1215548,41.5967812],[123.1283893,41.6059991],[123.1198399,41.6115924],[123.1145813,41.6094363],[123.1069341,41.6152073],[123.101106,41.6118028],[123.103649,41.6072389],[123.1034114,41.6046397],[123.0984949,41.6005086],[123.0940223,41.5987501],[123.0886813,41.590397],[123.0833748,41.5886046],[123.0818529,41.5859487],[123.0784265,41.5794129],[123.0787744,41.5666102],[123.0759948,41.559819],[123.0661611,41.5531428],[123.0513094,41.551083],[123.0386143,41.5455237],[123.0347713,41.5412257],[123.029585,41.5238667],[123.0266914,41.5224636],[123.024773,41.5148947],[123.0148817,41.5052368],[123.0092443,41.502805],[123.0047124,41.5031364],[122.9953615,41.5122591],[122.9928043,41.5125127],[122.9808214,41.5088019],[122.9610431,41.5066123],[122.9541792,41.4989744],[122.9527639,41.4940781],[122.9636239,41.4906615],[122.9658589,41.4933548],[122.9644013,41.4942282],[122.9657617,41.497358],[122.9766455,41.494301],[122.9699403,41.4863667],[122.97305,41.4843284],[122.9711064,41.4817804],[122.9727584,41.480834],[122.9702319,41.4784314],[122.9706206,41.4767569],[122.962069,41.474427],[122.9603199,41.4721699],[122.9546836,41.4747183],[122.9546391,41.466239],[122.9393681,41.4727252],[122.9400214,41.4738877],[122.9344683,41.4761516],[122.9381432,41.4799449],[122.9438325,41.4821144],[122.9353944,41.4823245],[122.931308,41.4801311],[122.9290443,41.4768646],[122.9282305,41.4673374],[122.9325274,41.4652524],[122.9305839,41.4618297],[122.9328189,41.4609558],[122.9300008,41.4562949],[122.9324302,41.454547],[122.9337907,41.4574602],[122.9354427,41.4565134],[122.9341794,41.4546926],[122.9351511,41.4542556],[122.9287375,41.4460251],[122.9142632,41.453216],[122.9113815,41.4502406],[122.9117316,41.4485016],[122.9172035,41.4455341],[122.9231984,41.4465349],[122.9192142,41.4411445],[122.907268,41.4312456],[122.908622,41.4300708],[122.9315556,41.4253348],[122.9309671,41.4245617],[122.9210606,41.426282],[122.9221179,41.4225891],[122.9199158,41.4202444],[122.9170299,41.4210688],[122.9149684,41.4182863],[122.9118076,41.4188016],[122.9085093,41.4156068],[122.9045819,41.4176868],[122.9023193,41.4164829],[122.9016253,41.4177564],[122.8977382,41.4171734],[122.8974467,41.4194325],[122.8930737,41.4154973],[122.8873403,41.4187766],[122.8810362,41.4160777],[122.8785907,41.4177369],[122.8815776,41.4223446],[122.8765665,41.4202825],[122.8718785,41.4144019],[122.8645175,41.4121805],[122.8599584,41.4169081],[122.8603037,41.422222],[122.8562026,41.422099],[122.8465022,41.4160999],[122.845659,41.4134442],[122.8470309,41.395668],[122.844274,41.3870045],[122.8392868,41.3830046],[122.8363646,41.37615],[122.8175508,41.3733354],[122.8074037,41.3701088],[122.7966714,41.3698678],[122.7941041,41.3647297],[122.7909219,41.3635356],[122.7826883,41.364532],[122.773491,41.3631259],[122.7686961,41.3580917],[122.7662633,41.3580917],[122.7657478,41.3664663],[122.7596458,41.3656143],[122.7520789,41.3576709],[122.7496377,41.3517052],[122.7429874,41.3478912],[122.7435068,41.3373539],[122.7403649,41.3273101],[122.7327358,41.3278309],[122.7297486,41.3267093],[122.727852,41.321271],[122.7122211,41.3207486],[122.7115883,41.3193231],[122.7134314,41.3166804],[122.7194763,41.3129185],[122.7192958,41.3106153],[122.7150933,41.3081161],[122.7048324,41.3067],[122.7012457,41.3006698],[122.6948767,41.2987041],[122.6932236,41.2958475],[122.7000722,41.285427],[122.7004193,41.2804703],[122.6989981,41.2783341],[122.6934978,41.2770423],[122.6873318,41.2662243],[122.6830016,41.26336],[122.6768167,41.2619394],[122.6724262,41.2594007],[122.6708842,41.2511565],[122.6626523,41.242928],[122.6629951,41.2272074],[122.6647161,41.2224278],[122.6626835,41.218428],[122.6526189,41.2097907],[122.6465549,41.2079659],[122.642714,41.2082285],[122.6373851,41.2106455],[122.6344221,41.2099112],[122.6312235,41.2071248],[122.6279981,41.2012201],[122.6179144,41.1976943],[122.6149132,41.199605],[122.6100136,41.2058728],[122.6083392,41.2140602],[122.6099269,41.2168799],[122.6080602,41.2171389],[122.6074843,41.2186329],[122.6095485,41.2234359],[122.6030284,41.2241989],[122.6043804,41.2271922],[122.6010772,41.2272539],[122.601328,41.229577],[122.599081,41.2298225],[122.5960463,41.2371294],[122.5911408,41.2432099],[122.5842438,41.2452164],[122.5734863,41.2427254],[122.5549163,41.2422559],[122.5472563,41.2477149],[122.5490038,41.2529449],[122.5581133,41.2596094],[122.5644838,41.2665634],[122.5713728,41.2780914],[122.5898131,41.2917722],[122.5830853,41.295082],[122.5852332,41.3004054],[122.5900012,41.3019898],[122.6022317,41.3014302],[122.6039823,41.3027833],[122.6039823,41.3052735],[122.5964412,41.3151729],[122.5977607,41.3165356],[122.6131965,41.3143424],[122.6165003,41.316432],[122.6185655,41.3208268],[122.625247,41.3280308],[122.6535856,41.3517597],[122.6541039,41.3558225],[122.6521472,41.3567571],[122.6419995,41.3550799],[122.6372653,41.3558415],[122.6355708,41.3600388],[122.6408919,41.3794911],[122.6393498,41.383605],[122.6441511,41.3918384],[122.6441511,41.3948493],[122.628696,41.4039894],[122.6268143,41.413484],[122.6289842,41.4161201],[122.6389795,41.4171664],[122.6422621,41.4227374],[122.6415673,41.4296132],[122.6370059,41.4313167],[122.6238352,41.4274592],[122.6206454,41.4298509],[122.6219891,41.4331251],[122.6298872,41.4342894],[122.6312781,41.4374177],[122.6302431,41.4446589],[122.6268133,41.4477439],[122.6269857,41.4528768],[122.6204585,41.466007],[122.61994,41.4696646],[122.6291859,41.4727535],[122.6317873,41.4750925],[122.6324781,41.4805653],[122.6212905,41.4849459],[122.6187508,41.4887278],[122.6286812,41.4955234],[122.6316149,41.4991425],[122.631606,41.5020632],[122.6286543,41.5020632],[122.6281775,41.5074055],[122.6247657,41.5108756],[122.6228985,41.5141597],[122.6236295,41.5161973],[122.6216426,41.5187085],[122.5992858,41.5108047],[122.5940703,41.5126189],[122.5938413,41.5282209],[122.5900573,41.5324399],[122.5778733,41.5331914],[122.5673903,41.5380324],[122.5609968,41.5457534],[122.5540998,41.5484429],[122.5492173,41.5487859],[122.5362623,41.5456579],[122.5155718,41.5404129],[122.5012968,41.5352479],[122.4905623,41.5412329],[122.4873963,41.5458909],[122.4876809,41.5504363],[122.4921924,41.5515904],[122.4916669,41.5539499],[122.4944713,41.5559783],[122.494925,41.5600056],[122.4892497,41.5622861],[122.4886191,41.5648812],[122.4914567,41.5642521],[122.4921924,41.5681838],[122.4818128,41.5639381],[122.4826481,41.5668919],[122.4748477,41.5715848],[122.4747706,41.5743421],[122.476084,41.575073],[122.4748229,41.5771958],[122.4712414,41.5785272],[122.4748229,41.5812053],[122.4766095,41.5789254],[122.4804982,41.5791613],[122.4806033,41.5818342],[122.4861735,41.585136],[122.4841485,41.5866883],[122.4868041,41.588752],[122.485648,41.5901669],[122.4827053,41.5897739],[122.4798676,41.5928394],[122.4794472,41.5959834],[122.4832308,41.5969265],[122.4840716,41.6005419],[122.4818777,41.602025],[122.4816543,41.6036069],[122.4860409,41.6100627],[122.4852268,41.6118127],[122.48775,41.6136654],[122.4915336,41.6136654],[122.491954,41.616337],[122.4952121,41.6175941],[122.49549,41.6187974],[122.4927948,41.6187727],[122.4962978,41.6245079],[122.4946866,41.6267077],[122.4956324,41.6278076],[122.5008874,41.6254508],[122.5051582,41.6253733],[122.5083494,41.6287503],[122.5105756,41.627752],[122.5096106,41.6314212],[122.5143401,41.6404543],[122.513184,41.6459521],[122.5199508,41.6491739],[122.5211563,41.6528529],[122.5101361,41.6560826],[122.5122381,41.6748472],[122.5209678,41.6741805],[122.5280596,41.668126],[122.5328375,41.6690378],[122.5455018,41.6768224],[122.5428008,41.6861724],[122.5443418,41.6969644],[122.5508268,41.7059934],[122.5613783,41.7089274],[122.5696183,41.7146834],[122.5670928,41.7263639],[122.5703428,41.7294309],[122.5658394,41.7339433],[122.5657876,41.7379214],[122.5727068,41.7528589],[122.5829096,41.7564487],[122.5964159,41.7637213],[122.5913322,41.7705068],[122.5696095,41.7690339],[122.566378,41.7705068],[122.5575812,41.7689],[122.552375,41.7725152],[122.5556064,41.7805481],[122.555786,41.7876429],[122.548964,41.7900524],[122.5471421,41.7854639],[122.5364919,41.7878038],[122.5396286,41.7899185],[122.534892,41.7989874],[122.5247279,41.8014289],[122.5246294,41.8063578],[122.5120819,41.8100313],[122.5132382,41.8142752],[122.5058777,41.8148104],[122.5076937,41.818189],[122.5030052,41.8160146],[122.50498,41.8201623],[122.4997738,41.8205636],[122.5004135,41.8255109],[122.494747,41.824711],[122.4920917,41.8224732],[122.4893612,41.8243096],[122.4898998,41.8264501],[122.481103,41.8292594],[122.4808704,41.8306245],[122.4649789,41.8353136],[122.4665827,41.8366973],[122.454323,41.8408517],[122.4558882,41.8450359],[122.4532468,41.8482514],[122.4521638,41.8588254],[122.4540788,41.8681829],[122.4513093,41.8753549],[122.4539343,41.879715],[122.4501153,41.8810615],[122.4478378,41.8804819],[122.4457703,41.8823624],[122.4410218,41.8822818],[122.4415893,41.8852119],[122.4383393,41.8882639],[122.4364168,41.8940384],[122.4378508,41.8988264],[122.4508973,41.9024239],[122.4684833,41.9038544],[122.4883498,41.9017904],[122.5058668,41.9020694],[122.5135129,41.8977823],[122.5176,41.8978438],[122.5179059,41.9039939],[122.5121611,41.9089375],[122.5150834,41.9150039],[122.5126445,41.9174237],[122.5104307,41.9263405],[122.5114498,41.9297325],[122.5147656,41.9327655],[122.5008283,41.9342393],[122.5020932,41.936308],[122.4970705,41.9424104],[122.4963477,41.9452609],[122.4993363,41.9474973],[122.499727,41.949254],[122.4942271,41.9600236],[122.4969041,41.9673296],[122.4911643,41.9744976],[122.4897149,41.9818612],[122.4872044,41.984703],[122.4889189,41.9894669],[122.4930539,41.9933854],[122.4893179,42.004019],[122.4820277,42.0125809],[122.4773692,42.0219551],[122.4635834,42.0276261],[122.4647231,42.0304245],[122.4668998,42.031054],[122.4724485,42.0362279],[122.4720508,42.0425517],[122.4695761,42.0422762],[122.4692155,42.039942],[122.4679095,42.0393946],[122.4560634,42.0398417],[122.4531073,42.0432124],[122.4545094,42.051614],[122.4420175,42.0595615],[122.4425462,42.0622912],[122.4457489,42.0647183],[122.4481677,42.0702739],[122.4365887,42.071084],[122.4317699,42.0747727],[122.4283886,42.075693],[122.4315537,42.0827889],[122.4418832,42.0839967],[122.4446312,42.0859414],[122.4423434,42.0919076],[122.4291232,42.0912522],[122.4255163,42.0895006],[122.4224455,42.0902281],[122.4243041,42.0943401],[122.4286653,42.0979691],[122.4297261,42.1020534],[122.4422175,42.1081495],[122.4427236,42.1124668],[122.4363601,42.1124983],[122.4328913,42.1148288],[122.4327785,42.117173],[122.434815,42.1187683],[122.4360135,42.1168869],[122.4376911,42.1186161],[122.4407661,42.1177965],[122.4440463,42.1183228],[122.4441554,42.1193001],[122.4386556,42.1230486],[122.4336917,42.1216878],[122.4237931,42.122864],[122.4190024,42.1286274],[122.4167356,42.1373772],[122.4176655,42.1383636],[122.4238345,42.1385333],[122.4269806,42.1366676],[122.4295766,42.1372034],[122.4315046,42.138482],[122.4272566,42.1418728],[122.4337746,42.1485076],[122.4355422,42.1466237],[122.4391879,42.1478523],[122.4418393,42.1447398],[122.4538436,42.1423071],[122.4945607,42.1607491],[122.5147628,42.1725119],[122.6064988,42.2091139],[122.6092088,42.2107263],[122.6058924,42.215933],[122.6045689,42.2279075],[122.6144011,42.2279893],[122.6138487,42.2290528],[122.6199249,42.2327338],[122.6243439,42.2316704],[122.6269953,42.2291346],[122.6317438,42.2298272],[122.6316352,42.2325702],[122.6298676,42.2336335],[122.6313038,42.2351059],[122.6398104,42.2356784],[122.6419094,42.2321612],[122.6444503,42.2328156],[122.6464389,42.2306888],[122.6756513,42.2425344],[122.6863938,42.2477759],[122.6947328,42.2544519],[122.6983413,42.2589529],[122.7166442,42.2703627],[122.7224677,42.2695175],[122.7255752,42.2726793],[122.7231891,42.2746091],[122.7291267,42.2785508],[122.7285385,42.2820047],[122.7367239,42.2863467],[122.7432424,42.2862026],[122.7639863,42.2948263],[122.776369,42.2967043],[122.7997016,42.3098514],[122.8214546,42.3240896],[122.8447431,42.3363178],[122.8527448,42.3426275],[122.852961,42.3440169],[122.8718667,42.3445735],[122.8747047,42.3617583],[122.8748699,42.3675998],[122.8733227,42.3687211],[122.8746502,42.3714385],[122.8699054,42.3727721],[122.8769837,42.3863446],[122.8765572,42.3882962],[122.868254,42.3873359],[122.8608141,42.3929706],[122.8606514,42.3969253],[122.8568775,42.4047023],[122.8534661,42.401949],[122.843908,42.4025337],[122.8434207,42.399055],[122.8392107,42.3975714],[122.835001,42.3995426],[122.8289561,42.4000473],[122.8245024,42.4047709],[122.8245643,42.4065099],[122.8228209,42.4081586],[122.8283324,42.4116587],[122.8285242,42.4158639],[122.8182902,42.41251],[122.8123246,42.4146362],[122.8150783,42.4223156],[122.8203747,42.4218094],[122.821183,42.4227119],[122.8197163,42.4239111],[122.8212176,42.4264327],[122.8194133,42.4272304],[122.8273934,42.4294881],[122.8235126,42.4352455],[122.8207699,42.4332385],[122.8178312,42.4369719],[122.8211662,42.436693],[122.8218154,42.4436668],[122.8197253,42.4460278],[122.8208441,42.4477617],[122.8201004,42.4507681],[122.816225,42.4546877],[122.8195583,42.4590225],[122.8157648,42.4648271],[122.8176947,42.4687133],[122.8149793,42.4737919],[122.8128295,42.474066],[122.8146233,42.476538],[122.8129561,42.4789177],[122.8177581,42.4817131],[122.8188094,42.4858356],[122.8210505,42.4854828],[122.820999,42.4880044],[122.8137391,42.4888051],[122.8289033,42.4958593],[122.8661258,42.5020052],[122.8767364,42.5018804],[122.8775251,42.5001553],[122.8806454,42.5009131],[122.8838046,42.4992258],[122.8943472,42.4973925],[122.8978665,42.4976443],[122.8987627,42.4999611],[122.9036152,42.4986043],[122.9032613,42.5003712],[122.9046398,42.5024118],[122.9035402,42.5099742],[122.9062038,42.5138193],[122.9059819,42.5169279],[122.9066478,42.5179096],[122.911864,42.5176642],[122.9127519,42.5202],[122.9105322,42.5260075],[122.9163893,42.5334814],[122.9368403,42.5454808],[122.9435374,42.5430641],[122.9489911,42.5471058],[122.9504496,42.5463064],[122.9578882,42.5557507],[122.960485,42.5554487],[122.9619884,42.5597777],[122.9675921,42.560583],[122.9685488,42.561791],[122.9639019,42.5653143],[122.9640841,42.5687964],[122.9622899,42.570239],[122.9492146,42.5751352],[122.9466298,42.5779363],[122.9410648,42.5783975],[122.9369116,42.5812033],[122.925633,42.5853428],[122.9223354,42.5877672],[122.9216694,42.5913802],[122.9177689,42.5915684],[122.919346,42.5941975],[122.9166125,42.5951031],[122.923967,42.5993608],[122.9211227,42.6027492],[122.9053897,42.6069381],[122.8971673,42.6112828],[122.8868827,42.6066206],[122.8805304,42.6095897],[122.8782069,42.6081815],[122.8752291,42.6090535],[122.8738333,42.6057672],[122.8716532,42.608834],[122.8686655,42.6068007],[122.862907,42.6113811],[122.8572555,42.6194338],[122.8371295,42.6312579],[122.8333777,42.6434794],[122.8377513,42.6462944],[122.8322843,42.6469981],[122.8322843,42.6491092],[122.8192868,42.6500935],[122.813717,42.648202],[122.8054806,42.6496609],[122.7871608,42.648677],[122.7872936,42.6556131],[122.7857419,42.6606483],[122.7737732,42.6680619],[122.7741361,42.6713156],[122.7640721,42.6760241],[122.7507791,42.6778455],[122.7418629,42.6867739],[122.745142,42.689632],[122.7451288,42.6960975],[122.7501813,42.7003368],[122.7653071,42.7077591],[122.7689292,42.7076849],[122.7742414,42.7097918],[122.7781467,42.7160537],[122.7838948,42.7159939],[122.7877827,42.7204002],[122.7952271,42.7239109],[122.808642,42.7169767],[122.8312855,42.714558],[122.832629,42.7118747],[122.8344403,42.7162746],[122.8385647,42.7159939],[122.8406148,42.7183035],[122.8426649,42.7175002],[122.843034,42.7156957],[122.8417082,42.7138851],[122.8440827,42.7108354],[122.8408881,42.706353],[122.8489519,42.7053487],[122.8510363,42.7095915],[122.8453055,42.7124362],[122.850592,42.7188056],[122.8526421,42.7236252],[122.8699998,42.7372789],[122.8679497,42.7384835],[122.87369,42.7459113],[122.8776536,42.7438035],[122.8780636,42.7498256],[122.8723233,42.7491231],[122.8734167,42.7573525],[122.8809338,42.7679888],[122.9245029,42.7702224],[122.9277422,42.7681083],[122.9315034,42.7615671],[122.9399772,42.752134],[122.9430161,42.7571854],[122.9477676,42.7519332],[122.9582916,42.755245],[122.9686789,42.761266],[122.9638952,42.76538],[122.9742825,42.7754131],[122.982893,42.7771185],[122.9839864,42.7758143],[122.9887227,42.7748313],[122.9896916,42.7729885],[122.9960138,42.7722027],[123.0011146,42.7735609],[123.0023008,42.7715004],[123.0064416,42.772599],[123.0099074,42.769585],[123.0155582,42.7699954],[123.0192484,42.7677881],[123.022953,42.7677289],[123.0258088,42.7655807],[123.0422098,42.7690924],[123.0442599,42.7671861],[123.0489068,42.7660824],[123.0519137,42.7668851],[123.0527337,42.7708984],[123.0582504,42.7710648],[123.0771985,42.7865478],[123.0812987,42.7842408],[123.085809,42.7883532],[123.0888158,42.7868487],[123.0978363,42.7931675],[123.1011335,42.7916902],[123.1102737,42.7984828],[123.125001,42.799952],[123.145788,42.8059667],[123.16139,42.8086108],[123.1743741,42.8170327],[123.1728707,42.8208423],[123.1833946,42.8233484],[123.1914584,42.8220452],[123.2104562,42.825253],[123.2156498,42.8235489],[123.2219692,42.829687],[123.1921107,42.8426574],[123.1868115,42.8432938],[123.1825746,42.8463001],[123.1777909,42.8431936],[123.1694538,42.8484044],[123.1646775,42.8496597],[123.1643124,42.8572429],[123.1762753,42.8805867],[123.1813445,42.8841668],[123.1820279,42.9017899],[123.1780306,42.9234695],[123.1854836,42.9334466],[123.1921418,42.9380217],[123.1996589,42.9492272],[123.2044425,42.9511279],[123.2135997,42.9512279],[123.2238505,42.9588652],[123.2272488,42.9629381],[123.2265838,42.9654315],[123.2339642,42.977132],[123.2371077,42.977932],[123.2534768,42.9913713],[123.2692442,42.9952684],[123.3170623,42.9983272],[123.3260829,43.0030252],[123.3456329,43.0050422],[123.3770625,43.0121202],[123.3766524,43.0143188],[123.3960602,43.0178164],[123.4011172,43.0205144],[123.4053541,43.0261099],[123.4168348,43.0273088],[123.4279054,43.0251107],[123.4324157,43.027109],[123.4429396,43.0359007],[123.4570171,43.0364002],[123.4660376,43.0402961],[123.474367,43.0367508],[123.4824386,43.0310055],[123.4869488,43.0234121],[123.4940559,43.0215136],[123.4969261,43.0238118],[123.4997962,43.0213138],[123.5104532,43.0260427],[123.5076784,43.0209664],[123.5202974,43.0147185],[123.5222815,43.011386],[123.5284537,43.010701],[123.5218008,43.0068232],[123.5216971,43.0039802],[123.5256719,43.0023176],[123.5366245,43.0008301],[123.540849,43.0034619],[123.5436654,43.0010589],[123.5375184,42.993429],[123.5380651,42.98983],[123.5347183,42.9857163],[123.5352016,42.9842916],[123.5377913,42.9832611],[123.5466617,42.9824737],[123.5407643,42.9753972],[123.5453749,42.9645367],[123.5496191,42.9587081],[123.5548769,42.9529653],[123.5653173,42.9475896],[123.5778569,42.9467108],[123.5796568,42.9405038],[123.5890186,42.9352797],[123.5952689,42.9293169],[123.5978441,42.9286602],[123.5985801,42.9263819],[123.5950786,42.9208564],[123.5894945,42.9183005],[123.5835784,42.9187161],[123.5793283,42.9138619],[123.5786549,42.9095467],[123.583053,42.905582],[123.5968349,42.9011363],[123.5968314,42.8994012],[123.5932454,42.8940218],[123.5941115,42.889961],[123.5827076,42.8850121],[123.5796543,42.8821533],[123.578303,42.8799254],[123.5779636,42.8738323],[123.5804745,42.8715015],[123.5860818,42.8695089],[123.5969866,42.867336],[123.5978805,42.8652393],[123.5969989,42.8626544],[123.5795218,42.8491074],[123.5803363,42.8470774],[123.5877628,42.8444202],[123.5870625,42.8409543],[123.5882481,42.8376012],[123.5913058,42.8342379],[123.5992412,42.8298101],[123.5983506,42.8259984],[123.5867128,42.8213652],[123.5865454,42.8178051],[123.5891337,42.8129951],[123.5877528,42.8107158],[123.5918687,42.8024442],[123.5915262,42.7989268],[123.5956637,42.7943729],[123.5942341,42.7917502],[123.5884081,42.7887412],[123.5877681,42.7873321],[123.5959939,42.7818148],[123.5956462,42.7792628],[123.5999713,42.7725326],[123.5930784,42.7691479],[123.5813777,42.7728062],[123.573612,42.7704463],[123.571962,42.7687507],[123.5726308,42.7656824],[123.5755349,42.7604182],[123.5808751,42.7578887],[123.5812242,42.7523782],[123.5798156,42.7495338],[123.5715076,42.7491149],[123.5698931,42.7478107],[123.5668032,42.7413945],[123.5668032,42.7384865],[123.5534136,42.725909],[123.5534136,42.7233124],[123.5633512,42.7150153],[123.5652416,42.7102171],[123.5684412,42.7073709],[123.5760381,42.7054488],[123.5771059,42.703618],[123.5767558,42.7005304],[123.5718196,42.6963513],[123.5725166,42.6949426],[123.5641203,42.694262],[123.5628614,42.6920143],[123.564684,42.6895786],[123.5747833,42.6873075],[123.5782754,42.6853822],[123.5796242,42.6827797],[123.5813082,42.6827797],[123.5834485,42.6806819],[123.5850375,42.676311],[123.5815068,42.6752065],[123.5745274,42.6782226],[123.5724161,42.6775062],[123.5714381,42.6749093],[123.5785876,42.6724053],[123.582411,42.6686997],[123.5842953,42.6630313],[123.5862672,42.6617022],[123.5922787,42.6631951],[123.5963394,42.6661809],[123.5983994,42.6734917],[123.6013683,42.67683],[123.606111,42.6778631],[123.6194892,42.6736318],[123.6198441,42.662386],[123.6130953,42.6530792],[123.6131919,42.6510179],[123.617749,42.6457483],[123.6326643,42.6356757],[123.6398212,42.6344221],[123.6482599,42.6310011],[123.6572163,42.6265658],[123.6600337,42.6238447],[123.6558276,42.6190401],[123.6472498,42.6165152],[123.6454386,42.6146976],[123.6458982,42.6133448],[123.6535492,42.6138452],[123.657582,42.6112644],[123.663066,42.6020564],[123.6696708,42.5995633],[123.6887051,42.6004517],[123.6917105,42.5995408],[123.6965921,42.5946638],[123.695874,42.5922848],[123.6928565,42.5907168],[123.6860389,42.5907168],[123.6847346,42.5889163],[123.6847346,42.5858084],[123.6881498,42.5780131],[123.6901595,42.5761632],[123.694349,42.5750525],[123.7020873,42.576952],[123.704766,42.5759],[123.7072161,42.5731935],[123.707741,42.5699725],[123.7055255,42.5655795],[123.7068066,42.5641642],[123.7213363,42.5649158],[123.7241442,42.5615929],[123.7242213,42.5576926],[123.720244,42.5521274],[123.7236507,42.5498547],[123.7301051,42.5499892],[123.7331962,42.5553693],[123.7374339,42.5574628],[123.7525383,42.5518774],[123.7540751,42.5493916],[123.7467889,42.5410596],[123.7303463,42.5402825],[123.7232367,42.5360604],[123.7184613,42.5356608],[123.7117156,42.5323883],[123.7082814,42.5346213],[123.6957168,42.5260239],[123.6780448,42.5079054],[123.6734556,42.514724],[123.6664259,42.5133546],[123.6648607,42.5166008],[123.6630392,42.517368],[123.6600902,42.5163451],[123.6590695,42.5175707],[123.6518357,42.5187155],[123.6529914,42.5222937],[123.6569065,42.5208629],[123.6629525,42.5281076],[123.6586156,42.529386],[123.6578327,42.5330629],[123.6587891,42.5375033],[123.6569676,42.5373754],[123.6603504,42.5420408],[123.657488,42.5428077],[123.6609575,42.545236],[123.6579217,42.5495813],[123.6504623,42.5501564],[123.647253,42.5481755],[123.6423831,42.5505562],[123.6380104,42.5507414],[123.6212318,42.5436384],[123.6236604,42.5403792],[123.6227063,42.5391649],[123.617659,42.5417588],[123.619497,42.5357137],[123.6169817,42.5350746],[123.6163009,42.5321829],[123.6069201,42.5332211],[123.6083946,42.5311757],[123.6063997,42.5245279],[123.6108858,42.5228952],[123.6034549,42.5072653],[123.5780365,42.5106548],[123.5776029,42.5089284],[123.5798623,42.5087305],[123.5773422,42.5005584],[123.5674397,42.5028693],[123.5663121,42.5041482],[123.5627559,42.5033169],[123.5619752,42.5019741],[123.5635365,42.5006951],[123.5606742,42.4967301],[123.5588527,42.4991603],[123.556771,42.49948],[123.5559904,42.498201],[123.5523163,42.497743],[123.5480105,42.491102],[123.5463625,42.4905264],[123.5441941,42.4917416],[123.5440118,42.4888769],[123.5359898,42.4886477],[123.5285813,42.4799083],[123.5266723,42.4799216],[123.5241577,42.4848338],[123.5182249,42.4827448],[123.5164381,42.4854734],[123.5130553,42.4811237],[123.5155707,42.4809957],[123.5134023,42.4790127],[123.5141829,42.4751103],[123.5103879,42.4780195],[123.507844,42.4764259],[123.5036009,42.466921],[123.5001314,42.4675608],[123.4985702,42.4657693],[123.4919664,42.4638748],[123.4904125,42.4610126],[123.4846054,42.4608423],[123.4822635,42.4627619],[123.4731152,42.4627308],[123.4659673,42.4575471],[123.4671712,42.453547],[123.4634872,42.4519345],[123.4608394,42.447339],[123.4561036,42.4437791],[123.4503098,42.4421119],[123.4488696,42.4305039],[123.456329,42.4289033],[123.458324,42.4222447],[123.461967,42.4202597],[123.4617935,42.4183388],[123.4727376,42.4124284],[123.4751511,42.4059792],[123.4721915,42.4062946],[123.4688192,42.4048263],[123.4657834,42.3953467],[123.4688553,42.394877],[123.4658701,42.3893251],[123.4626609,42.3889407],[123.4642333,42.3847959],[123.4595383,42.3789461],[123.4648293,42.3743327],[123.4710158,42.3724959],[123.4760703,42.3694045],[123.4766256,42.366002],[123.4818298,42.3608108],[123.4919996,42.3593305],[123.4942973,42.3616423],[123.49432,42.3586316],[123.4970956,42.3560037],[123.4972691,42.3538244],[123.4998712,42.3515809],[123.5036877,42.3520937],[123.506085,42.3485603],[123.5125881,42.3459348],[123.512227,42.3450927],[123.5152859,42.3429259],[123.5168045,42.3374997],[123.5223578,42.3374198],[123.5220264,42.3195663],[123.5200782,42.3197994],[123.516629,42.3097062],[123.509694,42.2965155],[123.5042325,42.2906534],[123.4927965,42.2740894],[123.487134,42.2712273],[123.4865092,42.2729832],[123.4823701,42.2745364],[123.4761052,42.2714676],[123.4765389,42.2685151],[123.4755847,42.2667821],[123.4734163,42.2661402],[123.4758913,42.2643064],[123.4749535,42.2624759],[123.4715382,42.2627945],[123.467717,42.2594685],[123.4623603,42.246814],[123.4702454,42.2308743],[123.4592418,42.2277276],[123.4570599,42.2179873],[123.45328,42.2182727],[123.4504143,42.2131531],[123.4486961,42.2134197],[123.4464909,42.2085857],[123.445406,42.2087414],[123.4436419,42.2027478],[123.4487088,42.2015051],[123.4480788,42.1978692],[123.4522565,42.19785],[123.4518968,42.1935804],[123.4586602,42.1914439],[123.4571066,42.1877946],[123.4629332,42.1856587],[123.4622586,42.1832501],[123.4638531,42.1793543],[123.4671822,42.1801705],[123.4810684,42.1781825],[123.4984176,42.1906083],[123.5031991,42.1907922],[123.5124186,42.1893265],[123.5203231,42.1861798],[123.5272569,42.1791771],[123.5342631,42.1782052],[123.5361553,42.1800897],[123.5345909,42.153456],[123.5325206,42.1530314],[123.5342018,42.1518835],[123.5345084,42.1488369],[123.5365508,42.1475897],[123.5360417,42.1450626],[123.5459393,42.1408421],[123.5501482,42.1427888],[123.5513136,42.1404695],[123.5628441,42.1359215],[123.5692704,42.1305038],[123.5843105,42.1272339],[123.5900145,42.1233218],[123.6017903,42.1191366],[123.6028943,42.1172713],[123.6144248,42.1140411],[123.6185955,42.1115842],[123.6189635,42.1090362],[123.6227047,42.1084902],[123.6227661,42.1064426],[123.6252194,42.1060785],[123.6241154,42.1036213],[123.6272434,42.1028022],[123.6250967,42.1015736],[123.6271251,42.0984287],[123.629038,42.0986933],[123.6296341,42.1008633],[123.6392646,42.0976599],[123.6407365,42.0989342],[123.6447232,42.0961126],[123.6465631,42.0964767],[123.6471765,42.095794],[123.6455818,42.0941556],[123.6482805,42.0925172],[123.6512244,42.0942922],[123.6522671,42.0941101],[123.6519604,42.0922441],[123.6534324,42.0937005],[123.6568057,42.0916525],[123.657603,42.0928813],[123.6593817,42.09188],[123.662571,42.0939736],[123.6644723,42.0926538],[123.6656376,42.0940646],[123.6683362,42.0938371],[123.6676002,42.0948838],[123.6712189,42.0962036],[123.6777201,42.0958396],[123.6874107,42.0938371],[123.6920106,42.0899684],[123.6990639,42.0890582],[123.6995545,42.0834595],[123.7017012,42.0820484],[123.7070985,42.0818663],[123.7187517,42.0739908],[123.7215779,42.0739474],[123.7271478,42.068757],[123.7267798,42.0666111],[123.7292728,42.062928],[123.7356929,42.0645326],[123.7445114,42.0604226],[123.7448131,42.0588354],[123.7476754,42.0575474],[123.7490632,42.055229],[123.7452018,42.0511309],[123.7538196,42.0472688],[123.7540073,42.0437643],[123.7613622,42.0453055],[123.7629283,42.0418553],[123.7664975,42.0426049],[123.7760508,42.0382744],[123.776549,42.0358844],[123.7773396,42.0356476],[123.7774264,42.0384821],[123.7802882,42.0361242],[123.7804622,42.0402859],[123.7828908,42.0418319],[123.7862292,42.0479912],[123.7841585,42.0502764],[123.7896649,42.0576166],[123.7972997,42.0574366],[123.8025985,42.0481846],[123.8085417,42.0475889],[123.8079642,42.0407884],[123.8019,42.0378818],[123.8036757,42.0322002],[123.8070315,42.0300686],[123.8076917,42.0271627],[123.8044885,42.0201844],[123.8016261,42.0194111],[123.8008973,42.01571],[123.7891116,42.0100906],[123.7838449,42.0132891],[123.7821969,42.0176712],[123.7800063,42.0162964],[123.7735232,42.0212154],[123.7675708,42.0214758],[123.7645025,42.0185734],[123.7577253,42.0155738],[123.7589513,42.0123224],[123.7581707,42.0092934],[123.759385,42.0076822],[123.7564411,42.0011101],[123.7573439,41.9962963],[123.7640258,41.9990882],[123.766762,41.9920009],[123.7726036,41.9930562],[123.7726068,41.989395],[123.7918116,41.9899244],[123.7853258,41.9862875]],[[122.9109026,41.519778],[122.9027776,41.5252239],[122.8957736,41.5205749],[122.8932349,41.5171625],[122.9015142,41.5127127],[122.9081431,41.5188233],[122.9109026,41.519778]],[[123.0538812,41.92114],[123.0582932,41.9249128],[123.0549988,41.9256703],[123.062804,41.9343054],[123.0439842,41.9365451],[123.0422554,41.9313566],[123.0538812,41.92114]]]]}},{"type":"Feature","properties":{"land_bounds":[122.1870151,39.9986906,123.761882,41.5681838],"id":"liaoning-anshan","names":{"en":"Anshan","zh-CN":"鞍山"},"osm_relation":2769683,"admin_level":5,"source":"https://www.openstreetmap.org/relation/2769683","license":"ODbL-1.0","attribution":"© OpenStreetMap contributors","simplification_degrees":0.0008},"geometry":{"type":"MultiPolygon","coordinates":[[[[123.5364847,40.8247184],[123.5423306,40.8142814],[123.5492845,40.806665],[123.5514854,40.8020421],[123.5714345,40.7940801],[123.5711533,40.7909281],[123.5686681,40.788241],[123.5733626,40.7797353],[123.5787909,40.7782381],[123.5814974,40.7724787],[123.5805635,40.7659586],[123.5720213,40.7660224],[123.5665723,40.7617683],[123.5588598,40.7584029],[123.5554287,40.7519484],[123.5559461,40.7496391],[123.5516868,40.7461497],[123.5519857,40.7442737],[123.5501275,40.7425124],[123.5504215,40.7396891],[123.5492749,40.7382168],[123.5519466,40.7370471],[123.5496666,40.7328636],[123.5492029,40.7292873],[123.5503771,40.7268034],[123.5491835,40.7237903],[123.5457941,40.7214529],[123.5487643,40.7177739],[123.5523399,40.7190291],[123.554535,40.7184477],[123.5533241,40.7115334],[123.5648136,40.7107083],[123.5680323,40.7076479],[123.5725419,40.706638],[123.5754659,40.7031616],[123.5722859,40.6959494],[123.5739632,40.6946252],[123.5716517,40.6908583],[123.5741917,40.6868773],[123.5773807,40.6847068],[123.5870242,40.6843863],[123.6001072,40.686102],[123.6029951,40.6888447],[123.6070109,40.6889596],[123.6115907,40.6915998],[123.6176407,40.6918553],[123.6307632,40.6891163],[123.646229,40.6811279],[123.6478695,40.6769088],[123.6732897,40.6683987],[123.6831242,40.662417],[123.6915598,40.6632229],[123.7049067,40.6601662],[123.7077146,40.6563188],[123.7129808,40.6562683],[123.7196922,40.6523461],[123.7254137,40.6470971],[123.7286487,40.6407876],[123.7293348,40.6342343],[123.7284335,40.6305172],[123.7358269,40.6199153],[123.7402072,40.6174339],[123.7429917,40.6136649],[123.7429997,40.6088469],[123.7414132,40.6044558],[123.7370872,40.6036467],[123.733613,40.5977923],[123.7274566,40.5954484],[123.7178924,40.5952654],[123.7117572,40.5906473],[123.7180783,40.5815857],[123.7224698,40.5774907],[123.7287039,40.5763877],[123.7324402,40.5738662],[123.7327532,40.5690362],[123.7307884,40.5670888],[123.7300296,40.55895],[123.7350665,40.5517585],[123.7352706,40.5477013],[123.7291703,40.5373903],[123.7338368,40.5345365],[123.7353053,40.5305616],[123.7321723,40.5245676],[123.7326334,40.521391],[123.734771,40.5198205],[123.7333906,40.5154046],[123.7350891,40.5098093],[123.7324205,40.5063097],[123.7392247,40.5034733],[123.743924,40.5041794],[123.7475521,40.4998417],[123.7513851,40.5013729],[123.7615337,40.4984485],[123.761882,40.4917091],[123.7596783,40.4851923],[123.7552555,40.4796746],[123.7515131,40.4668935],[123.7494337,40.4647455],[123.7541781,40.46231],[123.753476,40.4578543],[123.7545315,40.4508536],[123.7592711,40.4483346],[123.7602487,40.4406452],[123.7583827,40.4378987],[123.7576334,40.4305581],[123.745394,40.4217921],[123.7394785,40.4132483],[123.7401864,40.4112371],[123.7580077,40.4010455],[123.752279,40.3932711],[123.7519518,40.3891541],[123.747038,40.3864741],[123.7472073,40.383536],[123.7435609,40.3814917],[123.743743,40.3794548],[123.7384413,40.3734902],[123.7350818,40.3651035],[123.728022,40.3554553],[123.7248927,40.3472057],[123.7140052,40.3422734],[123.7133082,40.3356598],[123.7071372,40.3315301],[123.7031281,40.3196584],[123.7027466,40.3113435],[123.7056868,40.3097883],[123.7065167,40.3071665],[123.7044136,40.3020054],[123.6996367,40.2979622],[123.6991566,40.2953717],[123.6905062,40.2959599],[123.6819664,40.2905121],[123.675957,40.2902136],[123.6743412,40.288344],[123.67416,40.2819635],[123.6690071,40.2798035],[123.667253,40.2746495],[123.6649348,40.2747972],[123.6573609,40.2688929],[123.6529216,40.2683859],[123.6498161,40.2636476],[123.6431096,40.2591695],[123.639216,40.2593331],[123.6360895,40.2627116],[123.6316139,40.2636203],[123.6232831,40.2581742],[123.6239961,40.2555869],[123.6189662,40.248677],[123.6154294,40.2476139],[123.6060562,40.2404865],[123.5878523,40.2410849],[123.5883312,40.2385084],[123.586272,40.235239],[123.5878007,40.2320118],[123.5849554,40.2249517],[123.5809245,40.2236844],[123.5678147,40.2017551],[123.5533508,40.1877395],[123.5591906,40.1780448],[123.5703512,40.1662669],[123.5770563,40.1634254],[123.5942993,40.1691324],[123.6008159,40.1673528],[123.601181,40.1581638],[123.5955296,40.1447266],[123.5850004,40.1293209],[123.5857841,40.1273735],[123.5791946,40.1242704],[123.5696404,40.1145175],[123.5618055,40.1128666],[123.5580798,40.1078909],[123.5586586,40.1033873],[123.5577239,40.1012629],[123.5508455,40.1005881],[123.5466373,40.0980486],[123.5429222,40.0988384],[123.5404871,40.1013445],[123.5232298,40.1020221],[123.5229271,40.0995984],[123.5168081,40.0984232],[123.5143499,40.0953603],[123.5111405,40.094849],[123.5078068,40.0924133],[123.5080872,40.0891183],[123.4922626,40.0839595],[123.4900351,40.0803532],[123.4865398,40.080022],[123.4772728,40.0744939],[123.4729619,40.0733861],[123.4704855,40.0699208],[123.4757208,40.0577677],[123.4748523,40.0557635],[123.4771235,40.0495311],[123.4733344,40.0474268],[123.4690139,40.0469034],[123.4690846,40.0436288],[123.4652809,40.0454239],[123.4652661,40.043274],[123.462296,40.0396269],[123.4600534,40.0421274],[123.4581072,40.0419499],[123.4595563,40.0480799],[123.4564644,40.0538864],[123.4523137,40.0565792],[123.4431929,40.0557465],[123.4514288,40.0544335],[123.4582583,40.0367385],[123.4643214,40.0350201],[123.4670504,40.035969],[123.4693851,40.0314953],[123.4716233,40.0298573],[123.4616964,40.0312749],[123.4537004,40.0309067],[123.4484216,40.0342196],[123.4426195,40.0356037],[123.4312858,40.0317607],[123.4295596,40.0324926],[123.4198711,40.030359],[123.4170878,40.0289722],[123.4145356,40.0238109],[123.4107371,40.0225573],[123.4096964,40.020034],[123.400421,40.0119845],[123.4006731,40.0098296],[123.3992612,40.0077648],[123.3969818,40.0078603],[123.3934993,40.0108372],[123.3862774,40.0121589],[123.3820317,40.0104123],[123.3744139,40.0032442],[123.3739921,39.9999508],[123.3724304,39.9986906],[123.3679802,40.002184],[123.3546178,40.000298],[123.3509414,40.0027241],[123.3501128,40.0057029],[123.3364868,40.0132409],[123.3194646,40.0160958],[123.3028142,40.0229165],[123.295307,40.0172931],[123.2939825,40.0145465],[123.2939169,40.0095636],[123.2889494,40.0106649],[123.2866121,40.0080988],[123.2804574,40.0091607],[123.2739521,40.0193954],[123.2745348,40.0219467],[123.2703146,40.0282768],[123.2706232,40.0312428],[123.2663695,40.03295],[123.2610933,40.0378419],[123.2515499,40.0378241],[123.2503331,40.036002],[123.244031,40.0335045],[123.2285032,40.0436559],[123.2229029,40.04311],[123.2192323,40.0462985],[123.2179938,40.0500274],[123.2108376,40.0526432],[123.2056785,40.0585756],[123.1932687,40.0653274],[123.1847992,40.0597117],[123.1694265,40.0665026],[123.1671352,40.0689922],[123.1622072,40.0661302],[123.1538896,40.0675842],[123.1459315,40.0706406],[123.1376602,40.0705499],[123.1359532,40.0713296],[123.134292,40.075646],[123.1305833,40.0776581],[123.1257947,40.0774876],[123.1236547,40.0751705],[123.1211065,40.0745942],[123.1208228,40.0712272],[123.1161847,40.0678755],[123.1159911,40.0648507],[123.1122251,40.0619304],[123.1046921,40.065676],[123.107074,40.0679896],[123.0988447,40.0713338],[123.0974302,40.0731622],[123.0922327,40.0700597],[123.0891343,40.065441],[123.0746918,40.0535279],[123.0687764,40.0423273],[123.0637533,40.0475991],[123.0530518,40.0533512],[123.0473427,40.0539385],[123.044928,40.0560381],[123.0269713,40.0598042],[123.0242043,40.0631601],[123.0237022,40.0686424],[123.0165486,40.072084],[123.0099387,40.072027],[123.0038827,40.0693722],[123.0002692,40.0700797],[122.9964276,40.0734565],[122.9911409,40.0825512],[122.9893384,40.0887329],[122.9903803,40.0901595],[122.9882258,40.0920891],[122.9802163,40.0936108],[122.9772974,40.0967406],[122.9796513,40.0999303],[122.9860888,40.1043289],[122.9917076,40.1111867],[122.9821379,40.1168206],[122.9643173,40.1172334],[122.9515169,40.1212128],[122.9518586,40.1265485],[122.9481083,40.1279988],[122.9413667,40.1352159],[122.9429935,40.1430318],[122.9394276,40.1550682],[122.9396905,40.1610163],[122.9373095,40.1657726],[122.9405285,40.1704412],[122.9348741,40.1730455],[122.9322235,40.177809],[122.9266663,40.1799699],[122.9214208,40.179638],[122.9105138,40.1842205],[122.8970399,40.1853605],[122.893587,40.1844944],[122.8904524,40.1868871],[122.8886377,40.1928381],[122.8897534,40.1990937],[122.8886503,40.2039986],[122.8908599,40.2058795],[122.8892694,40.2094706],[122.891749,40.2145587],[122.890738,40.2158956],[122.8916011,40.217515],[122.8885926,40.2218833],[122.8883173,40.2246639],[122.8865442,40.2251967],[122.8866823,40.2326406],[122.8798103,40.234972],[122.8801293,40.236597],[122.8771464,40.2406475],[122.8782457,40.2425091],[122.8748804,40.2458602],[122.8767563,40.2482307],[122.8719594,40.2538945],[122.8726897,40.2559099],[122.8695901,40.25736],[122.8682645,40.2608237],[122.8700968,40.2634224],[122.8677631,40.2685184],[122.8707564,40.2707996],[122.8709511,40.274686],[122.8725891,40.2771463],[122.8719123,40.2800559],[122.874884,40.2830955],[122.8746305,40.2860526],[122.8769726,40.2883004],[122.875388,40.2935846],[122.8771638,40.2959688],[122.8765778,40.3012919],[122.8750928,40.3023111],[122.8767863,40.3063959],[122.8865634,40.3151205],[122.8862961,40.3182417],[122.9054155,40.3292701],[122.9107374,40.3303203],[122.9164207,40.3341572],[122.9163774,40.3368325],[122.920053,40.3375565],[122.9213281,40.3414513],[122.9282681,40.3446592],[122.9284688,40.351457],[122.9222971,40.3594147],[122.9242981,40.3649859],[122.9301668,40.3694085],[122.9329815,40.3750749],[122.9300164,40.3807702],[122.9273444,40.3829139],[122.9331518,40.3960204],[122.9313508,40.4080239],[122.9353029,40.4111709],[122.9361188,40.4136239],[122.9403637,40.4142327],[122.9458457,40.4128344],[122.9532677,40.4161217],[122.9699506,40.4160261],[122.9781831,40.4171856],[122.9823285,40.422483],[122.9896506,40.4262098],[122.9913064,40.437304],[122.9890711,40.4438905],[122.9768889,40.4585305],[122.9826316,40.4664599],[122.9873942,40.4672992],[122.9994482,40.475304],[123.0012997,40.4799334],[122.9859618,40.4810334],[122.9774974,40.4840912],[122.9687498,40.5039939],[122.9641183,40.5075639],[122.9496918,40.5139269],[122.9446028,40.5143014],[122.9308013,40.5275229],[122.923427,40.5323471],[122.9221855,40.530865],[122.9205355,40.5311944],[122.9096949,40.5362503],[122.9076004,40.5348496],[122.8998063,40.5350983],[122.8969819,40.5358235],[122.8966367,40.5372018],[122.8922483,40.5373253],[122.8890069,40.5346623],[122.885503,40.5340485],[122.8810152,40.5301811],[122.8761689,40.5300578],[122.8743392,40.5274342],[122.8693315,40.5264269],[122.8675808,40.52804],[122.8619155,40.528619],[122.8577437,40.5263419],[122.8513826,40.5310504],[122.8473444,40.5312544],[122.8425503,40.5336547],[122.8272827,40.5357864],[122.8241164,40.5350258],[122.8240842,40.536593],[122.8200216,40.5396809],[122.8191182,40.5465685],[122.8137223,40.5522185],[122.8137992,40.5541667],[122.8113378,40.5562712],[122.8062687,40.55672],[122.8022003,40.5688514],[122.7975693,40.5742265],[122.7923583,40.5773694],[122.7860793,40.5782239],[122.7781568,40.5759474],[122.7641445,40.5755225],[122.757042,40.5766798],[122.7567102,40.581367],[122.7436117,40.5826747],[122.7397657,40.5841633],[122.7345103,40.5840291],[122.730372,40.5816533],[122.7262327,40.5816936],[122.7234171,40.5846972],[122.7151393,40.5875784],[122.7155082,40.5888393],[122.712372,40.5912209],[122.7077713,40.5903509],[122.7006145,40.5948945],[122.6984351,40.6000841],[122.686858,40.59848],[122.6813141,40.5931395],[122.6743014,40.591162],[122.6663061,40.5932021],[122.6578292,40.5932111],[122.6543416,40.5899993],[122.6552124,40.5877801],[122.6574471,40.5869035],[122.6544961,40.5822226],[122.6464302,40.5830511],[122.6455623,40.592506],[122.6422578,40.5926433],[122.6429468,40.5949318],[122.6398844,40.5948746],[122.6390393,40.596358],[122.6350296,40.5974852],[122.6271066,40.6036346],[122.6207288,40.6067754],[122.6385448,40.6097127],[122.6415043,40.6139345],[122.645809,40.6155576],[122.6478156,40.6225429],[122.6493055,40.6238574],[122.6495423,40.6272649],[122.645767,40.6311677],[122.641808,40.6320805],[122.6401489,40.6356209],[122.6431991,40.637439],[122.6479137,40.6370885],[122.6502122,40.6395659],[122.6519818,40.6437191],[122.6506612,40.6462468],[122.6485339,40.646888],[122.6492776,40.6489864],[122.6518405,40.6499002],[122.6523865,40.6537868],[122.6546886,40.6569865],[122.6643928,40.6611297],[122.6666147,40.6646322],[122.6664637,40.668273],[122.6656799,40.6695976],[122.6614796,40.6681295],[122.6607724,40.6697887],[122.6575588,40.6701984],[122.6558101,40.6679951],[122.647216,40.6668799],[122.6421434,40.6650444],[122.6423432,40.6632713],[122.6336635,40.6575928],[122.6318909,40.6614947],[122.6298344,40.6603481],[122.6315855,40.6624314],[122.6289248,40.6646703],[122.6193278,40.6676114],[122.6180785,40.6703747],[122.6190631,40.6766695],[122.616884,40.6799281],[122.6201237,40.6829912],[122.6181092,40.6878085],[122.6204365,40.6881502],[122.6211811,40.690376],[122.6272215,40.6949914],[122.6315596,40.6954257],[122.6358425,40.6998798],[122.6399356,40.7013227],[122.6409358,40.704319],[122.6440577,40.705808],[122.6461219,40.7090962],[122.6461335,40.7285971],[122.6447373,40.7382619],[122.6428373,40.7428969],[122.6405488,40.7457044],[122.6345673,40.7472304],[122.5957868,40.7502554],[122.5829773,40.7471314],[122.5769423,40.7470514],[122.5625608,40.7565729],[122.5518263,40.7595864],[122.5258021,40.7621005],[122.5261065,40.7640832],[122.5106986,40.7643786],[122.521383,40.7790929],[122.5305281,40.789922],[122.5317312,40.7894894],[122.5336088,40.7915095],[122.5316324,40.7920332],[122.5340041,40.7948761],[122.535684,40.7946516],[122.5368698,40.7968959],[122.5330232,40.7994056],[122.5349923,40.8040772],[122.5339679,40.8039884],[122.5332135,40.8088643],[122.5348391,40.8146065],[122.5368698,40.8170913],[122.5318301,40.8177644],[122.5320277,40.8192601],[122.530249,40.8201575],[122.5309867,40.8211815],[122.5255056,40.8231488],[122.5220535,40.8224191],[122.5182918,40.8234479],[122.5164143,40.8254669],[122.5179098,40.8324837],[122.5156237,40.8330937],[122.5155249,40.8363087],[122.5096807,40.8377167],[122.5115721,40.8465506],[122.5031725,40.8475224],[122.4971536,40.8459231],[122.4788818,40.8486974],[122.4839027,40.8582859],[122.4828482,40.8591298],[122.4927483,40.8694033],[122.4976243,40.8711655],[122.4966362,40.8780399],[122.4878785,40.8819446],[122.4863893,40.8911744],[122.4872893,40.8982659],[122.4933013,40.9045409],[122.4979178,40.9136084],[122.5009233,40.9275244],[122.498669,40.9319206],[122.4839995,40.9344361],[122.4789275,40.9307932],[122.4717303,40.9310044],[122.4702018,40.9333405],[122.4540328,40.9350469],[122.4508656,40.9371086],[122.4444787,40.9382892],[122.4384395,40.9366211],[122.4339275,40.9384475],[122.4334384,40.9356498],[122.4293157,40.933116],[122.4279881,40.9289455],[122.423516,40.9294734],[122.4154803,40.9269921],[122.4119243,40.9225218],[122.4063075,40.9242247],[122.4062246,40.9258877],[122.4001076,40.923402],[122.3988499,40.9216069],[122.3888273,40.9202688],[122.3889974,40.9211317],[122.3858666,40.921005],[122.3855735,40.9219237],[122.3766294,40.9227157],[122.3741139,40.9172245],[122.3722971,40.9173301],[122.3721573,40.9072441],[122.3583565,40.9068495],[122.3553872,40.9118385],[122.3495176,40.9137395],[122.3423903,40.9126833],[122.3383039,40.910452],[122.3392459,40.9093565],[122.3370278,40.9060389],[122.3300202,40.903884],[122.3295033,40.9062772],[122.3267891,40.9079866],[122.3206921,40.9064091],[122.3148987,40.9072052],[122.3154531,40.9095039],[122.3210553,40.9105551],[122.3237593,40.9132181],[122.3221547,40.9163916],[122.3132358,40.9217007],[122.3118788,40.9244063],[122.3130711,40.9274353],[122.3180746,40.9282406],[122.3241784,40.9223577],[122.3271447,40.9213029],[122.3348744,40.9224815],[122.337489,40.9247544],[122.3372726,40.9270867],[122.3316467,40.9366199],[122.3311875,40.9410769],[122.3328205,40.9435573],[122.3439278,40.9461882],[122.346911,40.9490767],[122.346736,40.9523825],[122.3435478,40.9548107],[122.326911,40.9589602],[122.3221495,40.9625557],[122.3206272,40.9673943],[122.3222528,40.9686216],[122.3252582,40.9683695],[122.3314415,40.9661648],[122.3378393,40.9659037],[122.3444044,40.9672082],[122.3499328,40.970078],[122.3604318,40.9859974],[122.3582057,40.987098],[122.3545995,40.9860658],[122.3505614,40.9814083],[122.3430318,40.9771064],[122.3390516,40.976426],[122.3358378,40.9772545],[122.33427,40.9808644],[122.3350752,40.9852837],[122.3368676,40.9873034],[122.3540165,40.9992139],[122.3580712,40.9997239],[122.3634712,40.9967845],[122.3684518,40.9909511],[122.3729512,40.9878162],[122.3839886,40.9856031],[122.3902891,40.9864027],[122.3911745,40.9886751],[122.390309,40.993771],[122.38516,40.9998592],[122.3849813,41.0054569],[122.3872536,41.0061919],[122.3902491,41.0048104],[122.3943474,40.9973359],[122.3955551,40.9923875],[122.4011901,40.9907847],[122.4055375,40.9922285],[122.4114135,40.9969244],[122.4150289,41.0106769],[122.4071591,41.0191416],[122.4090438,41.0280856],[122.4065966,41.0293518],[122.4029165,41.0274222],[122.4013061,41.0286371],[122.4011446,41.034178],[122.3978911,41.039459],[122.4009673,41.0452511],[122.4038892,41.0558859],[122.4030275,41.0633662],[122.4076589,41.0690617],[122.4085248,41.0724562],[122.4092143,41.0826938],[122.4059499,41.0947097],[122.4039967,41.0947097],[122.4014922,41.0919415],[122.3980209,41.0979194],[122.3889319,41.0990814],[122.3879305,41.1023513],[122.3913571,41.1104808],[122.3911839,41.1182918],[122.3877316,41.1246634],[122.3854512,41.1265133],[122.3791429,41.127452],[122.3772769,41.1312284],[122.3802023,41.1401162],[122.3793371,41.1480889],[122.3826082,41.1529075],[122.3820654,41.1549511],[122.3793545,41.1553338],[122.3807613,41.1581024],[122.3769238,41.160729],[122.3760482,41.1634975],[122.3643294,41.1607799],[122.3616612,41.1639235],[122.3616612,41.1703881],[122.3568777,41.1760518],[122.362002,41.1785058],[122.3670901,41.1765741],[122.3738216,41.1909603],[122.3785934,41.1941665],[122.3825049,41.1959579],[122.3989638,41.1972424],[122.4035099,41.1990843],[122.4051033,41.2016151],[122.4021733,41.2076405],[122.4091471,41.2131217],[122.4318863,41.2101575],[122.4386986,41.2116085],[122.4413154,41.215017],[122.4401463,41.2194388],[122.4433008,41.2217982],[122.448015,41.2215581],[122.4503047,41.2229751],[122.456378,41.2347271],[122.4592431,41.2363746],[122.4663256,41.237556],[122.4703913,41.2415329],[122.4782241,41.2428772],[122.4780515,41.2452138],[122.4840034,41.2477433],[122.4859441,41.2503961],[122.4849253,41.254418],[122.4868142,41.2573871],[122.4862957,41.2585564],[122.4889178,41.2623672],[122.4879766,41.264781],[122.4855128,41.2653702],[122.4827953,41.2619766],[122.4806762,41.2542348],[122.4781795,41.252608],[122.4091471,41.2513869],[122.3982183,41.246761],[122.3967338,41.2454734],[122.3966726,41.2401151],[122.3897138,41.241271],[122.3817451,41.22899],[122.3794566,41.2205876],[122.3774701,41.219481],[122.3728904,41.2220118],[122.3709539,41.2217712],[122.3701108,41.2196235],[122.3633029,41.2134713],[122.3565591,41.2102053],[122.3542324,41.2057474],[122.3460457,41.2062606],[122.338349,41.2034854],[122.3396282,41.2006082],[122.3486487,41.1989658],[122.3486487,41.1972785],[122.342874,41.1928054],[122.3307327,41.1881727],[122.3268797,41.1877945],[122.3221335,41.1930681],[122.3199202,41.1934845],[122.3145754,41.189722],[122.2813319,41.1894685],[122.2628073,41.1854691],[122.259866,41.1874742],[122.2666898,41.1902986],[122.2679585,41.1919352],[122.2666856,41.1935772],[122.2520018,41.1939898],[122.2386497,41.1964373],[122.2316548,41.1990047],[122.2246309,41.2050628],[122.1990446,41.2210375],[122.2070185,41.2251129],[122.2261089,41.2285046],[122.2388673,41.2350702],[122.2443687,41.2405041],[122.2465924,41.273019],[122.2523728,41.2818564],[122.2591398,41.2890814],[122.2615968,41.3072244],[122.2694933,41.3176729],[122.2661438,41.3375814],[122.2664338,41.3531684],[122.2539213,41.3603174],[122.2397233,41.3713949],[122.2271423,41.3849639],[122.1992188,41.4201774],[122.1901241,41.4325809],[122.1948135,41.4394726],[122.1909821,41.4416092],[122.1935138,41.4431928],[122.1870151,41.4470013],[122.1942228,41.455946],[122.1881583,41.4574],[122.2075249,41.4802611],[122.2136643,41.4848143],[122.2214201,41.484013],[122.2310421,41.4899149],[122.2778989,41.5112837],[122.3400269,41.5353569],[122.3461676,41.5389336],[122.34801,41.5383],[122.3658232,41.548648],[122.4358076,41.5499393],[122.4682341,41.5576881],[122.4921924,41.5681838],[122.4914567,41.5642521],[122.4886191,41.5648812],[122.4892497,41.5622861],[122.494925,41.5600056],[122.4944713,41.5559783],[122.4916669,41.5539499],[122.4921924,41.5515904],[122.4876809,41.5504363],[122.4873963,41.5458909],[122.4905623,41.5412329],[122.5012968,41.5352479],[122.5155718,41.5404129],[122.5362623,41.5456579],[122.5492173,41.5487859],[122.5540998,41.5484429],[122.5609968,41.5457534],[122.5673903,41.5380324],[122.5778733,41.5331914],[122.5900573,41.5324399],[122.5938413,41.5282209],[122.5940703,41.5126189],[122.5992858,41.5108047],[122.6216426,41.5187085],[122.6236295,41.5161973],[122.6228985,41.5141597],[122.6247657,41.5108756],[122.6281775,41.5074055],[122.6286543,41.5020632],[122.631606,41.5020632],[122.6316149,41.4991425],[122.6286812,41.4955234],[122.6187508,41.4887278],[122.6212905,41.4849459],[122.6324781,41.4805653],[122.6317873,41.4750925],[122.6291859,41.4727535],[122.61994,41.4696646],[122.6204585,41.466007],[122.6269857,41.4528768],[122.6268133,41.4477439],[122.6302431,41.4446589],[122.6312781,41.4374177],[122.6298872,41.4342894],[122.6219891,41.4331251],[122.6206454,41.4298509],[122.6238352,41.4274592],[122.6370059,41.4313167],[122.6415673,41.4296132],[122.6422621,41.4227374],[122.6389795,41.4171664],[122.6289842,41.4161201],[122.6268143,41.413484],[122.628696,41.4039894],[122.6441511,41.3948493],[122.6441511,41.3918384],[122.6393498,41.383605],[122.6408919,41.3794911],[122.6355708,41.3600388],[122.6372653,41.3558415],[122.6419995,41.3550799],[122.6521472,41.3567571],[122.6541039,41.3558225],[122.6535856,41.3517597],[122.625247,41.3280308],[122.6185655,41.3208268],[122.6165003,41.316432],[122.6131965,41.3143424],[122.5977607,41.3165356],[122.5964412,41.3151729],[122.6039823,41.3052735],[122.6039823,41.3027833],[122.6022317,41.3014302],[122.5900012,41.3019898],[122.5852332,41.3004054],[122.5830853,41.295082],[122.5898131,41.2917722],[122.5713728,41.2780914],[122.5644838,41.2665634],[122.5581133,41.2596094],[122.5490038,41.2529449],[122.5472563,41.2477149],[122.5549163,41.2422559],[122.5734863,41.2427254],[122.5842438,41.2452164],[122.5911408,41.2432099],[122.5960463,41.2371294],[122.599081,41.2298225],[122.601328,41.229577],[122.6010772,41.2272539],[122.6043804,41.2271922],[122.6030284,41.2241989],[122.6095485,41.2234359],[122.6074843,41.2186329],[122.6080602,41.2171389],[122.6099269,41.2168799],[122.6083392,41.2140602],[122.6100136,41.2058728],[122.6149132,41.199605],[122.6179144,41.1976943],[122.6130502,41.1981243],[122.6089466,41.2000772],[122.5992834,41.1978689],[122.5884182,41.192039],[122.5893412,41.188793],[122.5959902,41.1837817],[122.596799,41.180486],[122.5922594,41.1768933],[122.5987013,41.1726189],[122.6136778,41.1678964],[122.6346128,41.1533889],[122.6537628,41.1471784],[122.6734238,41.1388849],[122.6788483,41.1311799],[122.6864778,41.1254844],[122.6902238,41.1208039],[122.6961668,41.1181299],[122.7045593,41.1158524],[122.7478028,41.1126784],[122.7606428,41.1079904],[122.7823868,41.0927429],[122.7956008,41.0898779],[122.8107188,41.0846723],[122.8177092,41.0858112],[122.8181178,41.0805452],[122.8195003,41.080038],[122.8234059,41.0823012],[122.8275936,41.0806412],[122.8259954,41.0829656],[122.8258557,41.0880243],[122.8246384,41.0887562],[122.8302773,41.0973054],[122.8326245,41.0998444],[122.8352051,41.0989663],[122.8371744,41.1007937],[122.8363078,41.104354],[122.8426181,41.1092067],[122.8439798,41.1084762],[122.8463864,41.1103985],[122.847827,41.1093762],[122.8515321,41.1129698],[122.8482792,41.116134],[122.8513799,41.1189226],[122.8472771,41.1212497],[122.8484065,41.1230958],[122.8435133,41.1279573],[122.8484939,41.1316992],[122.8505759,41.1360489],[122.8450989,41.1365181],[122.8535812,41.1430767],[122.8614216,41.1439202],[122.8620662,41.1451338],[122.8605574,41.1455511],[122.8645356,41.1510857],[122.8664158,41.1499966],[122.8707445,41.1559029],[122.8682464,41.1568948],[122.869553,41.1580937],[122.8615765,41.1613591],[122.87053,41.1687094],[122.8800476,41.1649426],[122.8851098,41.1697131],[122.8907028,41.169736],[122.894606,41.1815563],[122.8994244,41.1890679],[122.9045474,41.1925772],[122.9071419,41.191615],[122.9064222,41.1878235],[122.910073,41.1875871],[122.9113379,41.1924903],[122.9168508,41.1898921],[122.9208501,41.1941647],[122.9241297,41.192012],[122.9263393,41.1933986],[122.9276258,41.1925186],[122.9303715,41.1944668],[122.9348013,41.1906657],[122.9408756,41.1947687],[122.952988,41.1905806],[122.9501585,41.1868859],[122.9517958,41.1864165],[122.9544467,41.1902304],[122.9572031,41.1896423],[122.9691124,41.2009743],[122.982226,41.198623],[122.9796384,41.1946252],[122.9843094,41.1949257],[122.9855124,41.189947],[122.9841406,41.1867878],[122.9848357,41.1855619],[122.9866777,41.1846849],[122.9899811,41.1865378],[122.9924695,41.1847721],[123.0054517,41.1888725],[123.0041584,41.1923768],[123.0062183,41.1941172],[123.0093473,41.1944485],[123.0090054,41.1988302],[123.0109351,41.1995608],[123.0110673,41.2008354],[123.0148981,41.2016944],[123.0168207,41.2047694],[123.0212614,41.2037214],[123.0207281,41.2016045],[123.024536,41.2004816],[123.0245566,41.2028367],[123.0286105,41.2032123],[123.0297424,41.2050838],[123.0320963,41.2046519],[123.0325422,41.2063334],[123.0392416,41.2058329],[123.0394401,41.2033233],[123.0448212,41.2034836],[123.0450396,41.2022701],[123.0506315,41.2008731],[123.0503001,41.1971476],[123.0547032,41.197101],[123.0564533,41.1985956],[123.0565053,41.1969247],[123.0526214,41.1951205],[123.0560382,41.193851],[123.0542274,41.1919109],[123.0533333,41.1924182],[123.0513764,41.1893395],[123.0544541,41.188569],[123.0530791,41.1858618],[123.0554961,41.1855104],[123.0545486,41.1825585],[123.0560475,41.1840265],[123.0572248,41.1834069],[123.0553691,41.1815067],[123.0565822,41.1811278],[123.0687638,41.1821554],[123.0736592,41.1800066],[123.0932923,41.1759497],[123.1042229,41.1823445],[123.1087324,41.1832043],[123.1132688,41.1816648],[123.1132688,41.1746838],[123.1144892,41.1733978],[123.1222998,41.1721117],[123.12501,41.1683733],[123.1264236,41.1617356],[123.1288561,41.1615611],[123.131636,41.1555438],[123.1398599,41.1524042],[123.1441456,41.1520553],[123.1443773,41.1483049],[123.13708,41.1428097],[123.1378908,41.1390588],[123.1340684,41.1370524],[123.1344159,41.1347842],[123.1365008,41.1344353],[123.1367325,41.1324287],[123.1405549,41.1315563],[123.1419677,41.1268924],[123.1396751,41.1267937],[123.1370661,41.1233872],[123.1412363,41.106449],[123.1348049,41.1050411],[123.137651,41.1014804],[123.1397031,41.0997785],[123.150063,41.1041169],[123.156199,41.0971769],[123.159848,41.0960592],[123.1717662,41.0984403],[123.1767325,41.1040594],[123.1834621,41.1027109],[123.1834903,41.1001234],[123.1909384,41.0999025],[123.1927765,41.1015854],[123.1943925,41.0979193],[123.1974723,41.0960304],[123.199683,41.0983566],[123.2062264,41.0966932],[123.2047272,41.0911471],[123.2077153,41.0892423],[123.2058314,41.0849444],[123.2039705,41.0838925],[123.2014792,41.0772887],[123.2088187,41.0759199],[123.216764,41.0700839],[123.2184903,41.0702108],[123.2265336,41.0653489],[123.2232189,41.0618851],[123.2210564,41.0564383],[123.2220631,41.0529823],[123.2264785,41.0490061],[123.2300207,41.0475611],[123.2273097,41.0442717],[123.2188575,41.0433791],[123.2144961,41.040265],[123.2103673,41.0407036],[123.2086227,41.0380719],[123.1994346,41.0375894],[123.1982506,41.0351543],[123.1944917,41.032852],[123.1935666,41.0302582],[123.1975082,41.0227869],[123.2043623,41.0185896],[123.2064453,41.0163106],[123.2064977,41.0140115],[123.2007707,41.0085537],[123.2015109,41.0072504],[123.1987147,41.0055748],[123.1963429,40.9999469],[123.1848179,40.9942472],[123.1864411,40.984642],[123.1840823,40.9835965],[123.1669768,40.9868429],[123.1504396,40.9797687],[123.1434708,40.9831769],[123.1332303,40.9833604],[123.1266607,40.9941611],[123.1225522,40.9950358],[123.1099928,40.9919549],[123.1055833,40.9886399],[123.1033102,40.9818641],[123.1000806,40.9774345],[123.0922229,40.9773344],[123.0901947,40.9691429],[123.0848951,40.969011],[123.0788576,40.9667162],[123.0778867,40.9592094],[123.083007,40.954882],[123.0862503,40.9481429],[123.0868097,40.940919],[123.0936829,40.9365316],[123.0942309,40.932259],[123.0929434,40.9286958],[123.0862984,40.9238471],[123.0725247,40.9189312],[123.0688558,40.9207473],[123.0650329,40.9197426],[123.0612992,40.9215585],[123.0550655,40.918779],[123.0538036,40.9170656],[123.0573578,40.9154814],[123.0604478,40.9108049],[123.0612976,40.9048484],[123.0663223,40.9012334],[123.0684741,40.8968807],[123.0641596,40.8911844],[123.0567645,40.8891182],[123.0561391,40.8832383],[123.0499286,40.8822084],[123.0381901,40.8604092],[123.0472193,40.8540469],[123.0416413,40.8436814],[123.0405297,40.8364714],[123.0456468,40.8332444],[123.0658992,40.8342675],[123.068953,40.832696],[123.0716591,40.8289437],[123.0881272,40.8267002],[123.0947263,40.8238029],[123.0970763,40.8225859],[123.0983733,40.8181914],[123.0899672,40.8082096],[123.091448,40.7998918],[123.0883732,40.7977503],[123.0829028,40.7976391],[123.0719407,40.791888],[123.0716734,40.7888216],[123.0677107,40.7837829],[123.0644282,40.7817753],[123.0651093,40.7698364],[123.0766908,40.7541349],[123.0870927,40.7490174],[123.091202,40.7437265],[123.0946457,40.7343144],[123.1024933,40.7332039],[123.1084207,40.7343144],[123.118137,40.7277904],[123.1273803,40.7187119],[123.1303863,40.7126579],[123.1359633,40.7159009],[123.1407928,40.7217254],[123.1445008,40.7234534],[123.1546098,40.7204019],[123.1713333,40.7109564],[123.2085723,40.7304994],[123.2252733,40.7322964],[123.2390363,40.7298164],[123.2459868,40.7358019],[123.2486723,40.7407684],[123.2527083,40.7429389],[123.2713698,40.7474214],[123.2781603,40.7501989],[123.2822263,40.7528264],[123.2919008,40.7642364],[123.3092268,40.7717324],[123.3218078,40.7697409],[123.3217613,40.7688214],[123.3341828,40.7693559],[123.3486403,40.7741849],[123.3694533,40.7735329],[123.3821868,40.7800179],[123.3881988,40.7846489],[123.3966368,40.8006784],[123.4010468,40.8039819],[123.4050368,40.8052329],[123.4422034,40.7990357],[123.4753783,40.8123819],[123.4785185,40.8121706],[123.4817888,40.8089224],[123.4852177,40.8086319],[123.4894047,40.808896],[123.4939878,40.8115614],[123.5037102,40.8115368],[123.5075483,40.8133326],[123.5150849,40.8129101],[123.5199697,40.8195644],[123.5268084,40.8235779],[123.5364847,40.8247184]]]]}},{"type":"Feature","properties":{"land_bounds":[123.6580384,41.2369004,125.47815244932288,42.4766201],"id":"liaoning-fushun","names":{"en":"Fushun","zh-CN":"抚顺"},"osm_relation":2766526,"admin_level":5,"source":"https://www.openstreetmap.org/relation/2766526","license":"ODbL-1.0","attribution":"© OpenStreetMap contributors","simplification_degrees":0.0008},"geometry":{"type":"MultiPolygon","coordinates":[[[[123.7207153,41.9573082],[123.7264203,41.9644727],[123.7334926,41.9641643],[123.7438871,41.969117],[123.7459376,41.9677782],[123.7538363,41.9691527],[123.7584894,41.9679459],[123.7570827,41.9697159],[123.7613029,41.9699573],[123.7681202,41.966739],[123.7694188,41.9711641],[123.7724487,41.9714054],[123.7734226,41.9736581],[123.7784003,41.9771978],[123.7793742,41.9838744],[123.7996368,41.9949609],[123.8033898,42.0008009],[123.8128508,42.0091974],[123.8369903,42.0207519],[123.8466033,42.0215684],[123.8709718,42.0269089],[123.875011,42.0308423],[123.8826047,42.0310792],[123.8963612,42.0268035],[123.8996086,42.0283368],[123.9047439,42.0265116],[123.9069315,42.0234892],[123.921079,42.0162619],[123.9344328,42.0216794],[123.9415208,42.0216559],[123.9441528,42.0194929],[123.9445798,42.0164949],[123.9376603,42.0096284],[123.9377668,42.0066374],[123.9489668,42.0034829],[123.9593963,42.0026474],[123.9770203,42.0036199],[123.9885863,42.0061874],[123.9952698,42.0093919],[124.0014723,42.0100824],[124.0091018,42.0088884],[124.0225052,42.0114063],[124.0285727,42.0163927],[124.0321574,42.030457],[124.0324842,42.0368906],[124.0349153,42.0433128],[124.051708,42.0561192],[124.0620439,42.0619659],[124.0734685,42.0626587],[124.0890487,42.0709539],[124.1015296,42.0705759],[124.1085968,42.0679099],[124.1315763,42.0656739],[124.1429978,42.0613439],[124.1554868,42.0544469],[124.1609418,42.0530929],[124.1824568,42.0566444],[124.1985628,42.0530469],[124.2279784,42.0551115],[124.2484068,42.0648813],[124.2513617,42.0643496],[124.2587116,42.0620867],[124.2629042,42.0436941],[124.2696481,42.0407801],[124.2705916,42.0325703],[124.2727446,42.0318474],[124.2756563,42.0283943],[124.2785991,42.0275746],[124.2793348,42.0252064],[124.2750241,42.0187779],[124.2781291,42.0104956],[124.2744663,42.004926],[124.280612,42.0034627],[124.2890757,42.0035439],[124.2939833,42.0064429],[124.2996828,42.0071109],[124.3075622,42.0131124],[124.3179168,42.0140074],[124.330928,42.0139839],[124.3357901,42.0075964],[124.3448582,42.0096531],[124.363206,42.018534],[124.3620388,42.0207067],[124.358253,42.0221092],[124.3589292,42.0269375],[124.3611152,42.0301185],[124.3658477,42.0292835],[124.3739651,42.0320723],[124.378092,42.0317566],[124.3819968,42.0347568],[124.3883431,42.0357701],[124.391596,42.0388369],[124.4024779,42.0416168],[124.4049995,42.0428977],[124.4042181,42.0444003],[124.4066276,42.0471837],[124.4156568,42.0485004],[124.4292833,42.0578309],[124.4316483,42.0607224],[124.4415513,42.0653764],[124.4914778,42.0773734],[124.5085298,42.0826529],[124.5143128,42.0856324],[124.5346833,42.1066169],[124.5418928,42.1122934],[124.5444028,42.1167869],[124.5357133,42.1288529],[124.5370724,42.1351555],[124.5421621,42.1414299],[124.5497357,42.1445953],[124.5525998,42.1486788],[124.5558272,42.1581992],[124.5552332,42.1619534],[124.5371206,42.174719],[124.532272,42.1831528],[124.530567,42.1912612],[124.522008,42.2000257],[124.5102529,42.2347286],[124.5115216,42.2385465],[124.515316,42.242312],[124.5228758,42.2461845],[124.530782,42.2565709],[124.5485423,42.2690654],[124.5556109,42.2816973],[124.5567651,42.2952864],[124.5715512,42.3182737],[124.5666525,42.3273414],[124.5641711,42.3384986],[124.5679671,42.3491049],[124.5736839,42.3470776],[124.5764859,42.3486243],[124.5893836,42.3487832],[124.5925424,42.3453942],[124.5999833,42.3430024],[124.6080158,42.3448474],[124.6120489,42.3439569],[124.6252821,42.3460824],[124.6270018,42.3435403],[124.6272167,42.3379792],[124.6224876,42.3363902],[124.6203317,42.331892],[124.6199564,42.3250163],[124.6313448,42.3215841],[124.6335606,42.318115],[124.6400923,42.3172163],[124.6426229,42.3135744],[124.6457034,42.3138224],[124.648068,42.3158888],[124.653442,42.3133455],[124.675798,42.3174783],[124.6838838,42.3137854],[124.7073278,42.3228265],[124.7205086,42.3221657],[124.725454,42.3273323],[124.7238877,42.3300057],[124.7325477,42.336708],[124.7424359,42.3371847],[124.7465796,42.3351587],[124.7592591,42.3407241],[124.7626422,42.3368669],[124.7725293,42.3343694],[124.7815759,42.3376116],[124.7813439,42.3417926],[124.7866604,42.3491604],[124.7847832,42.3533902],[124.7905877,42.3584763],[124.7821274,42.3639726],[124.7812682,42.3760907],[124.77895,42.3802601],[124.7716706,42.3776906],[124.7685378,42.3810955],[124.7707431,42.3831381],[124.7677962,42.3837764],[124.7658358,42.38875],[124.7680178,42.3920037],[124.7677853,42.3956389],[124.7696108,42.3984192],[124.7726653,42.3987261],[124.7740184,42.4010917],[124.7790868,42.4042723],[124.7807768,42.4081994],[124.7936168,42.4137493],[124.8009225,42.4143351],[124.8025018,42.4121271],[124.8099773,42.4113193],[124.8139838,42.4079638],[124.8166063,42.4156788],[124.8424683,42.4115144],[124.8589546,42.405611],[124.8683328,42.4080582],[124.8748619,42.4085756],[124.8808624,42.4074792],[124.883683,42.4043885],[124.883909,42.3995948],[124.8888473,42.3958489],[124.8915278,42.3972751],[124.894165,42.3954459],[124.8966154,42.3966797],[124.9014331,42.396649],[124.9058884,42.3943869],[124.9098982,42.3954563],[124.9200062,42.3946543],[124.92112,42.3975332],[124.9256032,42.4005766],[124.9284991,42.400885],[124.9394425,42.3985203],[124.9411133,42.3956208],[124.9443434,42.3944692],[124.9435359,42.3931736],[124.9465989,42.3867775],[124.9496898,42.3869215],[124.9556209,42.3821086],[124.9523908,42.3744977],[124.9503581,42.3732017],[124.9513048,42.3693958],[124.9538388,42.3681614],[124.9625267,42.3680792],[124.9684021,42.3660629],[124.9712703,42.3716794],[124.9776748,42.3745388],[124.9788722,42.3769045],[124.9861399,42.3749297],[124.9845805,42.3706508],[124.993519,42.3738806],[124.9972504,42.3721731],[124.9994502,42.3739217],[124.9998122,42.3761434],[124.9973339,42.3786324],[124.9959973,42.384186],[124.9932406,42.386469],[124.9932963,42.3890399],[124.9919597,42.3905001],[124.9951062,42.3968341],[124.9989211,42.3995484],[125.0089734,42.4011729],[125.0179119,42.3997746],[125.0229242,42.403517],[125.0302198,42.4033525],[125.0331993,42.4054292],[125.0353712,42.4116794],[125.0299413,42.4185047],[125.0298578,42.4293372],[125.0279921,42.4330777],[125.0301084,42.4358728],[125.0343966,42.4358317],[125.0378217,42.4404144],[125.0413859,42.4394075],[125.0438363,42.441298],[125.0511319,42.4431885],[125.0570909,42.4482433],[125.0681457,42.4505034],[125.0711252,42.4542633],[125.0735199,42.4549207],[125.0734921,42.4590912],[125.071877,42.4623781],[125.0760261,42.4668767],[125.0816509,42.467534],[125.0832381,42.4703069],[125.0905894,42.4751952],[125.0960472,42.4747434],[125.1013885,42.4766201],[125.1035614,42.4743228],[125.1299729,42.4691514],[125.1324699,42.464688],[125.1390058,42.458074],[125.1436108,42.4568941],[125.1428424,42.4494536],[125.1400572,42.4490284],[125.133544,42.4447041],[125.1344868,42.4417995],[125.1411137,42.4407364],[125.1651988,42.4316381],[125.1703104,42.4322306],[125.1744401,42.4304585],[125.1798185,42.4254252],[125.1806829,42.4231566],[125.1804908,42.4211006],[125.1824116,42.4176973],[125.1805868,42.4123794],[125.1826037,42.410323],[125.1898068,42.4083375],[125.1913435,42.4053591],[125.1887504,42.4016004],[125.1890385,42.3993309],[125.1864099,42.3941801],[125.1817393,42.3920254],[125.1799145,42.3894718],[125.1817393,42.3867053],[125.1795304,42.3792564],[125.1934331,42.3749164],[125.1942191,42.3717987],[125.1966258,42.3703875],[125.1969355,42.3642724],[125.1878354,42.3582507],[125.1799565,42.3591288],[125.1772411,42.3570463],[125.1652175,42.3526585],[125.1615757,42.3548631],[125.1606928,42.3498177],[125.1652887,42.3478117],[125.1661036,42.3455029],[125.1701783,42.3451013],[125.1705858,42.3339573],[125.1758829,42.3259244],[125.1724873,42.3236148],[125.1726232,42.3219076],[125.1666353,42.3161371],[125.1682768,42.3067417],[125.1783277,42.3043309],[125.1813159,42.3048332],[125.1917743,42.3023218],[125.1954503,42.3002129],[125.2073939,42.298203],[125.2099746,42.3007145],[125.213506,42.2984039],[125.2189389,42.2996095],[125.2206533,42.3039808],[125.2291978,42.306012],[125.235708,42.3104504],[125.2459818,42.3054102],[125.2506609,42.3058616],[125.2573902,42.3106091],[125.2591038,42.3041313],[125.263376,42.3015734],[125.2681569,42.3011972],[125.2715137,42.2950277],[125.2793462,42.2912655],[125.2849409,42.291717],[125.2880942,42.2901368],[125.287077,42.2878041],[125.2925699,42.2873525],[125.2921631,42.2829878],[125.2881011,42.2829746],[125.2846357,42.2763649],[125.2773118,42.2702682],[125.2712086,42.2690639],[125.2695488,42.2650039],[125.2722258,42.2601058],[125.2743619,42.2595035],[125.2758877,42.2548357],[125.2809738,42.2523511],[125.2831099,42.2428635],[125.2780239,42.2327719],[125.2730395,42.2323953],[125.2715137,42.2297592],[125.269444,42.2290731],[125.2749722,42.2286294],[125.2946044,42.2196655],[125.3021317,42.2195149],[125.3033524,42.2178575],[125.3065057,42.2174055],[125.298368,42.2103237],[125.2900269,42.2080634],[125.2891114,42.2066318],[125.3003007,42.207762],[125.3017807,42.1999207],[125.2925699,42.1978909],[125.293994,42.1944243],[125.2925699,42.1923141],[125.2868736,42.1914098],[125.2866147,42.1847772],[125.2830082,42.1826668],[125.2854929,42.1804974],[125.2790411,42.1767118],[125.2781256,42.173621],[125.273955,42.1718871],[125.2769049,42.1712086],[125.2768032,42.1686453],[125.2804412,42.1692124],[125.2828047,42.1721132],[125.2902304,42.1720378],[125.2923985,42.173335],[125.2991818,42.1817622],[125.303861,42.1914851],[125.3122021,42.201734],[125.3098625,42.2041453],[125.313321,42.2027136],[125.3135245,42.2011312],[125.3087436,42.1943489],[125.3113883,42.1931431],[125.3112866,42.1903546],[125.3094556,42.1858325],[125.306404,42.1836466],[125.304685,42.1789874],[125.3072178,42.1736964],[125.3037592,42.1693992],[125.3086419,42.1644231],[125.3079298,42.1617088],[125.3016231,42.1571091],[125.3008093,42.1544698],[125.3019283,42.1527354],[125.2994076,42.1472529],[125.2997921,42.1439116],[125.3040389,42.1435466],[125.3059971,42.1408947],[125.3080315,42.1423277],[125.3108797,42.1396878],[125.3247138,42.1393107],[125.3290878,42.1411209],[125.3292912,42.1432328],[125.3389547,42.1408192],[125.3505509,42.1433837],[125.353399,42.149568],[125.3468889,42.1503976],[125.3453631,42.1516796],[125.3484147,42.1571845],[125.3507543,42.1655541],[125.3494319,42.1727917],[125.3467872,42.1764102],[125.3532973,42.1763349],[125.354518,42.1777671],[125.3622488,42.1802547],[125.3663176,42.1776164],[125.3786237,42.1744576],[125.3821588,42.1705543],[125.3823895,42.1666096],[125.3910358,42.1638953],[125.3939857,42.1602007],[125.39897,42.1580894],[125.3997838,42.1562042],[125.4030389,42.1560534],[125.412092,42.1522075],[125.423383,42.1511517],[125.4254175,42.1494172],[125.4305035,42.1505484],[125.4387429,42.1497189],[125.4457616,42.1518305],[125.4501329,42.156904],[125.455497,42.156763],[125.4678703,42.1473604],[125.4685513,42.1444608],[125.4736104,42.1433288],[125.4781108,42.1401512],[125.4788517,42.1364655],[125.4842651,42.1338275],[125.4803963,42.1275108],[125.4711355,42.1235548],[125.4704997,42.1188002],[125.4599823,42.1153584],[125.4582466,42.1091976],[125.4508912,42.1104948],[125.4485369,42.1009005],[125.4421956,42.0968839],[125.4380195,42.0959658],[125.4276568,42.0999825],[125.4169848,42.0983758],[125.4140461,42.0998677],[125.4087874,42.0994087],[125.4060034,42.0979168],[125.4058488,42.0965396],[125.4078594,42.0953919],[125.4089421,42.0891942],[125.4163661,42.0859803],[125.4155928,42.0846029],[125.4169848,42.0758784],[125.4134274,42.0740415],[125.4126541,42.067038],[125.4099203,42.0625659],[125.4022914,42.0611819],[125.4008994,42.0562441],[125.397342,42.0542918],[125.3980249,42.0503891],[125.3789366,42.0323532],[125.3733686,42.0299406],[125.3568474,42.0144967],[125.3599949,42.0133182],[125.3605123,42.0095054],[125.3624409,42.006677],[125.3606681,42.0029324],[125.3637634,42.0005099],[125.3449098,41.9952355],[125.3402698,41.9981092],[125.3359391,41.9979942],[125.3337738,41.9910972],[125.3292884,41.9846594],[125.3159871,41.9806353],[125.3114805,41.9749342],[125.3093364,41.9740814],[125.301139,41.9746564],[125.2990836,41.972974],[125.2912105,41.9717138],[125.2905183,41.9646741],[125.2875283,41.9625817],[125.2856677,41.957606],[125.2965568,41.9530815],[125.3023763,41.9525752],[125.3095155,41.9435157],[125.3229716,41.9405246],[125.3260649,41.9382236],[125.3416713,41.9363484],[125.344161,41.932931],[125.3435444,41.9297123],[125.3449639,41.9270618],[125.3449827,41.9256996],[125.327921,41.9272927],[125.3242089,41.9260269],[125.3178676,41.9268324],[125.3011024,41.9218286],[125.2974515,41.9094541],[125.2996168,41.9047347],[125.2969957,41.8988882],[125.2969875,41.8923014],[125.2937927,41.8908958],[125.2905169,41.8845617],[125.2909555,41.8810172],[125.2894765,41.8772369],[125.2932634,41.8692627],[125.2924271,41.8610115],[125.2911101,41.8531437],[125.2861862,41.8506758],[125.2846222,41.8391647],[125.2885284,41.8290215],[125.2894401,41.8189481],[125.2950974,41.8122253],[125.2968575,41.8004161],[125.2994109,41.7983638],[125.3055336,41.797404],[125.3111193,41.7891434],[125.3122529,41.7859996],[125.3130937,41.7687399],[125.3207,41.7621513],[125.318692,41.7520591],[125.3231608,41.7418483],[125.3228355,41.7389522],[125.3257978,41.7368713],[125.3296544,41.7364714],[125.324514,41.7267551],[125.3277679,41.7198269],[125.3282843,41.7140324],[125.3200073,41.6988068],[125.3195838,41.6928795],[125.3112499,41.6809377],[125.3121278,41.6771673],[125.3105914,41.6747083],[125.3160785,41.6686422],[125.3193708,41.6679864],[125.3255386,41.6733437],[125.3379369,41.670125],[125.3437336,41.6763477],[125.3539168,41.6770097],[125.3580515,41.6756994],[125.3716147,41.6843834],[125.3869721,41.68438],[125.3893864,41.6873304],[125.3973535,41.6867218],[125.4045868,41.6884822],[125.42556,41.672421],[125.4442661,41.6724536],[125.4438186,41.6620837],[125.4506226,41.6594601],[125.4456606,41.6548791],[125.4476499,41.651768],[125.4475498,41.6468325],[125.4518154,41.6442301],[125.4526748,41.6404648],[125.4622553,41.6389594],[125.4651086,41.6373191],[125.4620358,41.6301012],[125.4468914,41.6187805],[125.4479888,41.6127091],[125.4439403,41.6086609],[125.4460134,41.6043396],[125.442996,41.6013116],[125.4480865,41.5873555],[125.4573197,41.579001],[125.4546493,41.5710793],[125.4563189,41.5657127],[125.4512227,41.559203],[125.4508772,41.5529252],[125.4488514,41.5493419],[125.4366046,41.5475501],[125.4346883,41.549028],[125.4315873,41.5479889],[125.4199598,41.5480994],[125.4108278,41.5416519],[125.3936693,41.5450209],[125.3863983,41.5529594],[125.3753583,41.5599289],[125.3721468,41.5582464],[125.3709028,41.5544014],[125.3674773,41.5502014],[125.3648833,41.5413664],[125.3610763,41.5364954],[125.3476183,41.5293349],[125.3322373,41.5142209],[125.3223038,41.5089569],[125.3214263,41.5023344],[125.3164673,41.4945299],[125.3046033,41.4916534],[125.2898408,41.4907569],[125.2742489,41.4920871],[125.2642338,41.4961148],[125.2621627,41.495773],[125.2533151,41.5025221],[125.2507849,41.5026913],[125.2498427,41.4987739],[125.2447989,41.4938615],[125.2437061,41.4847542],[125.2404535,41.4852631],[125.232974,41.4809534],[125.229806,41.4806404],[125.2273278,41.481963],[125.2161353,41.4777427],[125.2131118,41.4805928],[125.2107074,41.4796741],[125.2028875,41.4806956],[125.2009244,41.4846958],[125.2027484,41.4867028],[125.1978209,41.4900107],[125.1981472,41.4922902],[125.1950002,41.4988843],[125.1888349,41.4984119],[125.1879506,41.494495],[125.169867,41.4903504],[125.1690387,41.4865464],[125.1658432,41.4833389],[125.1484298,41.4859544],[125.1265563,41.4989244],[125.1174773,41.5000344],[125.1052933,41.4969209],[125.0988463,41.4930839],[125.0913468,41.4911344],[125.0767823,41.4924964],[125.0620268,41.4915619],[125.0615923,41.4863014],[125.0627593,41.4818804],[125.0610503,41.4720809],[125.0512243,41.4716109],[125.0225983,41.4844094],[125.0130463,41.4873699],[125.0090488,41.4907684],[125.0045923,41.4923514],[124.9925613,41.4949609],[124.9833298,41.4942319],[124.9641878,41.4996909],[124.9539033,41.5086554],[124.9512713,41.5179594],[124.9458313,41.5149879],[124.9383468,41.5054474],[124.9344483,41.5026359],[124.9253923,41.5002824],[124.9209009,41.5007539],[124.9155187,41.4987717],[124.9136423,41.4962489],[124.9109191,41.4959563],[124.910785,41.4904547],[124.9051738,41.4877084],[124.9002099,41.4820791],[124.8995268,41.4771002],[124.895862,41.4733503],[124.8927471,41.47188],[124.8792591,41.4714675],[124.8747364,41.4685455],[124.8804463,41.4614272],[124.880728,41.4577831],[124.8831011,41.4544156],[124.8791858,41.4507261],[124.8762073,41.442919],[124.8721332,41.4420971],[124.8638263,41.4443035],[124.8584434,41.4411353],[124.8579151,41.4369015],[124.8552764,41.4319389],[124.8590923,41.4278689],[124.8573267,41.4259242],[124.8575703,41.4238285],[124.8507654,41.4239746],[124.848818,41.4229149],[124.8476113,41.4185571],[124.8517686,41.4141084],[124.8509398,41.4091946],[124.8551139,41.4036804],[124.8550521,41.4012776],[124.8568626,41.398476],[124.8533941,41.3948395],[124.8510019,41.3943648],[124.8507223,41.3874222],[124.8513677,41.3858791],[124.8543401,41.3847107],[124.8545849,41.3821675],[124.8508662,41.3754722],[124.8507124,41.3715233],[124.8630105,41.3667241],[124.8615607,41.3637308],[124.8591271,41.3625139],[124.8584936,41.3591229],[124.8635173,41.3516328],[124.8698288,41.3506426],[124.8683495,41.3471099],[124.8660496,41.3457039],[124.8620906,41.3337009],[124.8627219,41.3306137],[124.8663384,41.3277155],[124.86627,41.3248883],[124.8587171,41.3224923],[124.8496778,41.3223949],[124.8342438,41.3198624],[124.8290708,41.3083724],[124.8113783,41.3004224],[124.7866133,41.2916259],[124.7789688,41.2873649],[124.7707213,41.2792244],[124.7574233,41.2726819],[124.7274473,41.2673194],[124.7061918,41.2601964],[124.6716538,41.2628174],[124.6654283,41.2529794],[124.6484528,41.2378499],[124.6438063,41.2369004],[124.6351163,41.2427789],[124.6337128,41.2483559],[124.6344223,41.2579689],[124.6274413,41.2624014],[124.5964433,41.2634734],[124.5901563,41.2651174],[124.5708618,41.2801629],[124.5614473,41.2849199],[124.5520708,41.2940369],[124.5411528,41.3073499],[124.5370638,41.3098184],[124.5252988,41.3114509],[124.5113603,41.3168489],[124.4946138,41.3297124],[124.4823378,41.3329694],[124.4703368,41.3316229],[124.4539108,41.3235664],[124.4515533,41.3163109],[124.4608228,41.3051414],[124.4600218,41.3026464],[124.4568863,41.3013954],[124.4446028,41.3000604],[124.4328383,41.3019144],[124.4181368,41.3093984],[124.4161833,41.3120004],[124.4148713,41.3235359],[124.4075318,41.3360029],[124.3878098,41.3418504],[124.3833693,41.3523634],[124.3825838,41.3670884],[124.3630068,41.3749924],[124.3546068,41.3815229],[124.3426208,41.3976174],[124.3395308,41.4057769],[124.3387068,41.4202729],[124.3398133,41.4271204],[124.3516618,41.4392814],[124.3727873,41.4529074],[124.3784333,41.4593429],[124.3730928,41.4657554],[124.3652273,41.4713514],[124.3479993,41.4697419],[124.3269273,41.4742469],[124.3251347,41.4766412],[124.3249187,41.4820141],[124.3266101,41.4865488],[124.3222482,41.4868156],[124.3196464,41.4907238],[124.3129806,41.4920271],[124.3103197,41.4909499],[124.3083613,41.4927502],[124.3049786,41.4928169],[124.3007731,41.4962856],[124.3036596,41.49805],[124.3042665,41.5024178],[124.3073821,41.5024178],[124.3121001,41.5046845],[124.3135041,41.5081209],[124.3096076,41.5116841],[124.3034653,41.5133505],[124.2996063,41.5207899],[124.2975233,41.5302889],[124.2945328,41.5356864],[124.2850183,41.5397299],[124.2771303,41.5407294],[124.2515718,41.5382764],[124.2319563,41.5466119],[124.2243268,41.5469054],[124.2129288,41.5413744],[124.2092893,41.5373804],[124.2032468,41.5339394],[124.1960828,41.5319174],[124.1812293,41.5340919],[124.1722868,41.5330544],[124.1630628,41.5187109],[124.1407623,41.5145039],[124.1346968,41.5154189],[124.1219408,41.5074079],[124.1094518,41.5035134],[124.1020963,41.5171049],[124.0993273,41.5259359],[124.0918503,41.5331039],[124.0556868,41.5275609],[124.0468673,41.5281144],[124.0290983,41.5370369],[124.0197523,41.5438079],[123.9808498,41.5571664],[123.9693068,41.5585059],[123.9537958,41.5551644],[123.9411088,41.5480459],[123.9330063,41.5458109],[123.9281768,41.5469019],[123.9228818,41.5548974],[123.9194338,41.5630564],[123.9162673,41.5663834],[123.9104538,41.5663644],[123.8822098,41.5648424],[123.8620298,41.5602759],[123.8545838,41.5488319],[123.8546678,41.5355144],[123.8564528,41.5299414],[123.8537978,41.5217704],[123.8433913,41.5166284],[123.8195113,41.5112649],[123.8014068,41.5052414],[123.7934604,41.5042236],[123.7879905,41.5056222],[123.7860718,41.5043944],[123.7842329,41.5061758],[123.7812883,41.5061684],[123.7757493,41.5104904],[123.7813033,41.5213204],[123.7817606,41.5286733],[123.7842396,41.5291425],[123.7838677,41.5319889],[123.7815329,41.5328792],[123.7809828,41.5357934],[123.7778318,41.5393449],[123.7657778,41.5372354],[123.7560423,41.5332109],[123.743301,41.5248758],[123.7416885,41.5249183],[123.7387861,41.5279339],[123.7379347,41.531676],[123.7340802,41.5380158],[123.7295482,41.5416054],[123.7248607,41.5408106],[123.7229673,41.543834],[123.7228835,41.5452527],[123.7269167,41.5473127],[123.7284016,41.5504551],[123.7229047,41.55472],[123.7195353,41.5543149],[123.7157875,41.5665656],[123.7215609,41.5698712],[123.727921,41.569458],[123.7314681,41.5729392],[123.7440137,41.5787943],[123.7508702,41.5771742],[123.7539884,41.5825304],[123.7597629,41.5849059],[123.7670098,41.5865904],[123.7699836,41.5852083],[123.7734725,41.5862159],[123.7753563,41.5872963],[123.7752145,41.5895131],[123.7771728,41.5912115],[123.7855906,41.5962514],[123.7853258,41.5979008],[123.7804782,41.5992497],[123.7759115,41.6042934],[123.7639,41.6063972],[123.7613029,41.6164295],[123.7534282,41.6170625],[123.75059,41.6238719],[123.7480819,41.6240086],[123.7498563,41.6295085],[123.7445301,41.6331736],[123.7472354,41.640614],[123.7529878,41.6429615],[123.7596823,41.6438796],[123.761163,41.6487774],[123.7593551,41.6505602],[123.7645493,41.6548454],[123.7671547,41.652488],[123.7715779,41.652937],[123.7764525,41.6584028],[123.7791624,41.6596345],[123.7784003,41.6620408],[123.7802399,41.6667295],[123.7822959,41.6668103],[123.789005,41.6747318],[123.7891132,41.6721453],[123.7909528,41.6782073],[123.7848085,41.6777187],[123.7847848,41.6839454],[123.7911825,41.6903512],[123.7957006,41.6890815],[123.8026563,41.6942161],[123.8013275,41.7013837],[123.8069115,41.7070214],[123.8027479,41.7135169],[123.8009083,41.7115782],[123.7996747,41.7149426],[123.7957141,41.7167479],[123.7948485,41.722321],[123.7963443,41.7252069],[123.7950649,41.7266015],[123.791677,41.7258458],[123.7893058,41.7327966],[123.7862997,41.7335466],[123.7839178,41.738839],[123.7801317,41.7410562],[123.781322,41.7432362],[123.779266,41.7439629],[123.7799471,41.7480398],[123.7753704,41.7499373],[123.7802399,41.7551847],[123.7795833,41.7591464],[123.7825123,41.7591401],[123.7834863,41.7618038],[123.7818631,41.762611],[123.7831616,41.7642253],[123.782654,41.7669482],[123.7790353,41.7656461],[123.7767771,41.7675345],[123.7714846,41.766713],[123.7675792,41.7716506],[123.7748293,41.7752015],[123.7739636,41.7797205],[123.7773182,41.7818186],[123.781064,41.7816364],[123.7741341,41.7943432],[123.7706091,41.7927917],[123.7690941,41.7950507],[123.7670381,41.7941632],[123.7604664,41.7968759],[123.7569825,41.7939705],[123.7516966,41.7954752],[123.7491832,41.7918236],[123.7529525,41.7930093],[123.7516721,41.788919],[123.7554595,41.7864178],[123.7574821,41.7775509],[123.7539445,41.7767348],[123.75059,41.7799626],[123.7471726,41.7771984],[123.7459369,41.7791557],[123.7399255,41.7815505],[123.7384703,41.7834324],[123.7331335,41.7791245],[123.7206987,41.7746158],[123.7120667,41.7733453],[123.7092532,41.7754436],[123.7105435,41.7771328],[123.6949693,41.7772189],[123.6882127,41.775926],[123.6858796,41.7770576],[123.6861858,41.7807055],[123.6786294,41.7829482],[123.6761405,41.7797205],[123.6739912,41.7798844],[123.6737599,41.7816572],[123.6679165,41.7816572],[123.6665274,41.7841732],[123.6633716,41.7827062],[123.6583283,41.7869636],[123.6607745,41.7877088],[123.6603417,41.7930337],[123.6580384,41.7934711],[123.658281,41.7959757],[123.6608827,41.7960188],[123.661594,41.7996102],[123.6643891,41.8012521],[123.6704577,41.8016949],[123.6737296,41.8036021],[123.6732188,41.8052956],[123.6770062,41.8086027],[123.6794438,41.8082648],[123.6777637,41.8153776],[123.6757077,41.8165873],[123.6744091,41.8194906],[123.6760323,41.8202164],[123.6751666,41.8228776],[123.6731064,41.8228402],[123.6718604,41.8249733],[123.6693625,41.8252396],[123.6683118,41.8297884],[123.6710324,41.8347263],[123.7057824,41.843957],[123.7150379,41.8482744],[123.7269229,41.8574685],[123.7343583,41.8608831],[123.7338541,41.8771151],[123.7307873,41.8798648],[123.7270931,41.8788131],[123.7220818,41.8820194],[123.7145556,41.8844571],[123.7097715,41.8899706],[123.7143323,41.8943479],[123.7231182,41.8951942],[123.7227796,41.9041918],[123.7277656,41.9088809],[123.7273245,41.9132114],[123.7364994,41.9181],[123.7367389,41.9206999],[123.7348125,41.9221462],[123.7306791,41.9193311],[123.7308955,41.9218272],[123.7282006,41.9200651],[123.7252685,41.9211025],[123.7257014,41.9250477],[123.7229961,41.9247257],[123.7229961,41.9260943],[123.7254211,41.9259579],[123.7277957,41.9290081],[123.7214811,41.9384112],[123.7186596,41.9399173],[123.716805,41.9442116],[123.7265386,41.9529518],[123.7218057,41.9549909],[123.7207153,41.9573082]]]]}},{"type":"Feature","properties":{"land_bounds":[123.5766828,40.8137055,125.76693627913332,41.5663834],"id":"liaoning-benxi","names":{"en":"Benxi","zh-CN":"本溪"},"osm_relation":2766193,"admin_level":5,"source":"https://www.openstreetmap.org/relation/2766193","license":"ODbL-1.0","attribution":"© OpenStreetMap contributors","simplification_degrees":0.0008},"geometry":{"type":"MultiPolygon","coordinates":[[[[123.6097161,41.2524801],[123.6136885,41.2446784],[123.619193,41.2435502],[123.6306993,41.2450064],[123.6421661,41.2490554],[123.6427283,41.2480237],[123.6618871,41.2569696],[123.6647805,41.2592175],[123.6670841,41.2640167],[123.6598149,41.2671872],[123.6583146,41.2817389],[123.6519236,41.2850451],[123.6496033,41.2904256],[123.6503149,41.2964773],[123.6538483,41.297883],[123.6570292,41.3010462],[123.6549997,41.3041349],[123.6563927,41.3093849],[123.6547066,41.3105782],[123.6575532,41.3140767],[123.6576836,41.3161111],[123.6560607,41.3229187],[123.6530929,41.3222215],[123.6483484,41.3264911],[123.6490567,41.3344688],[123.6516852,41.3371726],[123.6526131,41.3438228],[123.649608,41.3453012],[123.6469413,41.3512561],[123.6487457,41.3548648],[123.6473474,41.3583781],[123.6474523,41.3646432],[123.6497623,41.3703529],[123.6444095,41.3764634],[123.6449318,41.3807831],[123.6436256,41.3817356],[123.6469118,41.3849489],[123.6368713,41.3905639],[123.6331328,41.3996389],[123.6282578,41.4048539],[123.6254883,41.4148179],[123.6475678,41.4370344],[123.6469573,41.4473839],[123.6436233,41.4527739],[123.6386338,41.4561574],[123.6203308,41.4618189],[123.6019208,41.4656409],[123.6019518,41.4713784],[123.6006013,41.4744074],[123.5947554,41.4803635],[123.5944519,41.4830306],[123.5960966,41.4849632],[123.5903296,41.4849632],[123.5901549,41.4875197],[123.587495,41.4870867],[123.5858822,41.4882582],[123.5858135,41.4918477],[123.5871627,41.4933865],[123.5928235,41.4938688],[123.5999378,41.4992675],[123.5972146,41.5034002],[123.603951,41.5035612],[123.6106157,41.5067276],[123.6102294,41.5113342],[123.6147722,41.5155285],[123.6197813,41.5146294],[123.6230852,41.5198212],[123.6225127,41.5212102],[123.627385,41.5218601],[123.6407045,41.5164891],[123.6427185,41.5183346],[123.6442259,41.5172993],[123.651715,41.5225158],[123.650174,41.5255085],[123.6532556,41.5276009],[123.6585533,41.5251188],[123.6719598,41.5266352],[123.6714581,41.5216991],[123.6781945,41.5175139],[123.6828527,41.5190163],[123.682566,41.5213772],[123.6855759,41.5238989],[123.6885141,41.5242745],[123.6935305,41.5219137],[123.6933872,41.5199821],[123.6970421,41.5186407],[123.6956088,41.5164407],[123.6980453,41.5131137],[123.7052117,41.5113965],[123.7065017,41.5106989],[123.7065733,41.508767],[123.713453,41.5080693],[123.7159613,41.5107526],[123.7204761,41.5121478],[123.721551,41.5149919],[123.7307956,41.5146163],[123.7387503,41.5174602],[123.7398253,41.5192846],[123.7385353,41.5211626],[123.7403986,41.5240599],[123.7560423,41.5332109],[123.7657778,41.5372354],[123.7778318,41.5393449],[123.7809828,41.5357934],[123.7815329,41.5328792],[123.7838677,41.5319889],[123.7842396,41.5291425],[123.7817606,41.5286733],[123.7813033,41.5213204],[123.7757493,41.5104904],[123.7812883,41.5061684],[123.7842329,41.5061758],[123.7860718,41.5043944],[123.7879905,41.5056222],[123.7934604,41.5042236],[123.8014068,41.5052414],[123.8195113,41.5112649],[123.8433913,41.5166284],[123.8537978,41.5217704],[123.8564528,41.5299414],[123.8546678,41.5355144],[123.8545838,41.5488319],[123.8620298,41.5602759],[123.8822098,41.5648424],[123.9104538,41.5663644],[123.9162673,41.5663834],[123.9194338,41.5630564],[123.9228818,41.5548974],[123.9281768,41.5469019],[123.9330063,41.5458109],[123.9411088,41.5480459],[123.9537958,41.5551644],[123.9693068,41.5585059],[123.9808498,41.5571664],[124.0197523,41.5438079],[124.0290983,41.5370369],[124.0468673,41.5281144],[124.0556868,41.5275609],[124.0918503,41.5331039],[124.0993273,41.5259359],[124.1020963,41.5171049],[124.1094518,41.5035134],[124.1219408,41.5074079],[124.1346968,41.5154189],[124.1407623,41.5145039],[124.1630628,41.5187109],[124.1722868,41.5330544],[124.1812293,41.5340919],[124.1960828,41.5319174],[124.2032468,41.5339394],[124.2092893,41.5373804],[124.2129288,41.5413744],[124.2243268,41.5469054],[124.2319563,41.5466119],[124.2515718,41.5382764],[124.2771303,41.5407294],[124.2850183,41.5397299],[124.2945328,41.5356864],[124.2975233,41.5302889],[124.2996063,41.5207899],[124.3034653,41.5133505],[124.3096076,41.5116841],[124.3135041,41.5081209],[124.3121001,41.5046845],[124.3073821,41.5024178],[124.3042665,41.5024178],[124.3036596,41.49805],[124.3007731,41.4962856],[124.3049786,41.4928169],[124.3083613,41.4927502],[124.3103197,41.4909499],[124.3129806,41.4920271],[124.3196464,41.4907238],[124.3222482,41.4868156],[124.3266101,41.4865488],[124.3249187,41.4820141],[124.3251347,41.4766412],[124.3269273,41.4742469],[124.3479993,41.4697419],[124.3652273,41.4713514],[124.3730928,41.4657554],[124.3784333,41.4593429],[124.3727873,41.4529074],[124.3516618,41.4392814],[124.3398133,41.4271204],[124.3387068,41.4202729],[124.3395308,41.4057769],[124.3426208,41.3976174],[124.3546068,41.3815229],[124.3630068,41.3749924],[124.3825838,41.3670884],[124.3833693,41.3523634],[124.3878098,41.3418504],[124.4075318,41.3360029],[124.4148713,41.3235359],[124.4161833,41.3120004],[124.4181368,41.3093984],[124.4328383,41.3019144],[124.4446028,41.3000604],[124.4568863,41.3013954],[124.4600218,41.3026464],[124.4608228,41.3051414],[124.4515533,41.3163109],[124.4539108,41.3235664],[124.4703368,41.3316229],[124.4823378,41.3329694],[124.4946138,41.3297124],[124.5113603,41.3168489],[124.5252988,41.3114509],[124.5370638,41.3098184],[124.5411528,41.3073499],[124.5520708,41.2940369],[124.5614473,41.2849199],[124.5708618,41.2801629],[124.5901563,41.2651174],[124.5964433,41.2634734],[124.6274413,41.2624014],[124.6344223,41.2579689],[124.6337128,41.2483559],[124.6351163,41.2427789],[124.6438063,41.2369004],[124.6484528,41.2378499],[124.6654283,41.2529794],[124.6716538,41.2628174],[124.7061918,41.2601964],[124.7274473,41.2673194],[124.7574233,41.2726819],[124.7707213,41.2792244],[124.7789688,41.2873649],[124.7866133,41.2916259],[124.8113783,41.3004224],[124.8290708,41.3083724],[124.8342438,41.3198624],[124.8496778,41.3223949],[124.8587171,41.3224923],[124.86627,41.3248883],[124.8663384,41.3277155],[124.8627219,41.3306137],[124.8620906,41.3337009],[124.8660496,41.3457039],[124.8683495,41.3471099],[124.8698288,41.3506426],[124.8635173,41.3516328],[124.8584936,41.3591229],[124.8591271,41.3625139],[124.8615607,41.3637308],[124.8630105,41.3667241],[124.8507124,41.3715233],[124.8508662,41.3754722],[124.8545849,41.3821675],[124.8543401,41.3847107],[124.8513677,41.3858791],[124.8507223,41.3874222],[124.8510019,41.3943648],[124.8533941,41.3948395],[124.8568626,41.398476],[124.8550521,41.4012776],[124.8551139,41.4036804],[124.8509398,41.4091946],[124.8517686,41.4141084],[124.8476113,41.4185571],[124.848818,41.4229149],[124.8507654,41.4239746],[124.8575703,41.4238285],[124.8573267,41.4259242],[124.8590923,41.4278689],[124.8552764,41.4319389],[124.8579151,41.4369015],[124.8584434,41.4411353],[124.8638263,41.4443035],[124.8721332,41.4420971],[124.8762073,41.442919],[124.8791858,41.4507261],[124.8831011,41.4544156],[124.880728,41.4577831],[124.8804463,41.4614272],[124.8747364,41.4685455],[124.8792591,41.4714675],[124.8927471,41.47188],[124.895862,41.4733503],[124.8995268,41.4771002],[124.9002099,41.4820791],[124.9051738,41.4877084],[124.910785,41.4904547],[124.9109191,41.4959563],[124.9136423,41.4962489],[124.9155187,41.4987717],[124.9209009,41.5007539],[124.9253923,41.5002824],[124.9344483,41.5026359],[124.9383468,41.5054474],[124.9458313,41.5149879],[124.9512713,41.5179594],[124.9539033,41.5086554],[124.9641878,41.4996909],[124.9833298,41.4942319],[124.9925613,41.4949609],[125.0045923,41.4923514],[125.0090488,41.4907684],[125.0130463,41.4873699],[125.0225983,41.4844094],[125.0512243,41.4716109],[125.0610503,41.4720809],[125.0627593,41.4818804],[125.0615923,41.4863014],[125.0620268,41.4915619],[125.0767823,41.4924964],[125.0913468,41.4911344],[125.0988463,41.4930839],[125.1052933,41.4969209],[125.1174773,41.5000344],[125.1265563,41.4989244],[125.1484298,41.4859544],[125.1658432,41.4833389],[125.1690387,41.4865464],[125.169867,41.4903504],[125.1879506,41.494495],[125.1888349,41.4984119],[125.1950002,41.4988843],[125.1981472,41.4922902],[125.1978209,41.4900107],[125.2027484,41.4867028],[125.2009244,41.4846958],[125.2028875,41.4806956],[125.2107074,41.4796741],[125.2131118,41.4805928],[125.2161353,41.4777427],[125.2273278,41.481963],[125.229806,41.4806404],[125.232974,41.4809534],[125.2404535,41.4852631],[125.2437061,41.4847542],[125.2447989,41.4938615],[125.2498427,41.4987739],[125.2507849,41.5026913],[125.2533151,41.5025221],[125.2621627,41.495773],[125.2642338,41.4961148],[125.2742489,41.4920871],[125.2898408,41.4907569],[125.3046033,41.4916534],[125.3164673,41.4945299],[125.3214263,41.5023344],[125.3223038,41.5089569],[125.3322373,41.5142209],[125.3476183,41.5293349],[125.3610763,41.5364954],[125.3648833,41.5413664],[125.3674773,41.5502014],[125.3709028,41.5544014],[125.3721468,41.5582464],[125.3753583,41.5599289],[125.3863983,41.5529594],[125.3936693,41.5450209],[125.4108278,41.5416519],[125.4199598,41.5480994],[125.4315873,41.5479889],[125.4346883,41.549028],[125.4366046,41.5475501],[125.4488514,41.5493419],[125.4508772,41.5529252],[125.4512227,41.559203],[125.4563189,41.5657127],[125.4618755,41.5640216],[125.465699,41.5599872],[125.4697178,41.5585341],[125.4725723,41.5444031],[125.4835453,41.5357013],[125.5011041,41.5319225],[125.4978118,41.5204202],[125.4862823,41.5195999],[125.4872765,41.5059573],[125.5000066,41.5010261],[125.4995677,41.4972452],[125.513205,41.4861511],[125.5105419,41.4761997],[125.5270032,41.476693],[125.5349108,41.4653821],[125.5353437,41.4566278],[125.5291981,41.4444541],[125.5331488,41.4331009],[125.5287573,41.4271001],[125.5349047,41.4181247],[125.5414892,41.4169726],[125.5401723,41.413516],[125.5460984,41.4085777],[125.5429764,41.3982239],[125.5547642,41.3942345],[125.5621611,41.3951487],[125.5759266,41.3926766],[125.5819918,41.3797949],[125.5709763,41.3667145],[125.585518,41.3550519],[125.5969772,41.360569],[125.6034222,41.360412],[125.6051222,41.3523635],[125.6075558,41.349188],[125.6345367,41.3340683],[125.6228098,41.3173867],[125.6133499,41.3162656],[125.6162032,41.3109902],[125.6210318,41.3098361],[125.6245436,41.3037358],[125.6285767,41.3031616],[125.6370542,41.2931825],[125.6332725,41.280808],[125.6335424,41.2758649],[125.6372346,41.2733682],[125.6385906,41.2674518],[125.6415249,41.26225],[125.6568809,41.2663104],[125.6638313,41.271411],[125.6639328,41.2738002],[125.66866,41.275535],[125.6780978,41.2724008],[125.6842434,41.2600276],[125.6884232,41.2465134],[125.6855603,41.2443515],[125.6884136,41.2431962],[125.7061919,41.2463318],[125.7129959,41.2425361],[125.7228727,41.2415459],[125.7285793,41.2441864],[125.7439432,41.2433613],[125.7464633,41.2349616],[125.7518715,41.2314183],[125.7485797,41.2269125],[125.7476745,41.2219033],[125.7343282,41.2038472],[125.7305603,41.1848145],[125.7314326,41.1768187],[125.7386756,41.1768187],[125.7579902,41.1697146],[125.7770854,41.1693842],[125.7852121,41.165253],[125.7765307,41.1591293],[125.7740126,41.1536863],[125.7707203,41.1535211],[125.7609787,41.1485291],[125.7528983,41.1355784],[125.7540499,41.1316751],[125.7521785,41.1276632],[125.7424288,41.1256318],[125.7415259,41.122892],[125.7274184,41.1230005],[125.7190691,41.1192049],[125.7148944,41.1086848],[125.7072872,41.1027761],[125.7044719,41.0936016],[125.7169466,41.0938348],[125.7265037,41.0922095],[125.7351638,41.0870526],[125.7294338,41.0808036],[125.7280884,41.0721283],[125.7241896,41.0645505],[125.7197999,41.0614062],[125.7219948,41.0580963],[125.7200194,41.0564413],[125.7197999,41.0536276],[125.7103621,41.0465102],[125.6986237,41.0323067],[125.6892915,41.0256501],[125.6833655,41.0243254],[125.6782471,41.019424],[125.6774394,41.0152176],[125.6783353,41.0085537],[125.675451,41.0075184],[125.6748752,40.996763],[125.6765614,40.9844071],[125.6680222,40.973011],[125.660978,40.9757908],[125.6429537,40.9688044],[125.6431998,40.9610412],[125.6381516,40.9542453],[125.6377127,40.9486091],[125.6322439,40.9448779],[125.6302502,40.9399882],[125.6245436,40.9413146],[125.6089602,40.940154],[125.5844366,40.9294858],[125.5857072,40.9215266],[125.5837645,40.9159804],[125.5596292,40.9285957],[125.551471,40.9282105],[125.546224,40.9257805],[125.5440222,40.9215581],[125.5443636,40.913248],[125.5429536,40.9111164],[125.52793,40.9062856],[125.5234236,40.9064166],[125.5128437,40.9116042],[125.5059344,40.9229546],[125.4940469,40.9372044],[125.4960425,40.9440122],[125.5147108,40.9518727],[125.5187882,40.9565722],[125.525032,40.9726456],[125.5256975,40.9781213],[125.5227558,40.9848807],[125.4997624,40.9861569],[125.4887564,40.9843687],[125.4827871,40.9791438],[125.4817629,40.975922],[125.4824329,40.9733925],[125.4915008,40.9682295],[125.49669,40.9619596],[125.496682,40.954482],[125.4931782,40.9517035],[125.4889418,40.9515702],[125.481542,40.9563756],[125.4709409,40.9572772],[125.4568038,40.9611839],[125.4479865,40.9691492],[125.4498894,40.9788273],[125.45865,40.9869973],[125.4603444,40.9901948],[125.4598363,40.9939027],[125.4531392,41.0036243],[125.4557126,41.0171018],[125.4528185,41.0222395],[125.4434323,41.0281621],[125.4391821,41.0293164],[125.4335752,41.0294445],[125.4275127,41.0258891],[125.4268263,41.0104948],[125.4255931,41.0081021],[125.422192,41.0070214],[125.4117248,41.0116964],[125.4022893,41.010273],[125.3900941,41.0144211],[125.3861973,41.0142933],[125.3812999,41.0128917],[125.3801404,41.0108917],[125.3806457,41.008222],[125.3858052,41.0004238],[125.385267,40.9981223],[125.3474852,40.9957923],[125.3464537,41.0002888],[125.3406923,41.0073442],[125.3379818,41.0069994],[125.3357011,41.0089521],[125.3373869,41.0147935],[125.3394849,41.0167527],[125.3404789,41.0225307],[125.3484418,41.0261352],[125.3495566,41.0287783],[125.3463714,41.0351455],[125.3438233,41.036587],[125.3411159,41.0345449],[125.3334715,41.0333435],[125.3303222,41.0343618],[125.3272604,41.0355059],[125.3267725,41.0377947],[125.3202531,41.0446351],[125.3079902,41.0415121],[125.3070691,41.0427365],[125.3124495,41.0476378],[125.3124045,41.0538152],[125.3029538,41.0617221],[125.3015288,41.0719794],[125.3025558,41.0766058],[125.2983785,41.0838074],[125.2772534,41.0926623],[125.2672747,41.0985355],[125.263398,41.0959029],[125.2567739,41.0949493],[125.2550733,41.0974444],[125.2508008,41.0976259],[125.2456438,41.1013219],[125.2248993,41.1114999],[125.2179868,41.1125184],[125.2172132,41.1083837],[125.2146664,41.1049626],[125.199185,41.0965515],[125.1869912,41.104618],[125.1761323,41.1027834],[125.1711876,41.1045437],[125.1466855,41.103802],[125.1453879,41.1002234],[125.1406918,41.0980426],[125.1364638,41.0919791],[125.1163023,41.0924949],[125.105829,41.0893542],[125.0949031,41.0923023],[125.0907946,41.0952818],[125.0772254,41.096743],[125.0744652,41.0989394],[125.0655941,41.101032],[125.0620668,41.1056399],[125.0625737,41.1092236],[125.0518418,41.1111109],[125.0457763,41.1150664],[125.0377556,41.1161516],[125.0347573,41.1120155],[125.029324,41.1103345],[125.0218037,41.1099436],[125.0179472,41.1077909],[125.0123832,41.1089496],[125.0082667,41.1076637],[125.0052861,41.1053994],[125.0047631,41.1007035],[125.0005359,41.0968648],[124.9914085,41.0962335],[124.9754259,41.1104738],[124.9684219,41.1125329],[124.9549153,41.1152231],[124.9467932,41.115343],[124.9418564,41.1134708],[124.9416567,41.1145179],[124.9272071,41.1159881],[124.9184453,41.115463],[124.9151008,41.1178626],[124.9100876,41.1179803],[124.9061697,41.1162445],[124.9001306,41.1196623],[124.8853467,41.1214366],[124.8804524,41.1244958],[124.8688963,41.1278954],[124.8501433,41.1367684],[124.8312073,41.1359939],[124.8124923,41.1416434],[124.8082428,41.1416014],[124.7976533,41.1344869],[124.7888793,41.1311949],[124.7731698,41.1325684],[124.7588273,41.1359519],[124.7530518,41.1398774],[124.7437593,41.1496999],[124.730255,41.1528125],[124.7249942,41.1471265],[124.7208581,41.1456569],[124.714702,41.1408749],[124.7128542,41.137454],[124.7135506,41.1313011],[124.7077698,41.1301969],[124.7025204,41.1254707],[124.6967158,41.1229832],[124.6894065,41.1244907],[124.6828154,41.1233617],[124.6771568,41.125177],[124.6739519,41.1238412],[124.6724611,41.1161614],[124.6668253,41.111562],[124.6648971,41.100266],[124.6676958,41.097504],[124.6650486,41.0934384],[124.648068,41.0888171],[124.6383115,41.0899537],[124.6346429,41.0922451],[124.6235468,41.0939772],[124.6054047,41.0885525],[124.6016381,41.0925511],[124.5979813,41.091989],[124.5902225,41.0959555],[124.5859227,41.0961026],[124.5796257,41.1002321],[124.5775418,41.0992281],[124.5729483,41.1001308],[124.5700023,41.0986986],[124.5624435,41.0986461],[124.5611032,41.0960523],[124.5526017,41.0928898],[124.5477892,41.094337],[124.5453781,41.0906499],[124.5358601,41.0872335],[124.5346973,41.079652],[124.5322988,41.0775257],[124.5339528,41.0727999],[124.5228336,41.0650558],[124.5127627,41.0609964],[124.5114466,41.054538],[124.5048911,41.0475567],[124.4785151,41.0538961],[124.4755783,41.0578879],[124.4696423,41.0597379],[124.4386196,41.06516],[124.4289135,41.071373],[124.4240798,41.0726164],[124.4201741,41.0716746],[124.4118724,41.0740627],[124.4081691,41.0728176],[124.4035403,41.0658356],[124.3977464,41.064227],[124.3944182,41.0591713],[124.3772508,41.0545274],[124.3693998,41.0509414],[124.3645403,41.0509034],[124.3595963,41.0540884],[124.3508608,41.0636214],[124.3489785,41.0720921],[124.3455165,41.0732612],[124.3294794,41.0662709],[124.3231285,41.0615203],[124.3159483,41.0595014],[124.3157836,41.0557663],[124.3093926,41.053968],[124.3036989,41.0559096],[124.2951629,41.0521153],[124.2861478,41.0544739],[124.2843057,41.0572768],[124.289552,41.0615923],[124.2869913,41.0657058],[124.2885981,41.0738899],[124.2922229,41.0754],[124.2937783,41.0793987],[124.2983277,41.083525],[124.300617,41.0881983],[124.2996575,41.0914788],[124.2963842,41.0940266],[124.2897868,41.0940589],[124.2863008,41.0962639],[124.2786021,41.0981299],[124.2705535,41.0954527],[124.2554032,41.098047],[124.2513015,41.096694],[124.2455756,41.0879413],[124.2362025,41.0844444],[124.2309839,41.0781324],[124.232006,41.0743122],[124.2360395,41.0714449],[124.2340364,41.0695752],[124.232411,41.0644627],[124.2301181,41.0624778],[124.2309839,41.0583557],[124.2296485,41.0524574],[124.231645,41.0503486],[124.227073,41.0458393],[124.2273592,41.0408753],[124.2261192,41.03994],[124.2104525,41.0402935],[124.2091032,41.0425124],[124.2027167,41.0440937],[124.1998903,41.0388882],[124.1917414,41.0349396],[124.1900769,41.028354],[124.1848302,41.0246507],[124.1788103,41.0251234],[124.1605141,41.0350513],[124.1543425,41.0408997],[124.1466489,41.0511313],[124.1345476,41.053453],[124.1300637,41.0481413],[124.1272021,41.0466306],[124.1187547,41.0462543],[124.114134,41.0447602],[124.1172818,41.0378535],[124.1057917,41.0357808],[124.0888411,41.0352955],[124.0875661,41.0339412],[124.0922468,41.0240554],[124.1009978,41.0140799],[124.1119768,40.9920844],[124.1213533,40.9825439],[124.1212003,40.9756624],[124.1237723,40.9686774],[124.1235273,40.9650114],[124.1286928,40.9606819],[124.1419828,40.9553564],[124.1416013,40.9496314],[124.1302108,40.9333039],[124.1261978,40.9231224],[124.1254728,40.9075359],[124.1423188,40.8922004],[124.1438523,40.8880119],[124.1417083,40.8830414],[124.1353073,40.8780019],[124.1344988,40.8702279],[124.1374513,40.8646049],[124.1375273,40.8611604],[124.1331328,40.8542099],[124.1284178,40.8516349],[124.1099703,40.8518754],[124.0970763,40.8445549],[124.0922468,40.8447379],[124.0881578,40.8469579],[124.0878218,40.8556974],[124.0783768,40.8592644],[124.0275193,40.8639219],[124.0167303,40.8592086],[124.0144124,40.8600108],[124.0105934,40.8580968],[124.0073879,40.8594792],[124.0042555,40.8587563],[123.9969631,40.8604471],[123.9908615,40.8601268],[123.9824948,40.8657729],[123.9749338,40.8660123],[123.97152,40.8593852],[123.967288,40.8556285],[123.9670391,40.8527585],[123.9688905,40.8510731],[123.9499369,40.8445045],[123.9470176,40.8382225],[123.9410654,40.8375361],[123.9330958,40.8274768],[123.9284265,40.8269603],[123.9258739,40.8250647],[123.9199021,40.8292111],[123.9153231,40.8294561],[123.9103775,40.8334644],[123.9058941,40.8327303],[123.9014438,40.8302757],[123.892407,40.8299732],[123.8933502,40.8338544],[123.8897376,40.8386229],[123.8864766,40.8372432],[123.8736352,40.8407903],[123.8671908,40.8382527],[123.8619941,40.8394056],[123.8584287,40.8443653],[123.8466107,40.8506478],[123.8431102,40.855095],[123.8385495,40.8540866],[123.8376705,40.8510404],[123.8344829,40.8524215],[123.8324145,40.8512885],[123.8295788,40.8525912],[123.8256135,40.8577984],[123.8201344,40.8616451],[123.8163432,40.8565963],[123.8094932,40.8536765],[123.8068296,40.8537898],[123.805017,40.8557791],[123.7958753,40.8555878],[123.7874662,40.8514406],[123.7858596,40.8491825],[123.7703904,40.854388],[123.7670711,40.8539111],[123.7657995,40.849484],[123.7619167,40.8474858],[123.7369199,40.8503985],[123.7354771,40.8476995],[123.7317742,40.8451849],[123.7270667,40.8293535],[123.7166951,40.828429],[123.7136942,40.8250774],[123.7098818,40.8243331],[123.7083502,40.8187758],[123.7035095,40.8185122],[123.6895833,40.8137055],[123.6872537,40.8147699],[123.6876568,40.8169687],[123.6854478,40.8173524],[123.6835403,40.8208579],[123.6825103,40.8238794],[123.6832428,40.8311994],[123.6808928,40.8321989],[123.6661913,40.8242034],[123.6580808,40.8251684],[123.6401992,40.8382281],[123.6386479,40.8414939],[123.635815,40.8435859],[123.6312959,40.8442492],[123.630554,40.8455759],[123.6197429,40.8485184],[123.6179409,40.8502189],[123.5982237,40.8532139],[123.5921508,40.8553658],[123.5766828,40.8558999],[123.5879873,40.8638445],[123.6024488,40.8696763],[123.6066983,40.8781531],[123.6071961,40.8851493],[123.603442,40.8862067],[123.6027212,40.8906848],[123.6138964,40.8950714],[123.6190196,40.90261],[123.6195546,40.9052703],[123.6181951,40.907006],[123.6180318,40.9106321],[123.6223448,40.914312],[123.6264048,40.9219062],[123.6313371,40.9259867],[123.6369364,40.9280383],[123.6393536,40.927682],[123.6435091,40.9343589],[123.6460572,40.9362211],[123.6438628,40.9384898],[123.6468048,40.9422967],[123.646963,40.9454857],[123.6525683,40.951292],[123.6501884,40.9551369],[123.6466433,40.9564069],[123.6423707,40.9629872],[123.6508965,40.9720212],[123.6490428,40.9722522],[123.6486545,40.9736627],[123.6464645,40.9732807],[123.6456774,40.9794517],[123.6467546,40.982877],[123.6412937,41.0036271],[123.6451906,41.0088853],[123.6444714,41.0145646],[123.650464,41.0143997],[123.6551217,41.016054],[123.6536591,41.0246062],[123.6549925,41.0276583],[123.6540254,41.0308493],[123.655311,41.0328393],[123.6538412,41.0356186],[123.6542836,41.0398562],[123.6565931,41.0392765],[123.6650259,41.0414529],[123.6753992,41.0456634],[123.6795794,41.0484741],[123.6824047,41.0534356],[123.6819644,41.0561031],[123.6839683,41.0578279],[123.6785958,41.0634663],[123.6760391,41.0641616],[123.6738741,41.0680385],[123.6651608,41.0699106],[123.6628532,41.0731112],[123.661399,41.0792818],[123.6548313,41.0853698],[123.6548082,41.0940656],[123.6486751,41.0975165],[123.6502959,41.1011437],[123.6456421,41.1109735],[123.648431,41.1175144],[123.649597,41.1273054],[123.6512608,41.1298944],[123.6527643,41.1300417],[123.6549485,41.1344612],[123.6589174,41.1372885],[123.6571321,41.1422689],[123.6521119,41.1444242],[123.6497204,41.1485479],[123.6454731,41.1520269],[123.6440287,41.1555593],[123.6325223,41.1574899],[123.6337716,41.1593566],[123.6331582,41.1675454],[123.6301223,41.1688415],[123.6308343,41.1724717],[123.6282508,41.1771994],[123.6285452,41.1791939],[123.6262688,41.179996],[123.6264841,41.1820748],[123.6192695,41.1868751],[123.6178208,41.1908771],[123.6179207,41.1969742],[123.6132897,41.2006671],[123.5950998,41.2027486],[123.5937516,41.2044916],[123.5978772,41.2070586],[123.5968472,41.2101286],[123.6003716,41.2189934],[123.6030558,41.2177668],[123.60287,41.2199331],[123.5949124,41.2303584],[123.5917312,41.2321472],[123.5912901,41.2340868],[123.5949382,41.2402734],[123.6023155,41.2452004],[123.6024196,41.2481747],[123.6097161,41.2524801]]]]}},{"type":"Feature","properties":{"land_bounds":[123.37104,39.7726390722129,125.7019871,41.1528125],"id":"liaoning-dandong","names":{"en":"Dandong","zh-CN":"丹东"},"osm_relation":9638643,"admin_level":5,"source":"https://www.openstreetmap.org/relation/9638643","license":"ODbL-1.0","attribution":"© OpenStreetMap contributors","simplification_degrees":0.0008},"geometry":{"type":"MultiPolygon","coordinates":[[[[124.7058446,40.3132096],[124.6705709,40.3020522],[124.6628379,40.3036261],[124.643226,40.3010053],[124.6413075,40.2987852],[124.6320978,40.2954729],[124.613882,40.2860371],[124.5903015,40.2696381],[124.5866635,40.2659421],[124.582018,40.2648638],[124.5742517,40.2580345],[124.5710794,40.2519533],[124.5552946,40.2453614],[124.5462049,40.2373748],[124.5408815,40.236686],[124.5321179,40.2319546],[124.5227364,40.2297875],[124.5176911,40.2262878],[124.519676,40.2236193],[124.518932,40.2219844],[124.5091171,40.2178347],[124.5017739,40.1995628],[124.4895005,40.1893062],[124.4841336,40.1738595],[124.4812271,40.1722829],[124.4720038,40.1751531],[124.4620848,40.1751114],[124.4553137,40.1738565],[124.449563,40.1710937],[124.442718,40.1652154],[124.4378333,40.1567827],[124.4392262,40.1546127],[124.4388131,40.1527352],[124.4332957,40.1480123],[124.4303782,40.1433709],[124.4273465,40.141632],[124.4123197,40.138742],[124.4056495,40.1356407],[124.4008155,40.1308138],[124.3965108,40.1201957],[124.3923521,40.1151481],[124.3705979,40.1008218],[124.3635898,40.088627],[124.3599136,40.0852245],[124.3506599,40.0806887],[124.3472816,40.0770972],[124.3396003,40.0663469],[124.3345488,40.0565818],[124.3347274,40.0512435],[124.3377253,40.0467181],[124.3490618,40.0434906],[124.368966,40.0354539],[124.3701249,40.0313942],[124.3718496,40.0167713],[124.3681536,40.0062071],[124.3606153,39.9919128],[124.3541086,39.9706824],[124.347285,39.9724748],[124.3440664,39.9757171],[124.3435889,39.9781694],[124.3447849,39.9806969],[124.3438111,39.9838219],[124.3453994,39.9878515],[124.3237245,39.9790316],[124.3223003,39.9777922],[124.3230405,39.9765117],[124.3184164,39.9722363],[124.3101847,39.9676154],[124.3022293,39.9670439],[124.2965269,39.9688446],[124.2923748,39.967825],[124.2913985,39.9671426],[124.2918062,39.9646222],[124.286474,39.9635861],[124.2831266,39.9611027],[124.2851543,39.9565303],[124.2826652,39.9474751],[124.2841776,39.946021],[124.2894351,39.9459946],[124.2939972,39.9438341],[124.2872722,39.9392166],[124.2852746,39.936009],[124.2845321,39.9321089],[124.2861414,39.9306116],[124.284178,39.9277485],[124.2731901,39.9311338],[124.2599783,39.9321229],[124.2392915,39.927265],[124.2278612,39.9193019],[124.2210571,39.9086715],[124.2152203,39.890749],[124.2166689,39.8697912],[124.2160397,39.8642176],[124.2120975,39.8554771],[124.2068438,39.8500515],[124.1971583,39.8435745],[124.1683333,39.8280556],[124.1647296,39.8364574],[124.1712642,39.8403149],[124.1764997,39.8527792],[124.1671716,39.8550186],[124.1588482,39.8355672],[124.1548599,39.8125269],[124.1537947,39.8131788],[124.1542934,39.8173646],[124.1481988,39.8244143],[124.1409212,39.8212787],[124.1520631,39.8073945],[124.1547614,39.7904677],[124.1535933,39.7939826],[124.1399717,39.8042419],[124.1327727,39.798637],[124.1542411,39.7823161],[124.1499093,39.7646553],[124.1506764,39.7698115],[124.13335,39.7828659],[124.1232602,39.7752333],[124.1471936,39.7568758],[124.1405189,39.7461702],[124.0981159,39.7779977],[124.1010208,39.7815122],[124.0988106,39.7783646],[124.1019809,39.7762434],[124.1048737,39.7834518],[124.1032576,39.7841726],[124.1017958,39.7829509],[124.1080427,39.7911231],[124.1260775,39.8352888],[124.1209522,39.8366975],[124.1200215,39.8350076],[124.1215745,39.8340818],[124.1198686,39.834537],[124.11631,39.8242884],[124.1007256,39.7948286],[124.093886,39.7889951],[124.0925074,39.789971],[124.0982205,39.7954366],[124.1153812,39.8291554],[124.1080964,39.8287707],[124.1074687,39.8275739],[124.1074922,39.8286373],[124.0933925,39.8253925],[124.0906499,39.8290787],[124.0697461,39.8215846],[124.066451,39.8151642],[124.0691346,39.8213456],[124.0564813,39.8169658],[124.0539747,39.8183575],[124.0407434,39.811026],[124.0282014,39.8073719],[124.0279452,39.8043831],[124.0273002,39.8059069],[124.0192026,39.8036815],[124.0186742,39.8050002],[124.0149446,39.8040235],[124.0154944,39.8023637],[124.0144135,39.8039184],[124.0031844,39.8011995],[123.9916643,39.802474],[123.9607919,39.8092625],[123.9489617,39.8164022],[123.9533,39.8216199],[123.94095,39.8193999],[123.93496,39.82075],[123.93433,39.8222899],[123.93329,39.8194801],[123.91965,39.8206099],[123.9173,39.81922],[123.91164,39.8192501],[123.9049751,39.8202621],[123.905308,39.8215322],[123.8986177,39.823528],[123.8809987,39.8250216],[123.8807742,39.8231787],[123.8643237,39.8237975],[123.8509691,39.8263979],[123.8506746,39.8294759],[123.848572,39.8258385],[123.8453483,39.8263491],[123.8453398,39.8275248],[123.8312208,39.8307468],[123.8308394,39.8320562],[123.8339626,39.8346268],[123.8235493,39.8342356],[123.8230597,39.8358077],[123.7936935,39.8298101],[123.7939426,39.8289072],[123.7870669,39.8253484],[123.7775435,39.8225932],[123.749442,39.823235],[123.7494147,39.8222584],[123.7369028,39.820553],[123.7360102,39.8246509],[123.7325794,39.8245976],[123.6941225,39.8138655],[123.6867859,39.8108019],[123.6862439,39.8147179],[123.6890536,39.8152197],[123.6843028,39.820386],[123.6824988,39.8197434],[123.6772717,39.8253726],[123.6739357,39.8271355],[123.6680864,39.8287083],[123.6632422,39.828162],[123.6624246,39.8263155],[123.6579709,39.8255726],[123.6566382,39.8282764],[123.6580419,39.8316078],[123.6559503,39.8310502],[123.6533519,39.8362208],[123.6549691,39.8377237],[123.6533479,39.8368012],[123.6534101,39.83834],[123.6443569,39.834735],[123.6439909,39.8306011],[123.6478175,39.8300241],[123.6481308,39.8294683],[123.6286839,39.8329637],[123.62868,39.8273717],[123.6326163,39.8158046],[123.6353599,39.8151394],[123.6352976,39.811255],[123.6375316,39.8105586],[123.6354417,39.80089],[123.6263474,39.8004411],[123.6271258,39.7921221],[123.6220834,39.7927044],[123.6208624,39.7939754],[123.6121691,39.7935372],[123.6170811,39.7893519],[123.6159233,39.7889758],[123.6142908,39.7836098],[123.6105136,39.7842194],[123.6092577,39.7786984],[123.6076883,39.7770381],[123.593842,39.7730278],[123.5775209,39.7730686],[123.5786642,39.7734028],[123.5760595,39.7836655],[123.5662918,39.784612],[123.5620386,39.7758961],[123.5611267,39.7768069],[123.5589949,39.7757941],[123.5592,39.773408],[123.5607517,39.7730441],[123.5583008,39.7722368],[123.5595129,39.7682735],[123.5646924,39.766925],[123.5603851,39.7667059],[123.5577181,39.7633777],[123.5519412,39.7595716],[123.5468439,39.7586499],[123.5451971,39.7568069],[123.5459539,39.7560975],[123.5458106,39.7511415],[123.5416938,39.749157],[123.5384046,39.7491713],[123.5455997,39.7513901],[123.5455945,39.7558898],[123.5432741,39.755512],[123.5387903,39.7615068],[123.5444729,39.7615654],[123.5450624,39.7702014],[123.5441473,39.7721188],[123.5449033,39.7736447],[123.549012,39.7749083],[123.5448221,39.7741839],[123.5438387,39.7771179],[123.5478585,39.7780381],[123.5472902,39.77937],[123.5433796,39.7783365],[123.542234,39.7812119],[123.5409076,39.781095],[123.5399058,39.7831044],[123.5383549,39.7828746],[123.5387492,39.7877884],[123.5295975,39.7881027],[123.5262595,39.7858036],[123.5274028,39.7847792],[123.5274967,39.7748463],[123.51576,39.7748045],[123.5151754,39.7937479],[123.5132363,39.7972604],[123.5121233,39.8070754],[123.5090103,39.8129769],[123.4987563,39.8187829],[123.4955978,39.8269654],[123.4957733,39.8322294],[123.4984968,39.8423234],[123.4944528,39.8504984],[123.4859923,39.8558694],[123.4773023,39.8584899],[123.4684171,39.8677487],[123.4691698,39.8814261],[123.4717276,39.8826408],[123.4750383,39.8899953],[123.4847893,39.8966295],[123.4836899,39.9015871],[123.4748734,39.9084499],[123.4657371,39.9234691],[123.460629,39.9190208],[123.4560642,39.9166454],[123.4532411,39.9167122],[123.4527076,39.918599],[123.458586,39.9230428],[123.4542434,39.9262209],[123.4520141,39.9250862],[123.4505924,39.9277211],[123.4482131,39.9270104],[123.4485401,39.9250991],[123.4449907,39.9241054],[123.4436686,39.9200042],[123.4413501,39.9207851],[123.4429918,39.9239428],[123.4427148,39.9269952],[123.43772,39.926336],[123.4364494,39.9232892],[123.4324596,39.9229555],[123.4312863,39.9211431],[123.4257136,39.9245505],[123.4238044,39.9275874],[123.4155139,39.9320449],[123.4016631,39.9333037],[123.3990337,39.9272931],[123.3926707,39.9254748],[123.3921996,39.9242922],[123.3891766,39.9288661],[123.3931808,39.932913],[123.3883008,39.9354973],[123.3855665,39.9342412],[123.3852168,39.9357884],[123.3876936,39.9429194],[123.384945,39.944724],[123.3876921,39.9467681],[123.3900295,39.9455779],[123.3901719,39.9490867],[123.3879685,39.9484149],[123.3874366,39.9528361],[123.3791349,39.9533186],[123.3774455,39.9556652],[123.377499,39.959051],[123.37104,39.9696137],[123.3822542,39.9735989],[123.3888824,39.979133],[123.3957863,39.9802719],[123.3951723,39.9916216],[123.4019861,39.9975341],[123.3989314,40.0076789],[123.4003944,40.0089936],[123.400421,40.0119845],[123.4096964,40.020034],[123.4107371,40.0225573],[123.4145356,40.0238109],[123.4173739,40.0292903],[123.4246566,40.0317542],[123.4312858,40.0317607],[123.4426195,40.0356037],[123.4484216,40.0342196],[123.4537004,40.0309067],[123.4616964,40.0312749],[123.4716233,40.0298573],[123.4693851,40.0314953],[123.4670504,40.035969],[123.4643214,40.0350201],[123.4582583,40.0367385],[123.4514288,40.0544335],[123.4431929,40.0557465],[123.4523137,40.0565792],[123.4564644,40.0538864],[123.4595563,40.0480799],[123.4581072,40.0419499],[123.4600534,40.0421274],[123.462296,40.0396269],[123.4652661,40.043274],[123.4652809,40.0454239],[123.4690846,40.0436288],[123.4690139,40.0469034],[123.4733344,40.0474268],[123.4771235,40.0495311],[123.4748523,40.0557635],[123.4757208,40.0577677],[123.4704855,40.0699208],[123.4729619,40.0733861],[123.4772728,40.0744939],[123.4865398,40.080022],[123.4900351,40.0803532],[123.4922626,40.0839595],[123.5080872,40.0891183],[123.5078068,40.0924133],[123.5111405,40.094849],[123.5143499,40.0953603],[123.5168081,40.0984232],[123.5229271,40.0995984],[123.5232298,40.1020221],[123.5404871,40.1013445],[123.5429222,40.0988384],[123.5466373,40.0980486],[123.5508455,40.1005881],[123.5577239,40.1012629],[123.5586586,40.1033873],[123.5580798,40.1078909],[123.5618055,40.1128666],[123.5696404,40.1145175],[123.5791946,40.1242704],[123.5857841,40.1273735],[123.5850004,40.1293209],[123.5955296,40.1447266],[123.601181,40.1581638],[123.6008159,40.1673528],[123.5942993,40.1691324],[123.5770563,40.1634254],[123.5703512,40.1662669],[123.5591906,40.1780448],[123.5533508,40.1877395],[123.5678147,40.2017551],[123.5809245,40.2236844],[123.5849554,40.2249517],[123.5878007,40.2320118],[123.586272,40.235239],[123.5883312,40.2385084],[123.5878523,40.2410849],[123.6060562,40.2404865],[123.6154294,40.2476139],[123.6189662,40.248677],[123.6239961,40.2555869],[123.6232831,40.2581742],[123.6260986,40.2607825],[123.6316139,40.2636203],[123.6360895,40.2627116],[123.639216,40.2593331],[123.6431096,40.2591695],[123.6498161,40.2636476],[123.6529216,40.2683859],[123.6573609,40.2688929],[123.6649348,40.2747972],[123.667253,40.2746495],[123.6690071,40.2798035],[123.67416,40.2819635],[123.6743412,40.288344],[123.675957,40.2902136],[123.6819664,40.2905121],[123.6905062,40.2959599],[123.6991566,40.2953717],[123.6996367,40.2979622],[123.7044136,40.3020054],[123.7065167,40.3071665],[123.7056868,40.3097883],[123.7027466,40.3113435],[123.7031281,40.3196584],[123.7071372,40.3315301],[123.7133082,40.3356598],[123.7140052,40.3422734],[123.7248927,40.3472057],[123.728022,40.3554553],[123.7350818,40.3651035],[123.7384413,40.3734902],[123.743743,40.3794548],[123.7435609,40.3814917],[123.7472073,40.383536],[123.747038,40.3864741],[123.7519518,40.3891541],[123.752279,40.3932711],[123.7580077,40.4010455],[123.7401864,40.4112371],[123.7394785,40.4132483],[123.745394,40.4217921],[123.7576334,40.4305581],[123.7583827,40.4378987],[123.7602487,40.4406452],[123.7592711,40.4483346],[123.7545315,40.4508536],[123.753476,40.4578543],[123.7541781,40.46231],[123.7494337,40.4647455],[123.7515131,40.4668935],[123.7552555,40.4796746],[123.7596783,40.4851923],[123.761882,40.4917091],[123.7615337,40.4984485],[123.7513851,40.5013729],[123.7475521,40.4998417],[123.743924,40.5041794],[123.7392247,40.5034733],[123.7324205,40.5063097],[123.7350891,40.5098093],[123.7333906,40.5154046],[123.734771,40.5198205],[123.7326334,40.521391],[123.7321723,40.5245676],[123.7353053,40.5305616],[123.7338368,40.5345365],[123.7291703,40.5373903],[123.7352706,40.5477013],[123.7350665,40.5517585],[123.7300296,40.55895],[123.7307884,40.5670888],[123.7327532,40.5690362],[123.7324402,40.5738662],[123.7287039,40.5763877],[123.7224698,40.5774907],[123.7180783,40.5815857],[123.7117572,40.5906473],[123.7178924,40.5952654],[123.7274566,40.5954484],[123.733613,40.5977923],[123.7370872,40.6036467],[123.7414132,40.6044558],[123.7429997,40.6088469],[123.7429917,40.6136649],[123.7402072,40.6174339],[123.7358269,40.6199153],[123.7284335,40.6305172],[123.7293348,40.6342343],[123.7286487,40.6407876],[123.7254137,40.6470971],[123.7196922,40.6523461],[123.7129808,40.6562683],[123.7077146,40.6563188],[123.7049067,40.6601662],[123.6960085,40.6625528],[123.6831242,40.662417],[123.6732897,40.6683987],[123.6478695,40.6769088],[123.646229,40.6811279],[123.6307632,40.6891163],[123.6176407,40.6918553],[123.6115907,40.6915998],[123.6070109,40.6889596],[123.6029951,40.6888447],[123.6001072,40.686102],[123.5870242,40.6843863],[123.5773807,40.6847068],[123.5741917,40.6868773],[123.5716517,40.6908583],[123.5739632,40.6946252],[123.5722859,40.6959494],[123.575497,40.7029298],[123.5725419,40.706638],[123.5680323,40.7076479],[123.5648136,40.7107083],[123.5533241,40.7115334],[123.554535,40.7184477],[123.5523399,40.7190291],[123.5487643,40.7177739],[123.5457941,40.7214529],[123.5491835,40.7237903],[123.5503771,40.7268034],[123.5492029,40.7292873],[123.5496666,40.7328636],[123.5519466,40.7370471],[123.5492749,40.7382168],[123.5504215,40.7396891],[123.5501275,40.7425124],[123.5519857,40.7442737],[123.5516868,40.7461497],[123.5559461,40.7496391],[123.5554287,40.7519484],[123.5588598,40.7584029],[123.5665723,40.7617683],[123.5720213,40.7660224],[123.5805635,40.7659586],[123.5814974,40.7724787],[123.5787909,40.7782381],[123.5733626,40.7797353],[123.5686681,40.788241],[123.5711533,40.7909281],[123.5714345,40.7940801],[123.5514854,40.8020421],[123.5492845,40.806665],[123.5423306,40.8142814],[123.5364847,40.8247184],[123.5374853,40.8275911],[123.5429283,40.8274326],[123.5441779,40.8377685],[123.5385588,40.8471405],[123.5387573,40.8594474],[123.5453703,40.8604316],[123.5474703,40.8582459],[123.5579988,40.855116],[123.5620454,40.8557398],[123.5722695,40.8528044],[123.5766828,40.8558999],[123.5921508,40.8553658],[123.5982237,40.8532139],[123.6179409,40.8502189],[123.6197429,40.8485184],[123.630554,40.8455759],[123.6337241,40.8433308],[123.635815,40.8435859],[123.6386479,40.8414939],[123.6401992,40.8382281],[123.6580808,40.8251684],[123.6661913,40.8242034],[123.6808928,40.8321989],[123.6832428,40.8311994],[123.6825103,40.8238794],[123.6835403,40.8208579],[123.6854478,40.8173524],[123.6876568,40.8169687],[123.6872537,40.8147699],[123.6895833,40.8137055],[123.7035095,40.8185122],[123.7083502,40.8187758],[123.7098818,40.8243331],[123.7136942,40.8250774],[123.7166951,40.828429],[123.7270667,40.8293535],[123.7317742,40.8451849],[123.7354771,40.8476995],[123.7369199,40.8503985],[123.7619167,40.8474858],[123.7657995,40.849484],[123.7670711,40.8539111],[123.7703904,40.854388],[123.7858596,40.8491825],[123.7874662,40.8514406],[123.7958753,40.8555878],[123.805017,40.8557791],[123.8068296,40.8537898],[123.8094932,40.8536765],[123.8163432,40.8565963],[123.8201344,40.8616451],[123.8256135,40.8577984],[123.8295788,40.8525912],[123.8324145,40.8512885],[123.8344829,40.8524215],[123.8376705,40.8510404],[123.8385495,40.8540866],[123.8431102,40.855095],[123.8466107,40.8506478],[123.8584287,40.8443653],[123.8619941,40.8394056],[123.8671908,40.8382527],[123.8736352,40.8407903],[123.8864766,40.8372432],[123.8897376,40.8386229],[123.8933502,40.8338544],[123.892407,40.8299732],[123.9014438,40.8302757],[123.9058941,40.8327303],[123.9103775,40.8334644],[123.9153231,40.8294561],[123.9199021,40.8292111],[123.9258739,40.8250647],[123.9284265,40.8269603],[123.9330958,40.8274768],[123.9410654,40.8375361],[123.9470176,40.8382225],[123.9499369,40.8445045],[123.9688905,40.8510731],[123.9670391,40.8527585],[123.967288,40.8556285],[123.97152,40.8593852],[123.9749338,40.8660123],[123.9824948,40.8657729],[123.9908615,40.8601268],[123.9969631,40.8604471],[124.0042555,40.8587563],[124.0073879,40.8594792],[124.0105934,40.8580968],[124.0144124,40.8600108],[124.0167303,40.8592086],[124.0275193,40.8639219],[124.0783768,40.8592644],[124.0878218,40.8556974],[124.0881578,40.8469579],[124.0922468,40.8447379],[124.0970763,40.8445549],[124.1099703,40.8518754],[124.1284178,40.8516349],[124.1331328,40.8542099],[124.1375273,40.8611604],[124.1374513,40.8646049],[124.1344988,40.8702279],[124.1353073,40.8780019],[124.1417083,40.8830414],[124.1438523,40.8880119],[124.1423188,40.8922004],[124.1254728,40.9075359],[124.1261978,40.9231224],[124.1302108,40.9333039],[124.1416013,40.9496314],[124.1419828,40.9553564],[124.1286928,40.9606819],[124.1235273,40.9650114],[124.1237723,40.9686774],[124.1212003,40.9756624],[124.1213533,40.9825439],[124.1119768,40.9920844],[124.1009978,41.0140799],[124.0922468,41.0240554],[124.0875661,41.0339412],[124.0888411,41.0352955],[124.1057917,41.0357808],[124.1172818,41.0378535],[124.114134,41.0447602],[124.1187547,41.0462543],[124.1272021,41.0466306],[124.1300637,41.0481413],[124.1345476,41.053453],[124.1466489,41.0511313],[124.1543425,41.0408997],[124.1605141,41.0350513],[124.1788103,41.0251234],[124.1848302,41.0246507],[124.1900769,41.028354],[124.1917414,41.0349396],[124.1998903,41.0388882],[124.2027167,41.0440937],[124.2091032,41.0425124],[124.2104525,41.0402935],[124.2261192,41.03994],[124.2273592,41.0408753],[124.227073,41.0458393],[124.231645,41.0503486],[124.2296485,41.0524574],[124.2309839,41.0583557],[124.2301181,41.0624778],[124.232411,41.0644627],[124.2340364,41.0695752],[124.2360395,41.0714449],[124.232006,41.0743122],[124.2309839,41.0781324],[124.2362025,41.0844444],[124.2455756,41.0879413],[124.2513015,41.096694],[124.2554032,41.098047],[124.2705535,41.0954527],[124.2786021,41.0981299],[124.2863008,41.0962639],[124.2897868,41.0940589],[124.2963842,41.0940266],[124.2996575,41.0914788],[124.300617,41.0881983],[124.2983277,41.083525],[124.2937783,41.0793987],[124.2922229,41.0754],[124.2885981,41.0738899],[124.2869913,41.0657058],[124.289552,41.0615923],[124.2843057,41.0572768],[124.2861478,41.0544739],[124.2951629,41.0521153],[124.3036989,41.0559096],[124.3093926,41.053968],[124.3157836,41.0557663],[124.3159483,41.0595014],[124.3231285,41.0615203],[124.3294794,41.0662709],[124.3455165,41.0732612],[124.3489785,41.0720921],[124.3508608,41.0636214],[124.3595963,41.0540884],[124.3645403,41.0509034],[124.3693998,41.0509414],[124.3772508,41.0545274],[124.3944182,41.0591713],[124.3977464,41.064227],[124.4035403,41.0658356],[124.4081691,41.0728176],[124.4118724,41.0740627],[124.4201741,41.0716746],[124.4240798,41.0726164],[124.4289135,41.071373],[124.4386196,41.06516],[124.4696423,41.0597379],[124.4755783,41.0578879],[124.4785151,41.0538961],[124.5048911,41.0475567],[124.5114466,41.054538],[124.5127627,41.0609964],[124.5228336,41.0650558],[124.5339528,41.0727999],[124.5322988,41.0775257],[124.5346973,41.079652],[124.5358601,41.0872335],[124.5453781,41.0906499],[124.5477892,41.094337],[124.5526017,41.0928898],[124.5611032,41.0960523],[124.5624435,41.0986461],[124.5700023,41.0986986],[124.5729483,41.1001308],[124.5775418,41.0992281],[124.5796257,41.1002321],[124.5859227,41.0961026],[124.5902225,41.0959555],[124.5979813,41.091989],[124.6016381,41.0925511],[124.6054047,41.0885525],[124.6235468,41.0939772],[124.6346429,41.0922451],[124.6383115,41.0899537],[124.648068,41.0888171],[124.6650486,41.0934384],[124.6676958,41.097504],[124.6648971,41.100266],[124.6668253,41.111562],[124.6724611,41.1161614],[124.6739519,41.1238412],[124.6771568,41.125177],[124.6828154,41.1233617],[124.6894065,41.1244907],[124.6967158,41.1229832],[124.7025204,41.1254707],[124.7077698,41.1301969],[124.7135506,41.1313011],[124.7128542,41.137454],[124.714702,41.1408749],[124.7208581,41.1456569],[124.7249942,41.1471265],[124.730255,41.1528125],[124.7437593,41.1496999],[124.7530518,41.1398774],[124.7588273,41.1359519],[124.7731698,41.1325684],[124.7888793,41.1311949],[124.7976533,41.1344869],[124.8082428,41.1416014],[124.8124923,41.1416434],[124.8312073,41.1359939],[124.8501433,41.1367684],[124.8688963,41.1278954],[124.8804524,41.1244958],[124.8853467,41.1214366],[124.9001306,41.1196623],[124.9061697,41.1162445],[124.9100876,41.1179803],[124.9151008,41.1178626],[124.9184453,41.115463],[124.9272071,41.1159881],[124.9416567,41.1145179],[124.9418564,41.1134708],[124.9467932,41.115343],[124.9549153,41.1152231],[124.9684219,41.1125329],[124.9754259,41.1104738],[124.9914085,41.0962335],[125.0005359,41.0968648],[125.0047631,41.1007035],[125.0052861,41.1053994],[125.0082667,41.1076637],[125.0123832,41.1089496],[125.0179472,41.1077909],[125.0218037,41.1099436],[125.029324,41.1103345],[125.0347573,41.1120155],[125.0377556,41.1161516],[125.0457763,41.1150664],[125.0518418,41.1111109],[125.0625737,41.1092236],[125.0620668,41.1056399],[125.0655941,41.101032],[125.0744652,41.0989394],[125.0772254,41.096743],[125.0907946,41.0952818],[125.0949031,41.0923023],[125.105829,41.0893542],[125.1163023,41.0924949],[125.1364638,41.0919791],[125.1406918,41.0980426],[125.1453879,41.1002234],[125.1466855,41.103802],[125.1711876,41.1045437],[125.1761323,41.1027834],[125.1869912,41.104618],[125.199185,41.0965515],[125.2146664,41.1049626],[125.2172132,41.1083837],[125.2179868,41.1125184],[125.2248993,41.1114999],[125.2456438,41.1013219],[125.2508008,41.0976259],[125.2550733,41.0974444],[125.2567739,41.0949493],[125.263398,41.0959029],[125.2672747,41.0985355],[125.2772534,41.0926623],[125.2983785,41.0838074],[125.3025558,41.0766058],[125.3015288,41.0719794],[125.3029538,41.0617221],[125.3124045,41.0538152],[125.3124495,41.0476378],[125.3070691,41.0427365],[125.3079902,41.0415121],[125.3202531,41.0446351],[125.3267725,41.0377947],[125.3272604,41.0355059],[125.3303222,41.0343618],[125.3334715,41.0333435],[125.3411159,41.0345449],[125.3438233,41.036587],[125.3463714,41.0351455],[125.3495566,41.0287783],[125.3484418,41.0261352],[125.3404789,41.0225307],[125.3394849,41.0167527],[125.3373869,41.0147935],[125.3357011,41.0089521],[125.3379818,41.0069994],[125.3406923,41.0073442],[125.3464537,41.0002888],[125.3474852,40.9957923],[125.385267,40.9981223],[125.3858052,41.0004238],[125.3806457,41.008222],[125.3801404,41.0108917],[125.3812999,41.0128917],[125.3861973,41.0142933],[125.3900941,41.0144211],[125.4022893,41.010273],[125.4117248,41.0116964],[125.422192,41.0070214],[125.4255931,41.0081021],[125.4268263,41.0104948],[125.4275127,41.0258891],[125.4335752,41.0294445],[125.4391821,41.0293164],[125.4434323,41.0281621],[125.4528185,41.0222395],[125.4557126,41.0171018],[125.4531392,41.0036243],[125.4598363,40.9939027],[125.4603444,40.9901948],[125.45865,40.9869973],[125.4498894,40.9788273],[125.4479865,40.9691492],[125.4568038,40.9611839],[125.4709409,40.9572772],[125.481542,40.9563756],[125.4889418,40.9515702],[125.4931782,40.9517035],[125.496682,40.954482],[125.49669,40.9619596],[125.4915008,40.9682295],[125.4824329,40.9733925],[125.4817629,40.975922],[125.4827871,40.9791438],[125.4887564,40.9843687],[125.4997624,40.9861569],[125.5227558,40.9848807],[125.5256975,40.9781213],[125.525032,40.9726456],[125.5187882,40.9565722],[125.5147108,40.9518727],[125.4960425,40.9440122],[125.4941756,40.9402842],[125.4940469,40.9372044],[125.5059344,40.9229546],[125.5128437,40.9116042],[125.5173929,40.9085557],[125.5234236,40.9064166],[125.52793,40.9062856],[125.5429536,40.9111164],[125.5443636,40.913248],[125.5440222,40.9215581],[125.546224,40.9257805],[125.551471,40.9282105],[125.5596292,40.9285957],[125.5837645,40.9159804],[125.5843779,40.9111331],[125.5769352,40.9080007],[125.5730768,40.9031471],[125.571394,40.8955634],[125.5735774,40.8903613],[125.5815222,40.890153],[125.5939258,40.8951621],[125.598099,40.8994704],[125.6127785,40.9036311],[125.6420561,40.9061593],[125.6426407,40.9143446],[125.6451251,40.9153263],[125.6516042,40.9149705],[125.6676639,40.9027965],[125.675913,40.9005382],[125.682457,40.8970892],[125.7010174,40.8710257],[125.7019871,40.8637072],[125.6895345,40.8469964],[125.6744271,40.8349667],[125.6670246,40.8316201],[125.65321,40.8217749],[125.6339699,40.8118197],[125.6295264,40.802789],[125.6292627,40.7989152],[125.6319294,40.7961578],[125.6476865,40.791937],[125.6673396,40.7896885],[125.6821031,40.7850424],[125.6850023,40.7809808],[125.6858269,40.775806],[125.6835127,40.765282],[125.6772719,40.7624204],[125.6696439,40.7611997],[125.6638868,40.7614051],[125.6474379,40.765628],[125.6398446,40.7650232],[125.6205428,40.7586528],[125.5990798,40.7544926],[125.591458,40.7556694],[125.5882737,40.7623723],[125.5883862,40.7671555],[125.580815,40.7786683],[125.5747125,40.7822754],[125.5672624,40.7807481],[125.560765,40.7763935],[125.5483475,40.7624321],[125.5460663,40.7573929],[125.5454636,40.7422066],[125.5398164,40.7264493],[125.5320329,40.7195834],[125.5243396,40.7164422],[125.4923401,40.7216074],[125.4857941,40.7213298],[125.4753037,40.7173462],[125.4638672,40.7092247],[125.4553223,40.7011642],[125.4518967,40.6962776],[125.4516485,40.6744651],[125.4484176,40.6687255],[125.444641,40.665861],[125.4378861,40.665101],[125.4272232,40.6701355],[125.4172134,40.6716042],[125.4115906,40.6696472],[125.4090831,40.6657407],[125.4091985,40.6586122],[125.4161086,40.6437755],[125.4187924,40.6333023],[125.4172958,40.6295461],[125.4103551,40.6248037],[125.401332,40.6238653],[125.3947368,40.6260228],[125.3886182,40.631182],[125.3806615,40.6414566],[125.3712717,40.6507066],[125.3632679,40.6510009],[125.3534808,40.6478501],[125.3292236,40.6369972],[125.3239212,40.6375008],[125.3188934,40.6397667],[125.2966672,40.65245],[125.2852045,40.654824],[125.2772245,40.654231],[125.2668305,40.6476951],[125.264267,40.6405754],[125.2657394,40.6310501],[125.2652512,40.6259193],[125.2623269,40.6185335],[125.2572955,40.6129197],[125.2431187,40.607912],[125.2276314,40.6106852],[125.2169415,40.6109065],[125.1952312,40.6091131],[125.178206,40.6050983],[125.1396866,40.5829239],[125.1069489,40.560936],[125.0957108,40.5562935],[125.0595627,40.5465202],[125.0385437,40.5391922],[125.0082626,40.5247803],[125.002574,40.5179452],[124.9997329,40.5070688],[125.0018758,40.5007369],[125.0097198,40.4959526],[125.0282822,40.4920425],[125.0331726,40.4898453],[125.0426294,40.4843465],[125.0453378,40.480161],[125.0466253,40.4716851],[125.042596,40.4638321],[125.033539,40.4573394],[125.0257425,40.4559408],[125.0138139,40.4570671],[124.9965362,40.4674568],[124.9876956,40.4707804],[124.9808635,40.4707738],[124.9448929,40.4545288],[124.9396896,40.453228],[124.9222497,40.4543829],[124.9114694,40.4577202],[124.9073066,40.4616646],[124.9057015,40.4639567],[124.9059848,40.4674894],[124.90983,40.4780603],[124.9059075,40.4810635],[124.9005774,40.4818861],[124.8893336,40.475612],[124.8810939,40.4607177],[124.8739013,40.4512936],[124.8564529,40.4332314],[124.8271947,40.4113561],[124.8171463,40.4045181],[124.7986846,40.3956934],[124.7808335,40.3925352],[124.7657753,40.3871328],[124.7460821,40.3756871],[124.7374105,40.36612],[124.7273478,40.3297644],[124.7213669,40.322155],[124.7058446,40.3132096]]]]}},{"type":"Feature","properties":{"land_bounds":[120.7114608,40.797401,122.5964159,42.1267409],"id":"liaoning-jinzhou","names":{"en":"Jinzhou","zh-CN":"锦州"},"osm_relation":2770977,"admin_level":5,"source":"https://www.openstreetmap.org/relation/2770977","license":"ODbL-1.0","attribution":"© OpenStreetMap contributors","simplification_degrees":0.0008},"geometry":{"type":"MultiPolygon","coordinates":[[[[121.507405,40.8549242],[121.5052057,40.8519034],[121.502569,40.8506536],[121.4860198,40.849903],[121.473239,40.8547051],[121.4709619,40.8579835],[121.4728449,40.8635916],[121.4715896,40.8638523],[121.4769056,40.871931],[121.4948845,40.8774522],[121.5045114,40.869896],[121.4978777,40.8649375],[121.4974549,40.8612945],[121.495614,40.8591601],[121.5065386,40.8551657],[121.5143049,40.8563345],[121.507405,40.8549242]]],[[[121.6432312,40.9386401],[121.6261962,40.9090356],[121.6230808,40.9059999],[121.6092293,40.904835],[121.6056233,40.901726],[121.5919697,40.8951788],[121.5866611,40.8912807],[121.5728333,40.8760392],[121.5635556,40.877955],[121.5570688,40.8739286],[121.5540487,40.869132],[121.5500361,40.8662233],[121.5509963,40.8650428],[121.5486145,40.8582472],[121.5415174,40.8583324],[121.5317595,40.8465166],[121.5307617,40.8443658],[121.5318775,40.8328885],[121.5077591,40.8427426],[121.5116215,40.8486024],[121.5175652,40.8530496],[121.5178442,40.8550906],[121.515748,40.8569455],[121.5182972,40.8571798],[121.5327519,40.849703],[121.5177986,40.8577583],[121.5244371,40.8672537],[121.521889,40.8680529],[121.5193945,40.8640894],[121.5163529,40.8647061],[121.5172326,40.8703084],[121.5148991,40.8724461],[121.5005118,40.874523],[121.4997849,40.8854335],[121.496408,40.885835],[121.4963865,40.8823755],[121.4917463,40.8815684],[121.4886054,40.8812743],[121.4887798,40.8832961],[121.4833577,40.8830173],[121.4831556,40.8871129],[121.4806902,40.8902513],[121.4783192,40.900723],[121.4786732,40.887007],[121.4767313,40.8852996],[121.434115,40.8837118],[121.431005,40.8864717],[121.4300287,40.8891199],[121.4247662,40.8886049],[121.4239347,40.8704788],[121.4315843,40.8367037],[121.4309406,40.8344958],[121.4284086,40.8336191],[121.354605,40.8457456],[121.3546586,40.8477664],[121.3267744,40.852372],[121.3273752,40.8627385],[121.3259375,40.8759548],[121.320278,40.896038],[121.317451,40.8954541],[121.3238025,40.8709615],[121.323486,40.8512764],[121.3026157,40.8479024],[121.2997189,40.8488215],[121.2987238,40.8509965],[121.2898779,40.8509153],[121.2887567,40.8550622],[121.290881,40.8609493],[121.2899905,40.8675864],[121.2873727,40.8676878],[121.2837034,40.872649],[121.2780762,40.886857],[121.2705123,40.8996793],[121.258311,40.8923885],[121.2783498,40.8635742],[121.2798625,40.8600851],[121.2803406,40.8562606],[121.278162,40.8634403],[121.2580615,40.8923925],[121.251694,40.8892537],[121.2462008,40.8885765],[121.246174,40.8843263],[121.2340665,40.8837058],[121.2336829,40.8607322],[121.2561867,40.8603671],[121.2560338,40.8516132],[121.2182294,40.851597],[121.2202638,40.8593102],[121.2095377,40.8593487],[121.2037612,40.8506986],[121.2092373,40.8593812],[121.1954775,40.8595415],[121.1916809,40.8543085],[121.2045273,40.8738882],[121.2216961,40.8785102],[121.2217364,40.8826107],[121.212692,40.882998],[121.2134215,40.8862243],[121.2171257,40.8870699],[121.2172517,40.8880919],[121.193651,40.8887428],[121.175133,40.8867841],[121.1736739,40.8826791],[121.1692429,40.8777882],[121.159029,40.875245],[121.1430591,40.8800474],[121.1404198,40.8827202],[121.1288823,40.8802113],[121.1234254,40.8814933],[121.1210114,40.8796134],[121.1229617,40.8772909],[121.1227883,40.8754493],[121.1201659,40.8757455],[121.1172845,40.8726912],[121.113418,40.8736022],[121.1082244,40.8637641],[121.0999931,40.8523025],[121.0908641,40.8530391],[121.0869234,40.8594145],[121.0865735,40.8640518],[121.0829299,40.87017],[121.0771299,40.86635],[121.0769655,40.8589629],[121.0748157,40.8554395],[121.0774362,40.8539423],[121.0859375,40.8526966],[121.084882,40.8482412],[121.0907668,40.8468534],[121.0946318,40.8478922],[121.0904637,40.8460682],[121.0947579,40.8431281],[121.0975742,40.8431484],[121.0989663,40.8449096],[121.097243,40.8470593],[121.0992104,40.8449725],[121.0982743,40.8434568],[121.1057147,40.8434081],[121.1057281,40.846198],[121.1003771,40.8464091],[121.1061868,40.8462244],[121.10616,40.8428542],[121.1044943,40.8407033],[121.0973784,40.8407073],[121.0898495,40.8457659],[121.0748841,40.8492533],[121.0748076,40.8474763],[121.0913971,40.8439032],[121.087178,40.8429231],[121.0848391,40.8452424],[121.0747781,40.8472937],[121.0749069,40.8462406],[121.0845843,40.8447534],[121.0859871,40.8395933],[121.0760066,40.8319874],[121.0729998,40.8284358],[121.073724,40.8276199],[121.0726136,40.8260855],[121.0595995,40.8236012],[121.0781786,40.8005683],[121.0787301,40.79606],[121.070669,40.7937796],[121.0776959,40.7963215],[121.0767645,40.7999556],[121.066539,40.7969002],[121.0759154,40.7997356],[121.0733765,40.8028465],[121.0693123,40.8013292],[121.0678777,40.8028547],[121.065168,40.8018456],[121.0641017,40.8036389],[121.0668809,40.8046852],[121.0615091,40.8112739],[121.0543708,40.8085249],[121.0605193,40.7986664],[121.053687,40.7961566],[121.0553233,40.7931163],[121.0534461,40.7959501],[121.0490598,40.7957496],[121.0403854,40.8076099],[121.0340705,40.8076884],[121.0338067,40.7932559],[121.0131558,40.792135],[121.0130527,40.784868],[121.0106289,40.7839975],[121.0152801,40.7787304],[121.0089662,40.7849442],[121.00735,40.7849721],[121.0174521,40.7746284],[121.0493543,40.7740492],[121.0172752,40.7743341],[121.0066154,40.7849848],[121.0070174,40.8269653],[121.0081279,40.8268811],[121.0086805,40.8308692],[121.0032785,40.8421663],[121.0040563,40.8453438],[121.007731,40.8499414],[121.0061055,40.8507956],[121.0008283,40.8467255],[121.0025474,40.8559883],[121.0057611,40.8616886],[121.0146178,40.8664854],[121.0251768,40.8822554],[121.0271073,40.8884279],[121.0263368,40.8955459],[121.0282402,40.9049057],[121.0231582,40.9110427],[121.0288278,40.9132227],[121.0291241,40.9173878],[121.0310575,40.9185983],[121.0310282,40.9202308],[121.0274669,40.921061],[121.0261411,40.9247758],[121.0224401,40.9218958],[121.0211695,40.9236071],[121.0200095,40.9228975],[121.0181313,40.9259861],[121.0242077,40.928699],[121.0263069,40.9274887],[121.0267488,40.9298676],[121.0310611,40.9319483],[121.0308918,40.935418],[121.0291793,40.9374628],[121.033067,40.9372582],[121.0328804,40.9382139],[121.0289031,40.9384226],[121.029787,40.9400917],[121.0289584,40.9414687],[121.0252573,40.9398413],[121.0190152,40.9402169],[121.0194019,40.9480613],[121.0183523,40.948103],[121.0174685,40.9447651],[121.0161427,40.9449737],[121.0159218,40.947352],[121.0146806,40.9408209],[121.0117258,40.9401048],[121.0098454,40.9441809],[121.0061995,40.9457665],[121.006814,40.9505091],[121.0036585,40.9502725],[121.0038701,40.9543148],[121.0105082,40.9556127],[121.012055,40.9621204],[121.0099558,40.9624541],[121.0108569,40.9713855],[121.0057101,40.971003],[121.0076184,40.9758418],[121.0080183,40.9826509],[121.0113068,40.9968339],[121.0186003,41.0134964],[121.0220552,41.0274646],[121.0268173,41.0317574],[121.0278703,41.0386274],[121.0270693,41.0443689],[121.0289797,41.048497],[121.0249155,41.0482441],[121.0227306,41.0448675],[121.0184505,41.0442084],[121.0163083,41.0414737],[121.0090123,41.0408654],[121.0054201,41.0393089],[121.0031971,41.0348883],[120.9981921,41.0324417],[120.9857925,41.030829],[120.9817305,41.035022],[120.9767287,41.0355237],[120.975091,41.03836],[120.9776202,41.0436585],[120.9747504,41.0447183],[120.9666186,41.0440555],[120.9590511,41.0480326],[120.9545796,41.0482441],[120.9475246,41.0430845],[120.9447364,41.0446934],[120.9427717,41.0487892],[120.9387438,41.0502637],[120.9375913,41.0597229],[120.9411163,41.0706939],[120.9386582,41.075983],[120.945735,41.0773079],[120.9431763,41.0837479],[120.9432603,41.0883329],[120.9385983,41.096832],[120.9376176,41.1044148],[120.9364101,41.105525],[120.9358753,41.1117315],[120.9373624,41.117491],[120.935081,41.1207099],[120.9324562,41.1222264],[120.9302125,41.121414],[120.9254562,41.1158192],[120.9177381,41.1188037],[120.916639,41.1206309],[120.9117775,41.119057],[120.908951,41.1219527],[120.9059215,41.121367],[120.9042343,41.1193528],[120.9013607,41.1203932],[120.896632,41.1249989],[120.8934501,41.1258134],[120.8925866,41.1275836],[120.894569,41.1300013],[120.8981365,41.1305487],[120.8990274,41.1322634],[120.90564,41.1339098],[120.9069172,41.1366713],[120.9058343,41.1394993],[120.9021969,41.1427901],[120.9025747,41.143933],[120.8979687,41.1451019],[120.8969298,41.143545],[120.893505,41.1438199],[120.8909341,41.1424949],[120.8908794,41.1478675],[120.8872195,41.146194],[120.8849056,41.1469379],[120.8834651,41.1497906],[120.8773779,41.1490359],[120.8709098,41.1542839],[120.8650499,41.1510171],[120.8642739,41.1483962],[120.8594724,41.1468935],[120.8547957,41.1432081],[120.8542019,41.1396162],[120.8526578,41.1385835],[120.8457878,41.1389845],[120.838484,41.1307571],[120.8292339,41.1297267],[120.8272035,41.1338086],[120.8240344,41.1366484],[120.8199425,41.1368915],[120.820235,41.1389534],[120.8163107,41.1394066],[120.8009493,41.1453589],[120.7985492,41.1488455],[120.8001928,41.1518051],[120.8001928,41.1558407],[120.7946902,41.1553564],[120.7947691,41.156761],[120.7907024,41.1586861],[120.7832781,41.1594845],[120.7823985,41.1644491],[120.7790398,41.1655251],[120.7787539,41.1683225],[120.7827926,41.1740995],[120.786878,41.1758607],[120.7903724,41.180185],[120.7901703,41.1833036],[120.7885533,41.1834557],[120.7862292,41.1902872],[120.7836012,41.1927345],[120.7819841,41.198438],[120.7789522,41.2011756],[120.7757182,41.2007954],[120.7659415,41.1921921],[120.7601484,41.190565],[120.7585015,41.1933562],[120.7598483,41.1967708],[120.7634954,41.1993483],[120.7639981,41.2019685],[120.7575323,41.2091559],[120.7460807,41.211101],[120.7425831,41.2159381],[120.7373761,41.2194066],[120.7307641,41.2160333],[120.7274635,41.2161513],[120.723226,41.2183796],[120.7150213,41.2176468],[120.7121708,41.2188196],[120.7114608,41.2201136],[120.7143818,41.222383],[120.7152929,41.2262092],[120.719253,41.2266671],[120.7218143,41.2291386],[120.725336,41.2290022],[120.7311495,41.2346223],[120.7330454,41.2382643],[120.7380328,41.2399883],[120.742296,41.2392741],[120.7447089,41.2417716],[120.7487845,41.2406708],[120.7506332,41.2434128],[120.7551428,41.2441387],[120.7586187,41.2467376],[120.764446,41.2468299],[120.7636811,41.2500612],[120.7607071,41.2515169],[120.7621645,41.255026],[120.7603344,41.255308],[120.759863,41.2566529],[120.7610706,41.2575426],[120.7586231,41.2595475],[120.7505871,41.2595613],[120.7501226,41.2636993],[120.7478644,41.2661558],[120.7394459,41.2657033],[120.7409589,41.2682479],[120.7375885,41.2685711],[120.73794,41.2712101],[120.7357233,41.271603],[120.7353049,41.269121],[120.7333304,41.2686625],[120.7295894,41.270329],[120.7279937,41.2728155],[120.7317305,41.2863594],[120.7337419,41.286399],[120.7365536,41.2886429],[120.7431184,41.2894806],[120.7442509,41.2912691],[120.7424543,41.29227],[120.7437714,41.2958762],[120.7500871,41.2994909],[120.7489887,41.3029616],[120.7462346,41.3058969],[120.7456224,41.3083205],[120.747666,41.3090527],[120.7461948,41.3127315],[120.7423202,41.3171955],[120.7437714,41.3202502],[120.7428014,41.3222612],[120.7461203,41.3248438],[120.745711,41.3278989],[120.7511998,41.334989],[120.7471631,41.3406857],[120.7515664,41.3457204],[120.7531015,41.3550719],[120.7583641,41.3545722],[120.7609682,41.3561071],[120.7629555,41.3552655],[120.7646465,41.3560519],[120.7650594,41.359542],[120.7675393,41.3604529],[120.7693102,41.3659958],[120.763022,41.3674763],[120.7629587,41.369741],[120.7651231,41.3706475],[120.7649008,41.3745027],[120.7680622,41.376056],[120.7697348,41.3746118],[120.7749336,41.3770874],[120.7810321,41.3836888],[120.7800284,41.3855714],[120.7810893,41.3892937],[120.783914,41.3904903],[120.7850972,41.3934955],[120.7871567,41.39409],[120.7906298,41.3928397],[120.7967284,41.3938147],[120.7992278,41.3953897],[120.8017272,41.3994394],[120.8108018,41.4033272],[120.8111249,41.4058136],[120.8090254,41.4093379],[120.8061261,41.4102377],[120.806626,41.4124121],[120.7999276,41.4175104],[120.8006274,41.4196096],[120.8026269,41.4197596],[120.802327,41.4219337],[120.8060569,41.4227237],[120.8059262,41.4237329],[120.8096253,41.4232831],[120.8143241,41.4193847],[120.8137243,41.4153362],[120.8157238,41.4147364],[120.8172234,41.4109875],[120.8167236,41.4075383],[120.8181232,41.4073133],[120.8239218,41.3993645],[120.8263213,41.3990645],[120.8279209,41.3961396],[120.8309746,41.3964692],[120.8359114,41.4020416],[120.8382184,41.4028141],[120.8363189,41.4118122],[120.8378185,41.4136867],[120.8367188,41.4161609],[120.8384184,41.4175104],[120.8379185,41.41871],[120.8405179,41.4199845],[120.8427173,41.4193847],[120.8451168,41.4218587],[120.8475275,41.4210691],[120.8520151,41.4154861],[120.8556271,41.4137604],[120.8600132,41.4146614],[120.8656119,41.4194597],[120.8695062,41.4195948],[120.8695971,41.4172642],[120.8723385,41.4162555],[120.8787087,41.4197596],[120.8788578,41.4220619],[120.8768991,41.4237674],[120.8773523,41.4255089],[120.8747209,41.4266507],[120.8740797,41.4294005],[120.8708186,41.433252],[120.8731268,41.434553],[120.8740237,41.4367958],[120.8712815,41.4396394],[120.8733535,41.4476479],[120.8710138,41.450185],[120.8733697,41.453741],[120.872501,41.457965],[120.874168,41.4604797],[120.8724373,41.4626568],[120.8736504,41.467472],[120.8717494,41.4701796],[120.8723678,41.4745833],[120.8769726,41.4757647],[120.8801535,41.4735936],[120.8823374,41.4751397],[120.8857616,41.4735319],[120.8883813,41.4737693],[120.8874321,41.4703523],[120.8922839,41.4695281],[120.8948906,41.4705465],[120.8969858,41.4724122],[120.8997971,41.4792315],[120.8972598,41.4812264],[120.8932988,41.4812972],[120.8913136,41.4844391],[120.8954133,41.4907349],[120.8947707,41.4943692],[120.8971516,41.4984241],[120.896042,41.510728],[120.9011284,41.517559],[120.9008319,41.5214635],[120.906961,41.5235741],[120.9087229,41.5259807],[120.9191882,41.522903],[120.9209692,41.5291442],[120.929547,41.5284404],[120.9347123,41.5331516],[120.9349315,41.5356074],[120.938245,41.5375996],[120.9426304,41.5373212],[120.9451995,41.5395007],[120.95207,41.5393039],[120.9511024,41.5430337],[120.9529149,41.5431058],[120.9522246,41.5463931],[120.9610097,41.5518111],[120.9607632,41.5544699],[120.9652695,41.5549225],[120.9665176,41.5585131],[120.9763916,41.5645964],[120.9700021,41.5720527],[120.97367,41.5735482],[120.9720993,41.578832],[120.9684307,41.58159],[120.9691245,41.5867786],[120.9709384,41.5890822],[120.9685946,41.5933522],[120.9706933,41.5973295],[120.9739052,41.5967259],[120.9752757,41.5987506],[120.978766,41.5983448],[120.9835154,41.5944202],[120.9872068,41.5974934],[120.9889109,41.5966796],[120.9892029,41.5944183],[120.9917663,41.5938938],[120.9996092,41.6024517],[121.0080324,41.6041336],[121.010155,41.6004403],[121.0114347,41.6003615],[121.0142606,41.6033593],[121.0114033,41.6040286],[121.009026,41.6062941],[121.0203814,41.6053109],[121.0207636,41.6078172],[121.0256761,41.6086531],[121.0249823,41.605015],[121.028397,41.6058494],[121.0285253,41.6072696],[121.0318067,41.6096903],[121.0373429,41.6091992],[121.0393266,41.6122166],[121.0426393,41.6136154],[121.0408933,41.6198339],[121.0437512,41.6174189],[121.0425036,41.6151143],[121.044904,41.6138541],[121.044734,41.6173336],[121.045857,41.6135451],[121.0467301,41.6144909],[121.0438556,41.6190902],[121.0443786,41.6217314],[121.0478597,41.6216987],[121.0504218,41.6238938],[121.0550959,41.6215082],[121.0551631,41.6188617],[121.0565913,41.6186441],[121.0565965,41.6243266],[121.0617304,41.6272422],[121.0657139,41.6238408],[121.0665205,41.6216472],[121.0612799,41.6159896],[121.0654355,41.6160451],[121.0656614,41.6130525],[121.0696925,41.6114903],[121.0716597,41.6129746],[121.0717253,41.6152609],[121.0877725,41.6136309],[121.0944939,41.616373],[121.0996218,41.6218594],[121.1034039,41.6203132],[121.1055487,41.6170856],[121.1082944,41.6175754],[121.1085582,41.6203678],[121.1122006,41.6229281],[121.1120261,41.6254024],[121.1135188,41.6274798],[121.1195062,41.6300236],[121.1164688,41.6358679],[121.1172872,41.6378191],[121.1224381,41.6383145],[121.1241035,41.6415944],[121.1262261,41.6414137],[121.1289083,41.6442291],[121.1307059,41.6439193],[121.1331673,41.6458589],[121.1369315,41.6449213],[121.1414021,41.6469564],[121.1395994,41.650616],[121.1398483,41.6549975],[121.1412266,41.6562603],[121.138312,41.6590994],[121.1483222,41.6647319],[121.1479111,41.6666339],[121.1500192,41.6684641],[121.154218,41.6688082],[121.1614576,41.664675],[121.166115,41.66705],[121.1682784,41.6715524],[121.1717869,41.6687454],[121.1703171,41.6637826],[121.1721626,41.6621713],[121.1759638,41.6671995],[121.1859559,41.6725779],[121.1886104,41.6757811],[121.1919818,41.6748381],[121.1928929,41.6733809],[121.1937185,41.6744841],[121.1957939,41.6739357],[121.1964405,41.6713912],[121.1982007,41.6741085],[121.2012327,41.6732745],[121.2049854,41.6757318],[121.2071083,41.6739291],[121.2105669,41.6755675],[121.2189681,41.6758526],[121.2213774,41.6814832],[121.2202528,41.6833507],[121.2220177,41.6849943],[121.2214248,41.6862415],[121.2179373,41.6869757],[121.2153569,41.6857769],[121.2123662,41.6877789],[121.2180161,41.6973883],[121.2224136,41.6972268],[121.2243643,41.7007712],[121.2242809,41.7033917],[121.2208397,41.7054052],[121.2232016,41.7112857],[121.2261075,41.7126792],[121.2280606,41.719025],[121.2242576,41.7205486],[121.2234202,41.7245124],[121.2166706,41.7253952],[121.2167153,41.72838],[121.2139442,41.7294576],[121.2146129,41.7318621],[121.2103815,41.7379902],[121.2124952,41.7431904],[121.2187536,41.7473355],[121.2219891,41.7512515],[121.2210176,41.7534554],[121.2177773,41.7549228],[121.2212189,41.76103],[121.2370507,41.7661254],[121.2415026,41.7647492],[121.2422803,41.7684872],[121.2443545,41.7694746],[121.2509204,41.76873],[121.2544832,41.7698585],[121.2557593,41.772274],[121.2522573,41.7744126],[121.2507372,41.7782825],[121.2525885,41.7796423],[121.2536848,41.782861],[121.2525118,41.785127],[121.2575591,41.7901478],[121.2581435,41.7923285],[121.2671968,41.7902299],[121.2784284,41.7828495],[121.3025533,41.7733868],[121.3059997,41.7689471],[121.3080362,41.7702323],[121.3092895,41.7687134],[121.3103861,41.769765],[121.3141458,41.7694145],[121.3150857,41.7708165],[121.3175922,41.7692976],[121.3252683,41.7705828],[121.3269915,41.7687134],[121.3309078,41.7695313],[121.3378326,41.7662625],[121.3361588,41.758715],[121.3378326,41.7566152],[121.3369196,41.7553099],[121.3384412,41.7521883],[121.3385173,41.7463989],[121.3369957,41.7442987],[121.3296922,41.7424822],[121.3274099,41.7398142],[121.33342,41.7311849],[121.3544937,41.723463],[121.3608082,41.7235198],[121.3696332,41.7215892],[121.3750348,41.7224977],[121.3747305,41.7273808],[121.3837077,41.7323204],[121.3951955,41.7352158],[121.3979343,41.7322068],[121.39763,41.72863],[121.4037163,41.7360674],[121.4064551,41.7321501],[121.4089714,41.7326457],[121.4096561,41.7342355],[121.4108733,41.7342355],[121.411877,41.7319374],[121.4146034,41.7324026],[121.4121041,41.7353598],[121.4140198,41.7349514],[121.4153812,41.7317543],[121.4314087,41.7306739],[121.4471569,41.717387],[121.4498957,41.7088115],[121.4530149,41.7054037],[121.452102,41.6985876],[121.4545365,41.6963722],[121.4521781,41.6937591],[121.4567428,41.6947816],[121.4602424,41.6914299],[121.4626769,41.6907481],[121.4680023,41.6913163],[121.470589,41.6935318],[121.4689914,41.6990988],[121.472491,41.7102314],[121.4811639,41.7171599],[121.487174,41.7194881],[121.5005638,41.7150019],[121.5058132,41.7155698],[121.5097693,41.7182956],[121.5103018,41.727608],[121.5053567,41.7325475],[121.5063457,41.7365783],[121.5014767,41.7393033],[121.5015528,41.7421416],[121.507563,41.7469097],[121.5069582,41.7602571],[121.5085721,41.7621431],[121.511746,41.7606985],[121.5148123,41.7609794],[121.516749,41.7659952],[121.5190084,41.7676002],[121.5300902,41.7697668],[121.5334045,41.7716606],[121.5318942,41.7737823],[121.5296788,41.7736171],[121.5324481,41.7808039],[121.5402021,41.7830341],[121.5441899,41.7812995],[121.5439726,41.7829252],[121.5996473,41.7855609],[121.6237563,41.7819749],[121.6303098,41.7752229],[121.6354293,41.7723884],[121.6495823,41.7742269],[121.6587068,41.7717894],[121.6660538,41.7714424],[121.6697463,41.7720719],[121.6811983,41.7860984],[121.6916273,41.7967074],[121.6981963,41.8014144],[121.7018968,41.8018114],[121.7088013,41.7968824],[121.7169798,41.7935369],[121.7488708,41.7939224],[121.7731018,41.8040619],[121.7925798,41.7995989],[121.8013228,41.7946359],[121.8069383,41.7881164],[121.8171233,41.7806054],[121.8251188,41.7816124],[121.8294678,41.7833709],[121.8406293,41.7969284],[121.8573378,41.8110769],[121.8480913,41.8096349],[121.8355788,41.8114624],[121.8295363,41.8145524],[121.8263013,41.8185049],[121.8277893,41.8267324],[121.8384473,41.8338814],[121.8436583,41.8431929],[121.8553388,41.8439024],[121.8786008,41.8421134],[121.8918073,41.8425634],[121.9112315,41.8562119],[121.9027669,41.8592789],[121.9025805,41.8620359],[121.9234418,41.8601909],[121.9251327,41.86252],[121.919479,41.8637138],[121.9194376,41.867091],[121.9240303,41.865558],[121.923361,41.8686484],[121.9250343,41.8685985],[121.9277116,41.8725858],[121.9295857,41.8707915],[121.9319087,41.873107],[121.9364127,41.8711404],[121.9380191,41.874081],[121.9403457,41.8730187],[121.9482596,41.8766725],[121.9552205,41.8766725],[121.9532795,41.8785662],[121.955689,41.8799118],[121.9540157,41.8805098],[121.9570982,41.8827705],[121.9572131,41.8870142],[121.9500501,41.8895249],[121.9529448,41.8941128],[121.9543767,41.8948746],[121.9553544,41.8919704],[121.9574293,41.891522],[121.9580316,41.8885822],[121.9594372,41.8915718],[121.9631854,41.891522],[121.9629846,41.8928174],[121.9674021,41.8906251],[121.969477,41.8934651],[121.9731582,41.8949598],[121.9725558,41.8986465],[121.9763709,41.897949],[121.9762371,41.9005396],[121.9779104,41.9001909],[121.9776426,41.8987461],[121.9807215,41.8989952],[121.99205,41.9091581],[121.9877883,41.9090147],[121.9909017,41.9119016],[121.9864688,41.9177365],[121.990928,41.9261142],[121.9949051,41.9282011],[121.9987322,41.9283817],[122.0086227,41.9230074],[122.0139693,41.9230649],[122.0138427,41.9247479],[122.0295227,41.9286228],[122.0366456,41.9328902],[122.0337663,41.9349052],[122.0359342,41.9395038],[122.0375947,41.9403004],[122.0367472,41.9438361],[122.0437328,41.9471414],[122.0563976,41.9583266],[122.0577884,41.9646122],[122.0570838,41.9670741],[122.0600493,41.9687346],[122.0630973,41.9633901],[122.0673597,41.9656574],[122.0723126,41.9665034],[122.0765306,41.9650149],[122.080746,41.9672499],[122.0884492,41.9734911],[122.0889786,41.9749631],[122.087573,41.9756099],[122.0895874,41.9786678],[122.0929143,41.9788425],[122.0923921,41.9801876],[122.0907858,41.9803369],[122.0909196,41.9831231],[122.0893598,41.9840951],[122.1000223,41.9895907],[122.1014948,41.988546],[122.1051091,41.9910334],[122.1034358,41.9923765],[122.112751,41.9990881],[122.1165545,41.9975996],[122.1183616,41.998296],[122.1193142,41.9945148],[122.12564,41.9973255],[122.1269407,42.0013299],[122.1328315,42.0076793],[122.130471,42.0109948],[122.1306569,42.0149984],[122.136183,42.0173776],[122.1440634,42.0152555],[122.1450004,42.0162998],[122.148789,42.0157887],[122.1487664,42.0171956],[122.145402,42.0183386],[122.1410189,42.0224187],[122.1466094,42.0301877],[122.1634736,42.0259461],[122.1648122,42.0269903],[122.1692585,42.02496],[122.1700329,42.0265428],[122.1719739,42.0252003],[122.1807528,42.0262251],[122.1786809,42.0296355],[122.1865236,42.0303118],[122.186698,42.0316834],[122.1910033,42.0321402],[122.1952953,42.0307666],[122.1969193,42.0322105],[122.1968423,42.03387],[122.201652,42.0352688],[122.2014386,42.0418353],[122.2039711,42.0419122],[122.2040184,42.0400141],[122.2094772,42.0396846],[122.2048421,42.0436987],[122.207426,42.0479137],[122.2145726,42.0473248],[122.2143359,42.0447591],[122.2161817,42.0446185],[122.2169389,42.0465164],[122.2186901,42.0470085],[122.2215298,42.0467625],[122.2227447,42.0447075],[122.2307587,42.0498552],[122.230565,42.0530621],[122.2322258,42.0532641],[122.2325098,42.0518935],[122.2396563,42.0536155],[122.2665328,42.0658684],[122.2882538,42.0777854],[122.2959288,42.0773924],[122.3074798,42.0812684],[122.3410873,42.0975114],[122.3751489,42.1071594],[122.3845293,42.1126024],[122.4114228,42.1218604],[122.4203235,42.1267409],[122.4252214,42.1223622],[122.4336917,42.1216878],[122.4386556,42.1230486],[122.4427022,42.121159],[122.4440463,42.1183228],[122.4376911,42.1186161],[122.4360135,42.1168869],[122.434815,42.1187683],[122.4326992,42.1168609],[122.4333174,42.1143042],[122.4363601,42.1124983],[122.4427236,42.1124668],[122.4418772,42.1074739],[122.4381702,42.1069619],[122.4352131,42.1039338],[122.4297261,42.1020534],[122.4286653,42.0979691],[122.4243041,42.0943401],[122.4224455,42.0902281],[122.4255163,42.0895006],[122.4291232,42.0912522],[122.4423434,42.0919076],[122.4446312,42.0859414],[122.4418832,42.0839967],[122.4315537,42.0827889],[122.4283886,42.075693],[122.4317699,42.0747727],[122.4365887,42.071084],[122.4481677,42.0702739],[122.4457489,42.0647183],[122.4425462,42.0622912],[122.4420175,42.0595615],[122.4545094,42.051614],[122.4531073,42.0432124],[122.4560634,42.0398417],[122.4679095,42.0393946],[122.4692155,42.039942],[122.4695761,42.0422762],[122.4720508,42.0425517],[122.4724485,42.0362279],[122.4668998,42.031054],[122.4647231,42.0304245],[122.4635834,42.0276261],[122.4773692,42.0219551],[122.4820277,42.0125809],[122.4893179,42.004019],[122.4930539,41.9933854],[122.4889189,41.9894669],[122.4872044,41.984703],[122.4897149,41.9818612],[122.4911643,41.9744976],[122.4969041,41.9673296],[122.4942271,41.9600236],[122.499727,41.949254],[122.4993363,41.9474973],[122.4963477,41.9452609],[122.4970705,41.9424104],[122.5020932,41.936308],[122.5008283,41.9342393],[122.5147656,41.9327655],[122.5114498,41.9297325],[122.5104307,41.9263405],[122.5126445,41.9174237],[122.5150834,41.9150039],[122.5121611,41.9089375],[122.5179059,41.9039939],[122.5176,41.8978438],[122.5135129,41.8977823],[122.5058668,41.9020694],[122.4883498,41.9017904],[122.4684833,41.9038544],[122.4508973,41.9024239],[122.4378508,41.8988264],[122.4364168,41.8940384],[122.4383393,41.8882639],[122.4415893,41.8852119],[122.4410218,41.8822818],[122.4457703,41.8823624],[122.4478378,41.8804819],[122.4501153,41.8810615],[122.4539343,41.879715],[122.4513093,41.8753549],[122.4540788,41.8681829],[122.4521638,41.8588254],[122.4532468,41.8482514],[122.4558882,41.8450359],[122.454323,41.8408517],[122.4665827,41.8366973],[122.4649789,41.8353136],[122.4808704,41.8306245],[122.481103,41.8292594],[122.4898998,41.8264501],[122.4893612,41.8243096],[122.4920917,41.8224732],[122.494747,41.824711],[122.5004135,41.8255109],[122.4997738,41.8205636],[122.50498,41.8201623],[122.5030052,41.8160146],[122.5076937,41.818189],[122.5058777,41.8148104],[122.5132382,41.8142752],[122.5120819,41.8100313],[122.5246294,41.8063578],[122.5247279,41.8014289],[122.534892,41.7989874],[122.5396286,41.7899185],[122.5364919,41.7878038],[122.5471421,41.7854639],[122.548964,41.7900524],[122.555786,41.7876429],[122.5556064,41.7805481],[122.552375,41.7725152],[122.5575812,41.7689],[122.566378,41.7705068],[122.5696095,41.7690339],[122.5913322,41.7705068],[122.5964159,41.7637213],[122.5829096,41.7564487],[122.5727068,41.7528589],[122.5657876,41.7379214],[122.5658394,41.7339433],[122.5703428,41.7294309],[122.5670928,41.7263639],[122.5696183,41.7146834],[122.5613783,41.7089274],[122.5508268,41.7059934],[122.5443418,41.6969644],[122.5428008,41.6861724],[122.5455018,41.6768224],[122.5328375,41.6690378],[122.5280596,41.668126],[122.5209678,41.6741805],[122.5122381,41.6748472],[122.5101361,41.6560826],[122.5211563,41.6528529],[122.5199508,41.6491739],[122.513184,41.6459521],[122.5143401,41.6404543],[122.5096106,41.6314212],[122.5109863,41.6282037],[122.5083494,41.6287503],[122.5051582,41.6253733],[122.5008874,41.6254508],[122.4956324,41.6278076],[122.4946866,41.6267077],[122.4962978,41.6245079],[122.4927948,41.6187727],[122.49549,41.6187974],[122.4952121,41.6175941],[122.491954,41.616337],[122.4915336,41.6136654],[122.48775,41.6136654],[122.4852268,41.6118127],[122.4860409,41.6100627],[122.4816543,41.6036069],[122.4818777,41.602025],[122.4840716,41.6005419],[122.4832308,41.5969265],[122.4794472,41.5959834],[122.4798676,41.5928394],[122.4827053,41.5897739],[122.485648,41.5901669],[122.4868041,41.588752],[122.4841485,41.5866883],[122.4861735,41.585136],[122.4806033,41.5818342],[122.4804982,41.5791613],[122.4766095,41.5789254],[122.4748229,41.5812053],[122.4712414,41.5785272],[122.4748229,41.5771958],[122.476084,41.575073],[122.4747706,41.5743421],[122.4748477,41.5715848],[122.4826481,41.5668919],[122.4818128,41.5639381],[122.4682341,41.5576881],[122.4358076,41.5499393],[122.3658232,41.548648],[122.34801,41.5383],[122.3461676,41.5389336],[122.3400269,41.5353569],[122.2778989,41.5112837],[122.2310421,41.4899149],[122.2214201,41.484013],[122.2136643,41.4848143],[122.2075249,41.4802611],[122.1797817,41.446443],[122.1722228,41.449741],[122.163987,41.4408614],[122.1614775,41.4427422],[122.1506743,41.4334185],[122.1319381,41.4258847],[122.1374663,41.4204023],[122.1111573,41.4102829],[122.1054881,41.4039478],[122.0934749,41.3976297],[122.0911056,41.3980529],[122.0889513,41.3919754],[122.0823898,41.3877294],[122.0522538,41.3782424],[122.0393373,41.3724939],[122.0352708,41.3693654],[122.0209428,41.3689539],[122.0181808,41.3770334],[122.0149538,41.3803064],[122.0053178,41.3839304],[121.9699098,41.3818514],[121.9511033,41.3842699],[121.9466219,41.3809645],[121.9477077,41.375949],[121.9414585,41.367664],[121.9164169,41.3643738],[121.9117111,41.3579265],[121.9119284,41.3558421],[121.9037227,41.352877],[121.8961493,41.3524944],[121.8998723,41.349869],[121.9007749,41.345126],[121.8972775,41.345126],[121.8979544,41.3424156],[121.8959236,41.3402133],[121.8990177,41.3360352],[121.8973167,41.3336134],[121.8902042,41.3301679],[121.8802414,41.3206326],[121.8641529,41.3286056],[121.8628166,41.3389645],[121.8421938,41.3507154],[121.8220903,41.3503799],[121.7960968,41.3467064],[121.7895963,41.3436124],[121.7861057,41.3369449],[121.7688256,41.3375233],[121.7699296,41.3306013],[121.7532273,41.3291014],[121.7530006,41.3323446],[121.7499701,41.3340414],[121.7406194,41.3347841],[121.7298583,41.3308714],[121.7239533,41.3266144],[121.7160413,41.3168869],[121.7117078,41.3144374],[121.7038268,41.3154829],[121.6961668,41.3137779],[121.6806488,41.3032529],[121.6574938,41.2914809],[121.651255,41.2924308],[121.6462525,41.2909466],[121.6460418,41.2847864],[121.6380156,41.2817924],[121.6337959,41.2833574],[121.6223493,41.2766529],[121.6235428,41.2741394],[121.5956498,41.2557754],[121.5750578,41.2478449],[121.5706879,41.2302518],[121.5728678,41.21916],[121.5756528,41.2141304],[121.5860903,41.2075499],[121.5971594,41.2098257],[121.6159438,41.2052073],[121.6144312,41.1879447],[121.615733,41.1877357],[121.6154477,41.1855043],[121.6144377,41.185631],[121.6102294,41.1801833],[121.5971298,41.1789474],[121.5624693,41.1441764],[121.5647853,41.1411483],[121.5620418,41.1395984],[121.5615463,41.1327284],[121.5734633,41.1137464],[121.5799333,41.1063079],[121.6055833,41.1015509],[121.6603468,41.0976984],[121.6749268,41.0981484],[121.6899295,41.1035816],[121.7125427,41.1016388],[121.7135052,41.1031821],[121.7169519,41.1028545],[121.7162786,41.1062792],[121.7368151,41.1051376],[121.7343029,41.1124525],[121.7474941,41.1039335],[121.7586945,41.0988791],[121.7545696,41.0976515],[121.7533586,41.087066],[121.7435012,41.0877461],[121.7424139,41.0839106],[121.709084,41.0852806],[121.7095663,41.0894907],[121.7021387,41.0896615],[121.7023912,41.0925159],[121.6996979,41.0927697],[121.6986037,41.0890271],[121.6909446,41.0893443],[121.6861471,41.0915645],[121.686568,41.0948629],[121.6823597,41.09518],[121.6821913,41.0968292],[121.6802555,41.0967023],[121.6807605,41.0939749],[121.6751644,41.0926706],[121.6752096,41.0904176],[121.6676281,41.089522],[121.6688244,41.0827544],[121.6746598,41.0828549],[121.661234,41.0580635],[121.6430541,41.0606021],[121.6454657,41.0532367],[121.6577989,41.049122],[121.6555107,41.0463849],[121.6560076,41.0321246],[121.6603871,41.0305664],[121.6710203,41.0060464],[121.6690275,40.9928199],[121.6778729,40.992071],[121.6782256,40.9866377],[121.6678987,40.9874871],[121.6670372,40.9844495],[121.6646435,40.9856668],[121.6615903,40.9839594],[121.6568983,40.9682159],[121.6583863,40.9567299],[121.6500013,40.9538419],[121.6432636,40.9478507],[121.6432312,40.9386401]],[[121.5855368,40.9479582],[121.5915782,40.9491466],[121.5898595,40.9543277],[121.5934665,40.9552348],[121.5898581,40.9659847],[121.5862515,40.9642347],[121.5897745,40.9541977],[121.5818705,40.9524451],[121.5826448,40.9488837],[121.5855368,40.9479582]],[[121.4988734,40.9947805],[121.4986562,41.0054257],[121.4798703,41.0051119],[121.4847391,40.997877],[121.4958989,40.9982336],[121.4960718,40.9965196],[121.4988734,40.9947805]],[[120.7671386,41.2105561],[120.7714335,41.2122039],[120.7737103,41.2176896],[120.7701444,41.2180415],[120.7692432,41.2130087],[120.7675678,41.2126528],[120.7671386,41.2105561]]]]}},{"type":"Feature","properties":{"land_bounds":[121.96042399467827,39.9189943,123.0012997,40.9384475],"id":"liaoning-yingkou","names":{"en":"Yingkou","zh-CN":"营口"},"osm_relation":2771992,"admin_level":5,"source":"https://www.openstreetmap.org/relation/2771992","license":"ODbL-1.0","attribution":"© OpenStreetMap contributors","simplification_degrees":0.0008},"geometry":{"type":"MultiPolygon","coordinates":[[[[122.2288763,40.6806902],[122.2391726,40.6813186],[122.2647903,40.6910877],[122.2672249,40.6945157],[122.2675705,40.701329],[122.2648199,40.7064643],[122.2563197,40.7105143],[122.2426006,40.7115837],[122.2265842,40.7090812],[122.2049843,40.7088213],[122.1949074,40.7120579],[122.1832683,40.7223065],[122.1786504,40.7318978],[122.1796816,40.7425759],[122.1717416,40.7514681],[122.152845,40.7581047],[122.1286445,40.7750036],[122.0965585,40.7887753],[122.0917903,40.7944481],[122.0921289,40.7988051],[122.0977535,40.803966],[122.122641,40.8148783],[122.132276,40.8226907],[122.1430804,40.8365755],[122.1476573,40.8384992],[122.1522306,40.8384992],[122.1723105,40.8309679],[122.1790665,40.8305748],[122.1825787,40.8320363],[122.1836375,40.8349736],[122.1755453,40.8442218],[122.1702386,40.8543218],[122.1710946,40.8668809],[122.1733132,40.8716559],[122.1766957,40.8748529],[122.1796884,40.8748529],[122.1841012,40.8726713],[122.2010951,40.8548864],[122.2090281,40.8508426],[122.2165559,40.8501901],[122.2201707,40.8594341],[122.2290287,40.8629125],[122.2395067,40.863692],[122.2465531,40.8672012],[122.2584862,40.8682342],[122.2620384,40.8669551],[122.2665105,40.861882],[122.27057,40.8612146],[122.2752669,40.864372],[122.2802452,40.8707332],[122.2908827,40.8779982],[122.2996327,40.8879597],[122.3024091,40.8953177],[122.3040819,40.9049299],[122.3063315,40.9066666],[122.317742,40.9058865],[122.3188406,40.9028095],[122.3126369,40.8964596],[122.3126369,40.8945545],[122.3171604,40.8923563],[122.3249151,40.8916724],[122.3283482,40.8924748],[122.3303434,40.8953849],[122.3300202,40.903884],[122.3370278,40.9060389],[122.3392459,40.9093565],[122.3383039,40.910452],[122.3423903,40.9126833],[122.3467924,40.9136866],[122.3529415,40.913053],[122.3553872,40.9118385],[122.3583565,40.9068495],[122.3721573,40.9072441],[122.3722971,40.9173301],[122.3741139,40.9172245],[122.3766294,40.9227157],[122.3855735,40.9219237],[122.3858666,40.921005],[122.3889974,40.9211317],[122.3888273,40.9202688],[122.3988499,40.9216069],[122.4001076,40.923402],[122.4062246,40.9258877],[122.4063075,40.9242247],[122.4119243,40.9225218],[122.4154803,40.9269921],[122.423516,40.9294734],[122.4279881,40.9289455],[122.4293157,40.933116],[122.4334384,40.9356498],[122.4339275,40.9384475],[122.4384395,40.9366211],[122.4444787,40.9382892],[122.4508656,40.9371086],[122.4540328,40.9350469],[122.4702018,40.9333405],[122.4717303,40.9310044],[122.4789275,40.9307932],[122.4839995,40.9344361],[122.498669,40.9319206],[122.5009233,40.9275244],[122.4979178,40.9136084],[122.4933013,40.9045409],[122.4872893,40.8982659],[122.4863893,40.8911744],[122.4878785,40.8819446],[122.4966362,40.8780399],[122.4976243,40.8711655],[122.4927483,40.8694033],[122.4828482,40.8591298],[122.4839027,40.8582859],[122.4788818,40.8486974],[122.4971536,40.8459231],[122.5031725,40.8475224],[122.5115721,40.8465506],[122.5096807,40.8377167],[122.5155249,40.8363087],[122.5156237,40.8330937],[122.5179098,40.8324837],[122.5164143,40.8254669],[122.5182918,40.8234479],[122.5220535,40.8224191],[122.5255056,40.8231488],[122.5309867,40.8211815],[122.530249,40.8201575],[122.5320277,40.8192601],[122.5318301,40.8177644],[122.5368698,40.8170913],[122.5348391,40.8146065],[122.5332135,40.8088643],[122.5339679,40.8039884],[122.5349923,40.8040772],[122.5330232,40.7994056],[122.5368698,40.7968959],[122.535684,40.7946516],[122.5340041,40.7948761],[122.5316324,40.7920332],[122.5336088,40.7915095],[122.5317312,40.7894894],[122.5305281,40.789922],[122.521383,40.7790929],[122.5106986,40.7643786],[122.5261065,40.7640832],[122.5258021,40.7621005],[122.5518263,40.7595864],[122.5625608,40.7565729],[122.5769423,40.7470514],[122.5829773,40.7471314],[122.5957868,40.7502554],[122.6345673,40.7472304],[122.6405488,40.7457044],[122.6428373,40.7428969],[122.6447373,40.7382619],[122.6461335,40.7285971],[122.6461219,40.7090962],[122.6440577,40.705808],[122.6409358,40.704319],[122.6399356,40.7013227],[122.6358425,40.6998798],[122.6315596,40.6954257],[122.6272215,40.6949914],[122.6211811,40.690376],[122.6204365,40.6881502],[122.6181092,40.6878085],[122.6201237,40.6829912],[122.616884,40.6799281],[122.6190631,40.6766695],[122.6180785,40.6703747],[122.6193278,40.6676114],[122.6289248,40.6646703],[122.6315855,40.6624314],[122.6298344,40.6603481],[122.6318909,40.6614947],[122.6336635,40.6575928],[122.6423432,40.6632713],[122.6421434,40.6650444],[122.647216,40.6668799],[122.6558101,40.6679951],[122.6575588,40.6701984],[122.6607724,40.6697887],[122.6614796,40.6681295],[122.6656799,40.6695976],[122.6664637,40.668273],[122.6666147,40.6646322],[122.6643928,40.6611297],[122.6546886,40.6569865],[122.6523865,40.6537868],[122.6518405,40.6499002],[122.6492776,40.6489864],[122.6485339,40.646888],[122.6506612,40.6462468],[122.6519818,40.6437191],[122.6502122,40.6395659],[122.6479137,40.6370885],[122.6431991,40.637439],[122.6401489,40.6356209],[122.641808,40.6320805],[122.645767,40.6311677],[122.6495423,40.6272649],[122.6493055,40.6238574],[122.6478156,40.6225429],[122.645809,40.6155576],[122.6415043,40.6139345],[122.6385448,40.6097127],[122.6207288,40.6067754],[122.6271066,40.6036346],[122.6350296,40.5974852],[122.6390393,40.596358],[122.6398844,40.5948746],[122.6429468,40.5949318],[122.6422578,40.5926433],[122.6455623,40.592506],[122.6464302,40.5830511],[122.6544961,40.5822226],[122.6574471,40.5869035],[122.6552124,40.5877801],[122.6543416,40.5899993],[122.6578292,40.5932111],[122.6663061,40.5932021],[122.6743014,40.591162],[122.6813141,40.5931395],[122.686858,40.59848],[122.6984351,40.6000841],[122.7006145,40.5948945],[122.7077713,40.5903509],[122.712372,40.5912209],[122.7155082,40.5888393],[122.7151393,40.5875784],[122.7234171,40.5846972],[122.7262327,40.5816936],[122.730372,40.5816533],[122.7345103,40.5840291],[122.7397657,40.5841633],[122.7436117,40.5826747],[122.7567102,40.581367],[122.757042,40.5766798],[122.7641445,40.5755225],[122.7781568,40.5759474],[122.7860793,40.5782239],[122.7923583,40.5773694],[122.7975693,40.5742265],[122.8022003,40.5688514],[122.8062687,40.55672],[122.8113378,40.5562712],[122.8137992,40.5541667],[122.8137223,40.5522185],[122.8191182,40.5465685],[122.8200216,40.5396809],[122.8240842,40.536593],[122.8241164,40.5350258],[122.8272827,40.5357864],[122.8425503,40.5336547],[122.8473444,40.5312544],[122.8513826,40.5310504],[122.8577437,40.5263419],[122.8619155,40.528619],[122.8675808,40.52804],[122.8693315,40.5264269],[122.8743392,40.5274342],[122.8761689,40.5300578],[122.8810152,40.5301811],[122.885503,40.5340485],[122.8890069,40.5346623],[122.8922483,40.5373253],[122.8966367,40.5372018],[122.8969819,40.5358235],[122.8998063,40.5350983],[122.9076004,40.5348496],[122.9096949,40.5362503],[122.9205355,40.5311944],[122.9221855,40.530865],[122.923427,40.5323471],[122.9308013,40.5275229],[122.9446028,40.5143014],[122.9496918,40.5139269],[122.9641183,40.5075639],[122.9687498,40.5039939],[122.9774974,40.4840912],[122.9859618,40.4810334],[123.0012997,40.4799334],[122.9994482,40.475304],[122.9873942,40.4672992],[122.9826316,40.4664599],[122.9768889,40.4585305],[122.9890711,40.4438905],[122.9913064,40.437304],[122.9896506,40.4262098],[122.9823285,40.422483],[122.9781831,40.4171856],[122.9699506,40.4160261],[122.9532677,40.4161217],[122.9458457,40.4128344],[122.9403637,40.4142327],[122.9361188,40.4136239],[122.9353029,40.4111709],[122.9313508,40.4080239],[122.9331518,40.3960204],[122.9273444,40.3829139],[122.9300164,40.3807702],[122.9329815,40.3750749],[122.9301668,40.3694085],[122.9242981,40.3649859],[122.9222971,40.3594147],[122.9284688,40.351457],[122.9282681,40.3446592],[122.9213281,40.3414513],[122.920053,40.3375565],[122.9163774,40.3368325],[122.9164207,40.3341572],[122.9107374,40.3303203],[122.9054155,40.3292701],[122.8862961,40.3182417],[122.8865634,40.3151205],[122.8756449,40.3048211],[122.8750928,40.3023111],[122.8765778,40.3012919],[122.8771638,40.2959688],[122.875388,40.2935846],[122.8770346,40.2886044],[122.8746305,40.2860526],[122.8750721,40.2834086],[122.8719123,40.2800559],[122.8725891,40.2771463],[122.8709511,40.274686],[122.8707564,40.2707996],[122.8677631,40.2685184],[122.8700968,40.2634224],[122.8682645,40.2608237],[122.8695901,40.25736],[122.8726897,40.2559099],[122.8719594,40.2538945],[122.876406,40.2490542],[122.8765213,40.2467867],[122.8748804,40.2458602],[122.8782457,40.2425091],[122.8771464,40.2406475],[122.8801293,40.236597],[122.8798103,40.234972],[122.8866823,40.2326406],[122.8865442,40.2251967],[122.8883173,40.2246639],[122.8885926,40.2218833],[122.8916011,40.217515],[122.890738,40.2158956],[122.891749,40.2145587],[122.8892694,40.2094706],[122.8908599,40.2058795],[122.8852588,40.198644],[122.8815247,40.1959503],[122.8761311,40.1942601],[122.8737109,40.1842235],[122.8632464,40.1806042],[122.8646008,40.1776707],[122.8601301,40.1742568],[122.8611116,40.1721775],[122.8536072,40.1610663],[122.8535785,40.1579586],[122.8488021,40.1533832],[122.8452954,40.1549739],[122.8435848,40.154233],[122.8427681,40.1491721],[122.8439461,40.1479263],[122.8444736,40.1424969],[122.8507897,40.1395841],[122.8531478,40.1332546],[122.8488819,40.1310207],[122.8460083,40.1233665],[122.8300491,40.1179828],[122.8253746,40.1211058],[122.8192271,40.1194055],[122.8137384,40.114226],[122.812674,40.1112714],[122.8103884,40.1100434],[122.8102909,40.1045797],[122.8086436,40.102107],[122.7953956,40.1015938],[122.7922684,40.105291],[122.7823822,40.1080982],[122.7778248,40.1080894],[122.7738683,40.1107206],[122.7653922,40.1078759],[122.7611942,40.1081949],[122.7560959,40.1034437],[122.7483762,40.1013614],[122.7416327,40.0963103],[122.7280713,40.0934015],[122.7227358,40.087304],[122.723166,40.0849046],[122.7176801,40.0826297],[122.7148805,40.0789383],[122.7104128,40.0776103],[122.708362,40.0746424],[122.7089532,40.0698038],[122.704704,40.0661573],[122.6893801,40.0697277],[122.6846938,40.0694543],[122.6708874,40.0651519],[122.6662233,40.0654228],[122.6614855,40.0631389],[122.6584901,40.0639564],[122.6536871,40.0609464],[122.6473451,40.0629613],[122.6455736,40.0646801],[122.6410952,40.0624714],[122.6238015,40.0607393],[122.6125513,40.0629026],[122.6019715,40.0514678],[122.590927,40.0517523],[122.5841453,40.0541271],[122.578397,40.0530151],[122.5727866,40.0545425],[122.5699277,40.0509284],[122.5645473,40.0486843],[122.5593179,40.0523999],[122.5556907,40.0533655],[122.5556503,40.0566012],[122.5538283,40.0574618],[122.546348,40.0561038],[122.5387541,40.0610142],[122.5332881,40.0604567],[122.5246592,40.0439734],[122.5249744,40.0417012],[122.5314619,40.0303394],[122.5364522,40.0271215],[122.5446993,40.0242857],[122.547142,40.0225761],[122.5478249,40.0203635],[122.5399935,40.0118929],[122.5373775,40.0109864],[122.534268,40.0145786],[122.5311046,40.0152516],[122.5213367,40.0135213],[122.5186544,40.0080115],[122.5144628,40.0046178],[122.5149956,39.9994486],[122.5179249,39.9960343],[122.5297803,39.9921749],[122.5389347,39.9911532],[122.5402682,39.9896936],[122.5390073,39.9786242],[122.5347022,39.9698718],[122.5374189,39.9685705],[122.5408783,39.9692446],[122.5477729,39.9729062],[122.5503849,39.9729062],[122.5525117,39.9706532],[122.5528244,39.9687353],[122.5458149,39.9567398],[122.5442635,39.951617],[122.5510181,39.946844],[122.554334,39.9425118],[122.5521931,39.9376421],[122.5423311,39.9371682],[122.5305269,39.9403315],[122.5234773,39.9397854],[122.5114196,39.9331457],[122.5052352,39.9270265],[122.5102009,39.9197607],[122.5077289,39.9189943],[122.496193,39.9260315],[122.4919792,39.9339831],[122.4861298,39.9335928],[122.4721833,39.9381979],[122.4509203,39.9502374],[122.4127342,39.9672567],[122.4140261,39.9694006],[122.4122317,39.9707402],[122.4035536,39.9679117],[122.3980175,39.9644715],[122.3959228,39.9658094],[122.3963218,39.9692113],[122.3949253,39.9708167],[122.3935289,39.9692878],[122.3885913,39.9686762],[122.3842523,39.9664974],[122.3832408,39.9678156],[122.3787162,39.96795],[122.3682925,39.9647773],[122.3627629,39.9672206],[122.3556744,39.9668032],[122.3524778,39.9681129],[122.3388518,39.9810564],[122.3289108,39.9835699],[122.3052601,39.9796251],[122.2978582,39.9738193],[122.2901906,39.9714397],[122.2858392,39.9666621],[122.2814622,39.9659449],[122.280049,39.9634728],[122.2748709,39.9672532],[122.2669922,39.9767717],[122.2648873,39.9778021],[122.2646437,39.9827181],[122.2586342,39.9848338],[122.2544113,39.988256],[122.2562791,39.9938556],[122.2556493,39.9995712],[122.2571039,40.0026526],[122.2479813,40.0094896],[122.2441717,40.010894],[122.2436749,40.0162606],[122.2375183,40.0208293],[122.231037,40.0131771],[122.2263345,40.0113716],[122.2259364,40.0075285],[122.2221151,40.005788],[122.2151132,39.9996987],[122.2013554,39.9963059],[122.1956629,39.9964797],[122.1934394,39.997046],[122.1941128,39.999268],[122.1922901,40.0009178],[122.1915016,40.0047073],[122.1888847,40.0066836],[122.1856601,40.0089128],[122.1839076,40.0079087],[122.1801635,40.0084698],[122.1750593,40.0113391],[122.1754501,40.0132608],[122.1694987,40.0230921],[122.1697621,40.0258325],[122.1581278,40.0316257],[122.1539197,40.0320242],[122.1520677,40.0343008],[122.1476395,40.0348534],[122.1435219,40.031247],[122.1350593,40.0290916],[122.1303012,40.0331564],[122.1262677,40.0336277],[122.1248138,40.03666],[122.1216235,40.0372007],[122.1224607,40.0387235],[122.1210964,40.0401252],[122.112818,40.0423168],[122.1063098,40.0408898],[122.0968465,40.0420245],[122.090622,40.0408408],[122.0893594,40.0389034],[122.0847159,40.0374269],[122.0830551,40.0419837],[122.0799858,40.0436559],[122.0805452,40.0455514],[122.0769789,40.053638],[122.0679224,40.0550415],[122.0667617,40.0579094],[122.0674638,40.0634265],[122.0651227,40.0651483],[122.0557855,40.062543],[122.0472799,40.065688],[122.0445377,40.0654497],[122.0381276,40.0609362],[122.0151207,40.056878],[122.0050381,40.0511628],[121.9893766,40.0510519],[121.9795608,40.0578424],[121.9748228,40.0756569],[121.9816968,40.0826604],[121.9829103,40.0862464],[121.9819563,40.0894394],[121.9736788,40.1012499],[121.9688556,40.1044794],[121.9677108,40.1074744],[121.9598079,40.1115287],[121.9607855,40.1122712],[121.9440982,40.1186382],[121.9507749,40.1162149],[121.9568869,40.1182259],[121.9567957,40.1194751],[121.9652849,40.1207713],[121.9737902,40.1200063],[121.9655156,40.1201683],[121.9645098,40.1170978],[121.9755498,40.1171901],[121.9868016,40.120599],[121.9951004,40.1248118],[122.0017549,40.1297154],[122.0054698,40.1360377],[122.0093912,40.1490454],[122.0100188,40.160464],[122.0092115,40.1625405],[122.0041877,40.1615443],[122.0036784,40.1639895],[122.0091203,40.1636351],[122.0088574,40.166107],[122.0073849,40.1704543],[122.0061055,40.1714053],[122.0028258,40.1707243],[122.0053786,40.1716451],[122.0052033,40.1725735],[122.0015243,40.1718889],[122.0049387,40.1728256],[122.0041012,40.1735859],[122.0053558,40.1741331],[122.0018354,40.1801029],[121.9955724,40.1821603],[121.9911146,40.179111],[121.9880891,40.1806562],[121.9843984,40.1793447],[121.9881535,40.1851931],[121.9816947,40.187988],[121.9850287,40.1870577],[121.9861954,40.1892215],[121.9900632,40.1887625],[121.9591802,40.195991],[121.9575816,40.1973104],[121.9487174,40.2125835],[121.9554122,40.2017021],[121.9593492,40.2010165],[121.9713124,40.2011613],[121.9696154,40.2097431],[121.9719569,40.2005576],[121.9811556,40.2005412],[121.9810778,40.2116214],[121.9920748,40.2105194],[121.9925845,40.2005842],[122.0218098,40.2006907],[122.0220861,40.2067135],[122.0226225,40.2070986],[122.0223977,40.2004556],[122.0199944,40.20039],[122.0199001,40.1894801],[122.0211607,40.188826],[122.0399101,40.19556],[122.0470494,40.1995394],[122.0480794,40.2009694],[122.0466005,40.2015269],[122.0487258,40.2021248],[122.0350492,40.2147962],[122.024437,40.2082221],[122.0348561,40.2149683],[122.0320612,40.2162791],[122.0320719,40.217592],[122.0289807,40.2169273],[122.0310728,40.218489],[122.0134896,40.2347715],[122.0102066,40.2362868],[121.9628388,40.235783],[121.9602451,40.2342617],[121.9490147,40.2194906],[121.9486982,40.2195438],[121.9598991,40.2342822],[121.9623345,40.2359223],[122.0113009,40.2363523],[122.0133555,40.2352589],[122.0481675,40.2029123],[122.0515212,40.2015055],[122.0580228,40.1928843],[122.0611342,40.1930319],[122.059203,40.1968345],[122.0415917,40.2133055],[122.0422528,40.2172024],[122.0456228,40.2194686],[122.0516928,40.2189574],[122.0573147,40.2201535],[122.0519288,40.2186133],[122.0520289,40.2153117],[122.0563897,40.2122472],[122.0653427,40.2124246],[122.0769801,40.2196819],[122.076016,40.2200669],[122.0837399,40.22287],[122.0947828,40.2314832],[122.0920711,40.2327585],[122.0901586,40.231141],[122.0834588,40.2306688],[122.0841815,40.2325594],[122.0828456,40.2333903],[122.0812372,40.2325321],[122.0822581,40.2303786],[122.0788841,40.2306087],[122.0805697,40.2338402],[122.0918252,40.2344614],[122.0921822,40.2329864],[122.0949877,40.2316651],[122.0989019,40.2365284],[122.0507455,40.2362008],[122.0467919,40.2377118],[122.0452362,40.2403777],[122.0370153,40.2896559],[122.0448607,40.245928],[122.0787907,40.2462249],[122.0787317,40.2638025],[122.0791796,40.2647071],[122.0853513,40.2695249],[122.0853138,40.2793845],[122.0855364,40.2695003],[122.0788658,40.2638639],[122.0789596,40.262775],[122.0817867,40.2626358],[122.0819744,40.2469742],[122.0949,40.2469742],[122.0938593,40.2805161],[122.0970002,40.2817745],[122.0960172,40.2832651],[122.096795,40.2837459],[122.098812,40.2820302],[122.0997468,40.2842759],[122.0971826,40.2845715],[122.0924069,40.282639],[122.0913783,40.2842196],[122.0974139,40.2866238],[122.0957838,40.2890493],[122.0896643,40.2867271],[122.0884547,40.2887005],[122.09444,40.291086],[122.0920381,40.294655],[122.0889106,40.2935656],[122.0895088,40.2941845],[122.0855847,40.2988866],[122.0861614,40.2998869],[122.0844448,40.3024439],[122.0758751,40.2993264],[122.082134,40.3020962],[122.0727906,40.3165425],[122.0648781,40.3135371],[122.0640707,40.3144053],[122.0378521,40.3043483],[122.0371091,40.2985164],[122.038418,40.3158574],[122.0408535,40.3178453],[122.0755291,40.3302865],[122.0802686,40.3276181],[122.0940699,40.3064408],[122.0959809,40.3055674],[122.0968748,40.3067942],[122.1059916,40.3086463],[122.1086021,40.3076384],[122.1110147,40.3088667],[122.1115082,40.3100489],[122.1083593,40.3134073],[122.1087885,40.3155425],[122.131429,40.3272623],[122.1295729,40.3297753],[122.1376356,40.3340139],[122.1327218,40.3393665],[122.1273091,40.3382706],[122.1290646,40.3390659],[122.1190895,40.3502696],[122.1213761,40.3518681],[122.1112628,40.3632168],[122.1063577,40.3626405],[122.1090513,40.3633844],[122.1292376,40.3654301],[122.1332891,40.3643531],[122.137126,40.3602861],[122.1394891,40.3617484],[122.1374318,40.3598936],[122.1480292,40.3452501],[122.1591926,40.3375264],[122.1630771,40.3372566],[122.150588,40.3479526],[122.1499389,40.3505854],[122.1515027,40.3531834],[122.1552309,40.3546122],[122.1590987,40.3539254],[122.1612954,40.3516811],[122.1574906,40.3534148],[122.1530231,40.3524615],[122.1544958,40.3505596],[122.1590311,40.352114],[122.1580575,40.3509588],[122.1615145,40.3479016],[122.1633199,40.3484651],[122.1614775,40.3477278],[122.1629749,40.3444591],[122.16621,40.342928],[122.1696299,40.3431863],[122.1740666,40.3446282],[122.1731715,40.3466145],[122.1767499,40.3484149],[122.1735954,40.3496397],[122.1701478,40.3520154],[122.170207,40.3533629],[122.1737727,40.3498147],[122.1815384,40.3559989],[122.1780755,40.358576],[122.1750848,40.3586226],[122.169959,40.3551545],[122.1763619,40.3600463],[122.1839291,40.3545978],[122.1784531,40.3596033],[122.1837086,40.3611192],[122.1901416,40.3576958],[122.1911977,40.358902],[122.1873558,40.3621532],[122.1894061,40.3619788],[122.1916641,40.3592943],[122.1938299,40.3630651],[122.1905211,40.3633],[122.1894174,40.3622405],[122.1903337,40.3634968],[122.1918448,40.3635132],[122.1647517,40.3753375],[122.1645628,40.3764502],[122.1647648,40.3778082],[122.1649273,40.3753925],[122.1707219,40.3729835],[122.1710591,40.3730914],[122.1700916,40.3752287],[122.1699029,40.3758452],[122.1699979,40.3759123],[122.1716863,40.3724577],[122.178976,40.3692852],[122.1852822,40.3776527],[122.17725,40.3811636],[122.1737417,40.3804839],[122.1768572,40.3813412],[122.1710478,40.3838725],[122.1678648,40.382477],[122.1709614,40.3840781],[122.1914759,40.3751204],[122.1944474,40.3764756],[122.1911246,40.3775132],[122.1923341,40.3775717],[122.1974728,40.3751516],[122.1978827,40.3737773],[122.2003918,40.3759476],[122.2032502,40.3759179],[122.2061041,40.3795115],[122.2030855,40.3847961],[122.1997429,40.3848306],[122.1984157,40.3803895],[122.1957932,40.3780629],[122.1993694,40.3849877],[122.194006,40.3861902],[122.1993584,40.3853298],[122.2003747,40.3915713],[122.2001549,40.3900423],[122.2059282,40.3870625],[122.2058722,40.3884132],[122.2043536,40.3882042],[122.2059835,40.3890311],[122.2057963,40.3912013],[122.2029365,40.3927679],[122.1935024,40.3931212],[122.1935627,40.3949745],[122.1924142,40.3951683],[122.1939775,40.3970347],[122.1939926,40.3957347],[122.2035244,40.3941213],[122.2062585,40.3955192],[122.2040612,40.3951691],[122.2044071,40.3970948],[122.1995886,40.3972057],[122.1992139,40.395915],[122.1990111,40.3970256],[122.1947934,40.3975276],[122.2045247,40.3974638],[122.2031365,40.3990129],[122.2017713,40.4089063],[122.1985003,40.415576],[122.1997866,40.4187188],[122.2077962,40.4252372],[122.2090755,40.4250242],[122.2083908,40.4226822],[122.209053,40.420882],[122.2100033,40.4199187],[122.2094039,40.42084],[122.2105572,40.4215947],[122.2156912,40.4196856],[122.2262594,40.4203485],[122.2268816,40.4216154],[122.2279148,40.4204932],[122.2463314,40.4405911],[122.2489785,40.4427327],[122.2502611,40.4418649],[122.2531906,40.4435749],[122.2478503,40.4520314],[122.2387375,40.4598471],[122.2178746,40.4606619],[122.2185364,40.4656702],[122.2214144,40.4664559],[122.224731,40.47357],[122.257291,40.4746126],[122.2631469,40.4715123],[122.2651291,40.4732058],[122.259656,40.4766335],[122.2448569,40.4763418],[122.219376,40.476858],[122.2193706,40.4822135],[122.2208096,40.4820554],[122.2207969,40.4770288],[122.2600946,40.4767468],[122.2653772,40.4734364],[122.2743157,40.4718117],[122.2776771,40.4743591],[122.2792241,40.4868219],[122.2675525,40.4841495],[122.2576974,40.4876394],[122.2408544,40.485167],[122.2361357,40.4867597],[122.2213393,40.4847248],[122.2210523,40.4829612],[122.2196442,40.4831963],[122.2200271,40.4850323],[122.2372073,40.48703],[122.2409188,40.4854108],[122.2525046,40.4872485],[122.2525729,40.4884195],[122.2403643,40.4862354],[122.2294745,40.5040748],[122.2262827,40.5037536],[122.2402865,40.5071747],[122.2517717,40.5140602],[122.219954,40.5353678],[122.2290266,40.5398136],[122.2186893,40.5468089],[122.2072148,40.5574961],[122.2000131,40.562295],[122.1957189,40.5593219],[122.1984065,40.5555296],[122.1907581,40.5619384],[122.1960381,40.5658445],[122.1992648,40.5700173],[122.1479568,40.6031928],[122.140173,40.6096124],[122.138384,40.6141988],[122.1308872,40.6152891],[122.1305117,40.6139891],[122.129817,40.6157554],[122.1336027,40.6254724],[122.1368846,40.627426],[122.1413183,40.6269049],[122.1405673,40.6285619],[122.1413814,40.6288265],[122.1423376,40.6271695],[122.1490028,40.6352385],[122.1517441,40.6409681],[122.1546194,40.6423744],[122.1565412,40.646981],[122.1557446,40.6493356],[122.1582759,40.6507947],[122.1627089,40.6608345],[122.1645838,40.662042],[122.1648949,40.6654713],[122.15978,40.6761711],[122.1563715,40.678159],[122.1572077,40.6799098],[122.1558371,40.6826944],[122.1486591,40.6828497],[122.1463794,40.697658],[122.1487669,40.7036052],[122.154212,40.7085068],[122.1625316,40.7092791],[122.1695128,40.7060522],[122.1821702,40.6940807],[122.1891329,40.7001915],[122.1998958,40.6915081],[122.2018538,40.6920701],[122.200701,40.6929442],[122.2117174,40.6917371],[122.213465,40.6889966],[122.2225325,40.6880392],[122.2274826,40.6862422],[122.2288763,40.6806902]]]]}},{"type":"Feature","properties":{"land_bounds":[121.0227494,41.6913163,122.9685488,42.8413834],"id":"liaoning-fuxin","names":{"en":"Fuxin","zh-CN":"阜新"},"osm_relation":2769803,"admin_level":5,"source":"https://www.openstreetmap.org/relation/2769803","license":"ODbL-1.0","attribution":"© OpenStreetMap contributors","simplification_degrees":0.0008},"geometry":{"type":"MultiPolygon","coordinates":[[[[122.7432424,42.2862026],[122.7367239,42.2863467],[122.7285385,42.2820047],[122.7291267,42.2785508],[122.7231891,42.2746091],[122.7255752,42.2726793],[122.7224677,42.2695175],[122.7166442,42.2703627],[122.6983413,42.2589529],[122.6947328,42.2544519],[122.6863938,42.2477759],[122.6548463,42.2336389],[122.6464389,42.2306888],[122.6444503,42.2328156],[122.6419094,42.2321612],[122.6398104,42.2356784],[122.6313038,42.2351059],[122.6298676,42.2336335],[122.6316352,42.2325702],[122.6317438,42.2298272],[122.6269953,42.2291346],[122.6243439,42.2316704],[122.6199249,42.2327338],[122.6138487,42.2290528],[122.6144011,42.2279893],[122.6045689,42.2279075],[122.6058924,42.215933],[122.6092088,42.2107263],[122.6064988,42.2091139],[122.5147628,42.1725119],[122.4945607,42.1607491],[122.4538436,42.1423071],[122.4418393,42.1447398],[122.4391879,42.1478523],[122.4355422,42.1466237],[122.4337746,42.1485076],[122.4272566,42.1418728],[122.4315046,42.138482],[122.4295766,42.1372034],[122.4269806,42.1366676],[122.4238345,42.1385333],[122.4169136,42.1378127],[122.4173379,42.1333594],[122.4203235,42.1267409],[122.4114228,42.1218604],[122.3845293,42.1126024],[122.3751489,42.1071594],[122.3410873,42.0975114],[122.3074798,42.0812684],[122.2959288,42.0773924],[122.2882538,42.0777854],[122.2665328,42.0658684],[122.2396563,42.0536155],[122.2325098,42.0518935],[122.2322258,42.0532641],[122.230565,42.0530621],[122.2307587,42.0498552],[122.2227447,42.0447075],[122.2215298,42.0467625],[122.2186901,42.0470085],[122.2169389,42.0465164],[122.2161817,42.0446185],[122.2143359,42.0447591],[122.2145726,42.0473248],[122.207426,42.0479137],[122.2048421,42.0436987],[122.2098871,42.040225],[122.2040184,42.0400141],[122.2039711,42.0419122],[122.2014386,42.0418353],[122.201652,42.0352688],[122.1968423,42.03387],[122.1969193,42.0322105],[122.1952953,42.0307666],[122.1910033,42.0321402],[122.186698,42.0316834],[122.1865236,42.0303118],[122.1786809,42.0296355],[122.1807528,42.0262251],[122.1719739,42.0252003],[122.1700329,42.0265428],[122.1692585,42.02496],[122.1648122,42.0269903],[122.1634736,42.0259461],[122.1466094,42.0301877],[122.1410189,42.0224187],[122.145402,42.0183386],[122.1487664,42.0171956],[122.148789,42.0157887],[122.1450004,42.0162998],[122.1440634,42.0152555],[122.136183,42.0173776],[122.1306569,42.0149984],[122.130471,42.0109948],[122.1328315,42.0076793],[122.1269407,42.0013299],[122.12564,41.9973255],[122.1193142,41.9945148],[122.1183616,41.998296],[122.1165545,41.9975996],[122.112751,41.9990881],[122.1034358,41.9923765],[122.1051091,41.9910334],[122.1014948,41.988546],[122.1000223,41.9895907],[122.0893598,41.9840951],[122.0909196,41.9831231],[122.0907858,41.9803369],[122.0923921,41.9801876],[122.0929143,41.9788425],[122.0895874,41.9786678],[122.087573,41.9756099],[122.0889786,41.9749631],[122.0884492,41.9734911],[122.080746,41.9672499],[122.0765306,41.9650149],[122.0723126,41.9665034],[122.0673597,41.9656574],[122.0630973,41.9633901],[122.0600493,41.9687346],[122.0570838,41.9670741],[122.0577884,41.9646122],[122.0563976,41.9583266],[122.0437328,41.9471414],[122.0367472,41.9438361],[122.0375947,41.9403004],[122.0359342,41.9395038],[122.0337663,41.9349052],[122.0366456,41.9328902],[122.0295227,41.9286228],[122.0138427,41.9247479],[122.0139693,41.9230649],[122.0086227,41.9230074],[121.9987322,41.9283817],[121.9949051,41.9282011],[121.990928,41.9261142],[121.9864688,41.9177365],[121.9909017,41.9119016],[121.9877883,41.9090147],[121.99205,41.9091581],[121.9807215,41.8989952],[121.9776426,41.8987461],[121.9779104,41.9001909],[121.9762371,41.9005396],[121.9763709,41.897949],[121.9725558,41.8986465],[121.9731582,41.8949598],[121.969477,41.8934651],[121.9674021,41.8906251],[121.9629846,41.8928174],[121.9631854,41.891522],[121.9594372,41.8915718],[121.9580316,41.8885822],[121.9574293,41.891522],[121.9553544,41.8919704],[121.9543767,41.8948746],[121.9529448,41.8941128],[121.9500501,41.8895249],[121.9572131,41.8870142],[121.9570982,41.8827705],[121.9540157,41.8805098],[121.955689,41.8799118],[121.9532795,41.8785662],[121.9552205,41.8766725],[121.9482596,41.8766725],[121.9403457,41.8730187],[121.9380191,41.874081],[121.9364127,41.8711404],[121.9319087,41.873107],[121.9295857,41.8707915],[121.9277116,41.8725858],[121.9250343,41.8685985],[121.923361,41.8686484],[121.9240303,41.865558],[121.9194376,41.867091],[121.919479,41.8637138],[121.9251327,41.86252],[121.9234418,41.8601909],[121.9025805,41.8620359],[121.9027669,41.8592789],[121.9112315,41.8562119],[121.8918073,41.8425634],[121.8786008,41.8421134],[121.8553388,41.8439024],[121.8436583,41.8431929],[121.8384473,41.8338814],[121.8277893,41.8267324],[121.8263013,41.8185049],[121.8295363,41.8145524],[121.8355788,41.8114624],[121.8480913,41.8096349],[121.8573378,41.8110769],[121.8406293,41.7969284],[121.8294678,41.7833709],[121.8210983,41.7805329],[121.8171233,41.7806054],[121.8069383,41.7881164],[121.8013228,41.7946359],[121.7925798,41.7995989],[121.7731018,41.8040619],[121.7488708,41.7939224],[121.7169798,41.7935369],[121.7088013,41.7968824],[121.7018968,41.8018114],[121.6981963,41.8014144],[121.6916273,41.7967074],[121.6811983,41.7860984],[121.6697463,41.7720719],[121.6660538,41.7714424],[121.6587068,41.7717894],[121.6495823,41.7742269],[121.6354293,41.7723884],[121.6303098,41.7752229],[121.6237563,41.7819749],[121.5996473,41.7855609],[121.5439726,41.7829252],[121.5441899,41.7812995],[121.5402021,41.7830341],[121.5324481,41.7808039],[121.5296788,41.7736171],[121.5318942,41.7737823],[121.5334045,41.7716606],[121.5300902,41.7697668],[121.5190084,41.7676002],[121.516749,41.7659952],[121.5148123,41.7609794],[121.511746,41.7606985],[121.5085721,41.7621431],[121.5069582,41.7602571],[121.507563,41.7469097],[121.5015528,41.7421416],[121.5014767,41.7393033],[121.5063457,41.7365783],[121.5053567,41.7325475],[121.5103018,41.727608],[121.5097693,41.7182956],[121.5058132,41.7155698],[121.5005638,41.7150019],[121.487174,41.7194881],[121.4811639,41.7171599],[121.472491,41.7102314],[121.4689914,41.6990988],[121.470589,41.6935318],[121.4680023,41.6913163],[121.4602424,41.6914299],[121.4567428,41.6947816],[121.4521781,41.6937591],[121.4545365,41.6963722],[121.452102,41.6985876],[121.4530149,41.7054037],[121.4498957,41.7088115],[121.4471569,41.717387],[121.4314087,41.7306739],[121.4153812,41.7317543],[121.4140198,41.7349514],[121.4121041,41.7353598],[121.4146034,41.7324026],[121.411877,41.7319374],[121.4108733,41.7342355],[121.4096561,41.7342355],[121.4089714,41.7326457],[121.4064551,41.7321501],[121.4037163,41.7360674],[121.39763,41.72863],[121.3979343,41.7322068],[121.3951955,41.7352158],[121.3891093,41.7344778],[121.3747305,41.7273808],[121.3750348,41.7224977],[121.3696332,41.7215892],[121.3608082,41.7235198],[121.3544937,41.723463],[121.33342,41.7311849],[121.3274099,41.7398142],[121.3296922,41.7424822],[121.3369957,41.7442987],[121.3385173,41.7463989],[121.3384412,41.7521883],[121.3369196,41.7553099],[121.3378326,41.7566152],[121.3361588,41.758715],[121.3378326,41.7662625],[121.3309078,41.7695313],[121.3269915,41.7687134],[121.3252683,41.7705828],[121.3175922,41.7692976],[121.3150857,41.7708165],[121.3141458,41.7694145],[121.3103861,41.769765],[121.3092895,41.7687134],[121.3080362,41.7702323],[121.3059997,41.7689471],[121.3025533,41.7733868],[121.2784284,41.7828495],[121.2671968,41.7902299],[121.2581435,41.7923285],[121.2575082,41.795325],[121.2613403,41.7999534],[121.2671821,41.8013077],[121.2641753,41.8053757],[121.2648314,41.8069532],[121.2626466,41.8086415],[121.2641064,41.8113898],[121.2627895,41.8150259],[121.2639991,41.820865],[121.2676689,41.8240496],[121.2716923,41.8245384],[121.272786,41.8258214],[121.2720079,41.8273826],[121.2733846,41.8280516],[121.2738854,41.8318925],[121.2720303,41.8352171],[121.2797136,41.833844],[121.2770185,41.8359777],[121.280804,41.8471338],[121.2843813,41.8534828],[121.2882405,41.8551882],[121.2962625,41.8635792],[121.2932663,41.8818284],[121.2869718,41.8876419],[121.2580033,41.8960304],[121.2439268,41.8980409],[121.2329483,41.9013864],[121.2217333,41.9074819],[121.2125623,41.9098854],[121.2074128,41.9126969],[121.2038268,41.9173279],[121.2025528,41.9285774],[121.1949768,41.9474639],[121.1941833,41.9532049],[121.1864163,41.9638444],[121.1574708,41.9751854],[121.1442408,41.9746479],[121.1377333,41.9719734],[121.1164168,41.9669419],[121.1098783,41.9631194],[121.0991133,41.9625509],[121.0896077,41.9662182],[121.0822452,41.9675619],[121.0772253,41.9708961],[121.073609,41.9715668],[121.0705991,41.9753746],[121.0671855,41.9764195],[121.0615545,41.9760992],[121.0602916,41.9745286],[121.0599569,41.9759219],[121.0504541,41.9758007],[121.0434917,41.973633],[121.0358808,41.9778329],[121.0336838,41.9854584],[121.0384368,41.9914819],[121.0389328,41.9962999],[121.0410768,41.9963339],[121.0449068,42.0027999],[121.0491713,42.0161439],[121.0469898,42.0289344],[121.0421218,42.0382539],[121.0387573,42.0491944],[121.0381073,42.0536567],[121.0394852,42.0592936],[121.0440962,42.0619146],[121.046154,42.0657896],[121.0523816,42.0717559],[121.0627985,42.0723728],[121.0658601,42.0786625],[121.0655668,42.0832519],[121.0626587,42.0851179],[121.0697034,42.0894152],[121.07133,42.0985976],[121.0689524,42.1021792],[121.0774615,42.106619],[121.0750044,42.1103039],[121.0749323,42.1133504],[121.0791111,42.1166105],[121.0796874,42.118481],[121.0751485,42.1222752],[121.0742839,42.1274585],[121.0718343,42.1290081],[121.0742119,42.1314125],[121.0724107,42.1365417],[121.0658544,42.1395335],[121.0643046,42.1418562],[121.0670792,42.1503242],[121.0650619,42.1530483],[121.0613865,42.1545445],[121.0614595,42.1599915],[121.0590099,42.1626618],[121.0551943,42.1640868],[121.0547965,42.1654511],[121.0607267,42.1717632],[121.0596566,42.1727216],[121.0555545,42.1720276],[121.0545735,42.1731511],[121.0548536,42.1756475],[121.0506498,42.1795947],[121.0514078,42.1808833],[121.0551978,42.181478],[121.0547486,42.1827242],[121.0451738,42.1901129],[121.0444965,42.1923806],[121.0518568,42.2055549],[121.0500868,42.2168424],[121.0416563,42.2274779],[121.0275096,42.2348314],[121.0227494,42.2402705],[121.0245587,42.2437309],[121.0285746,42.2422444],[121.0336614,42.2464065],[121.0260312,42.2515592],[121.042898,42.2576031],[121.0506621,42.2551261],[121.0581584,42.2505683],[121.0627098,42.250271],[121.0660564,42.2532436],[121.0700723,42.2623586],[121.0813168,42.2757314],[121.0959079,42.2812779],[121.0979158,42.2804855],[121.1000577,42.2767219],[121.109562,42.2787028],[121.115452,42.2786038],[121.1167906,42.2851403],[121.1250901,42.29128],[121.1273658,42.2978152],[121.1337912,42.3003895],[121.1344606,42.296429],[121.1387442,42.2980132],[121.1403505,42.2971221],[121.1426262,42.2991024],[121.1422246,42.3011816],[121.1439649,42.3047457],[121.1465083,42.3053397],[121.1463744,42.3067257],[121.1482485,42.3081117],[121.1440987,42.3122694],[121.1584221,42.3172188],[121.1600285,42.3200892],[121.164308,42.320238],[121.1726116,42.3271162],[121.1762259,42.3283038],[121.1786355,42.3307779],[121.1783678,42.3336477],[121.1813128,42.3368142],[121.1822498,42.3398817],[121.1790371,42.344433],[121.1803757,42.347698],[121.1853287,42.3511606],[121.1903777,42.3510349],[121.1953684,42.3528424],[121.197778,42.355909],[121.2084827,42.3596194],[121.2103621,42.3621825],[121.2102127,42.3667081],[121.2131322,42.3696793],[121.2181974,42.370844],[121.2203548,42.3692444],[121.2276975,42.3695609],[121.2319155,42.3713155],[121.2374131,42.3708421],[121.2505892,42.3751227],[121.2456109,42.3774736],[121.2452896,42.3796974],[121.246616,42.380653],[121.2583031,42.3771393],[121.2741241,42.3846585],[121.27905,42.3855359],[121.281543,42.3897525],[121.2933935,42.3966924],[121.2981048,42.4031246],[121.3014274,42.4129729],[121.3018601,42.417398],[121.3007267,42.4203879],[121.3089239,42.4257671],[121.3074711,42.4274231],[121.3009084,42.4291262],[121.2988059,42.4333501],[121.3027639,42.4350658],[121.3056649,42.4380954],[121.3214338,42.4412325],[121.3360219,42.4474565],[121.3425306,42.4524982],[121.3439723,42.4577835],[121.3472954,42.4577719],[121.3487055,42.4533371],[121.3516224,42.4538426],[121.352624,42.4577848],[121.3571641,42.4584841],[121.3664992,42.4522146],[121.372298,42.4501696],[121.3792718,42.4496752],[121.3805332,42.4511046],[121.3808696,42.459855],[121.3791808,42.4691599],[121.3799356,42.4716329],[121.3840517,42.4733523],[121.4097238,42.4743229],[121.4111743,42.4759989],[121.4091176,42.4828005],[121.4099536,42.4837977],[121.4172973,42.4830197],[121.4210956,42.4803514],[121.4228104,42.4758949],[121.4279938,42.4730613],[121.4314038,42.4737217],[121.4345785,42.4727423],[121.4387408,42.4753767],[121.446449,42.4743359],[121.4595186,42.4788901],[121.4645993,42.4824565],[121.4620069,42.4844879],[121.4731056,42.494067],[121.4780991,42.49219],[121.4914277,42.4908555],[121.4929893,42.4877799],[121.49641,42.4851141],[121.4959865,42.4819135],[121.4990065,42.480242],[121.5039887,42.4826295],[121.5045719,42.4864434],[121.5118908,42.488368],[121.5159746,42.4867025],[121.518219,42.4825742],[121.519986,42.481747],[121.524699,42.4819556],[121.5469665,42.4885465],[121.563503,42.4844747],[121.5730998,42.4901748],[121.5713982,42.4951079],[121.5766805,42.495942],[121.585626,42.5003662],[121.5852209,42.5070813],[121.5918956,42.507412],[121.5924492,42.5111703],[121.5987493,42.5117569],[121.5993122,42.5136147],[121.6014779,42.5143865],[121.604581,42.5107597],[121.605198,42.5071772],[121.6031965,42.5043205],[121.5966172,42.5000062],[121.5984265,42.4938051],[121.600521,42.4915045],[121.6081033,42.4876307],[121.6111294,42.4814582],[121.6187041,42.4785759],[121.6226113,42.4740457],[121.6290467,42.4777527],[121.6327358,42.4784451],[121.6370886,42.4714985],[121.6361859,42.4671192],[121.6389246,42.4591447],[121.6411195,42.4571586],[121.6407999,42.4523279],[121.6435435,42.4525582],[121.643761,42.4497577],[121.6467434,42.4483739],[121.6512839,42.440972],[121.6614108,42.4351473],[121.6688854,42.438084],[121.6762592,42.4376343],[121.6850857,42.4352935],[121.6964876,42.4374475],[121.7058944,42.4415664],[121.7152509,42.4495936],[121.7204319,42.4560362],[121.7204931,42.4592005],[121.7314761,42.4691508],[121.741708,42.4823916],[121.7416452,42.4846811],[121.743787,42.4849549],[121.7459881,42.4872313],[121.7484006,42.4854606],[121.7514403,42.4858025],[121.7562037,42.4833455],[121.7586039,42.483537],[121.7605539,42.4860459],[121.7597937,42.4892313],[121.7633401,42.4911902],[121.7721249,42.4923776],[121.7805279,42.495291],[121.787411,42.5045735],[121.7970814,42.5117722],[121.7998632,42.5105958],[121.8007305,42.5084108],[121.798297,42.4980151],[121.8035947,42.4975788],[121.8111764,42.5018929],[121.8133436,42.5046662],[121.8189102,42.523319],[121.8228068,42.5270732],[121.8233107,42.5297667],[121.8257528,42.5312023],[121.8230269,42.5361251],[121.8323811,42.5369436],[121.8316915,42.5347631],[121.8329458,42.5345926],[121.833558,42.5363083],[121.8345955,42.5347142],[121.8362806,42.5355006],[121.8354399,42.5335535],[121.8382235,42.5341026],[121.8385323,42.5323221],[121.840175,42.5324037],[121.8406124,42.531003],[121.8422448,42.533137],[121.8447727,42.5333494],[121.8439151,42.5320586],[121.8467577,42.5318286],[121.8480162,42.5328312],[121.848041,42.5367502],[121.8515794,42.5380419],[121.8577634,42.533485],[121.8618066,42.525144],[121.8668039,42.526281],[121.8608187,42.5355613],[121.8630408,42.5391363],[121.8601598,42.5429637],[121.8603238,42.5482803],[121.8637403,42.5579466],[121.8645656,42.5590365],[121.8753538,42.558941],[121.8773561,42.5580317],[121.8780287,42.5551161],[121.8804913,42.553044],[121.8917835,42.5605861],[121.9011176,42.5701576],[121.9032235,42.5742692],[121.8942679,42.5827057],[121.8972257,42.5839558],[121.8912221,42.5913281],[121.8920193,42.592686],[121.8986379,42.5920827],[121.904554,42.5827663],[121.9124429,42.5866651],[121.9073245,42.5994916],[121.9155005,42.6047773],[121.8989885,42.6158491],[121.8964519,42.6213404],[121.8982513,42.6229771],[121.9046436,42.6211859],[121.9068675,42.6240683],[121.9127846,42.6242532],[121.9139872,42.6270695],[121.9108571,42.6290179],[121.9013899,42.6270579],[121.9005315,42.630585],[121.8969151,42.6315616],[121.8965856,42.6329733],[121.8994281,42.6357894],[121.9051806,42.6374257],[121.9113141,42.6352539],[121.9106155,42.6322495],[121.9136853,42.6330733],[121.9150817,42.6370497],[121.9114251,42.6482426],[121.9128375,42.656534],[121.9224297,42.6635043],[121.9325425,42.6618148],[121.9360926,42.6630855],[121.9365663,42.6666798],[121.930382,42.6810549],[121.9318145,42.68641],[121.9452124,42.6853969],[121.9559979,42.6828737],[121.957476,42.6848259],[121.9576715,42.6881939],[121.9529216,42.6926912],[121.9522433,42.6953306],[121.9588723,42.697917],[121.9678914,42.6990321],[121.9737422,42.6963729],[121.9759587,42.6877034],[121.9834535,42.6916125],[121.983679,42.7022822],[121.9858658,42.7032838],[122.0009816,42.7012472],[122.0126413,42.6973036],[122.0171123,42.6970998],[122.0226888,42.7054804],[122.0334397,42.7060896],[122.0434216,42.7112462],[122.0429843,42.7137243],[122.0443575,42.7150319],[122.0545135,42.7213732],[122.0571529,42.7208415],[122.0615031,42.7174794],[122.0696864,42.7179826],[122.066334,42.7116838],[122.0672099,42.708222],[122.0738149,42.7079498],[122.0819557,42.7124115],[122.0841583,42.7124542],[122.0871197,42.709813],[122.0893749,42.7039291],[122.0959059,42.7011071],[122.0976455,42.6986899],[122.1000556,42.6979581],[122.1016554,42.7002146],[122.1060274,42.7015792],[122.1227911,42.6940484],[122.1375644,42.6854393],[122.1485818,42.6833602],[122.149736,42.6844568],[122.1486659,42.6862251],[122.15123,42.6865762],[122.1538768,42.685538],[122.1561071,42.6826389],[122.1566745,42.6849529],[122.1582585,42.6857739],[122.1570759,42.6871884],[122.1591868,42.6880968],[122.1610749,42.6860044],[122.1667588,42.6839136],[122.1714503,42.686389],[122.1822372,42.6886552],[122.1918837,42.6887509],[122.1939932,42.6867441],[122.1942874,42.683697],[122.1904703,42.6785618],[122.1907134,42.6767451],[122.192002,42.6782389],[122.1968189,42.679479],[122.1987242,42.6819322],[122.2010261,42.7045468],[122.2042999,42.7096196],[122.1981717,42.728998],[122.1994997,42.7303511],[122.2033424,42.7287075],[122.2223206,42.7257948],[122.2332706,42.7161669],[122.2359665,42.7104707],[122.2514982,42.7023053],[122.2535975,42.6945007],[122.2803857,42.6910852],[122.291183,42.6913866],[122.302117,42.6883728],[122.3069006,42.6798328],[122.3114108,42.6818423],[122.3183812,42.6827466],[122.3289052,42.6781247],[122.3291114,42.6711433],[122.330682,42.6688799],[122.3334155,42.6678749],[122.3438027,42.6757131],[122.3539166,42.6777228],[122.3533699,42.681139],[122.3616839,42.6819382],[122.365534,42.6801342],[122.3899949,42.6811672],[122.3924787,42.6847861],[122.3897254,42.6934962],[122.3910921,42.69882],[122.3903118,42.7052033],[122.395329,42.7103702],[122.4178803,42.7198097],[122.4303177,42.7280429],[122.4341446,42.7379816],[122.4346271,42.7429637],[122.4367296,42.7460648],[122.4516009,42.7512889],[122.45642,42.7546309],[122.4533692,42.7684032],[122.4521364,42.7727139],[122.4379469,42.7713382],[122.4336632,42.7678006],[122.3879486,42.7722027],[122.3794748,42.7714],[122.3660631,42.7729454],[122.3612501,42.7812167],[122.3559668,42.7864475],[122.3561405,42.7920048],[122.3494064,42.8106161],[122.3431908,42.822976],[122.3514565,42.8339734],[122.3957391,42.837381],[122.4186499,42.8413834],[122.4338713,42.8401872],[122.4434063,42.8380542],[122.455989,42.8380338],[122.4802799,42.8343426],[122.5011151,42.8340736],[122.5031653,42.8317684],[122.5113657,42.8310668],[122.5179969,42.8286108],[122.5596162,42.8235903],[122.5702725,42.8185365],[122.5706825,42.8166317],[122.5640122,42.8058483],[122.5740461,42.7936876],[122.5746468,42.7878971],[122.6122316,42.7763159],[122.6193948,42.7713902],[122.6485912,42.7799083],[122.6655347,42.7791249],[122.688086,42.7810308],[122.6945097,42.7802283],[122.7254242,42.7848271],[122.7275236,42.7835762],[122.7285416,42.7763159],[122.7320952,42.7688918],[122.7441225,42.7649787],[122.7517763,42.7661827],[122.7607968,42.7568507],[122.7670839,42.7576535],[122.771737,42.7561684],[122.7733709,42.7539404],[122.780888,42.7551447],[122.7818447,42.7508293],[122.7885418,42.7456102],[122.7932791,42.7362392],[122.7968789,42.7366766],[122.7990657,42.7396881],[122.8080057,42.7346482],[122.8124598,42.734167],[122.8136899,42.7288461],[122.8264006,42.7203118],[122.8315943,42.7214163],[122.8348744,42.7204122],[122.832629,42.7118747],[122.8312855,42.714558],[122.808642,42.7169767],[122.7952271,42.7239109],[122.7877827,42.7204002],[122.7838948,42.7159939],[122.7781467,42.7160537],[122.7742414,42.7097918],[122.7689292,42.7076849],[122.7653071,42.7077591],[122.7554001,42.7032116],[122.7451288,42.6960975],[122.745142,42.689632],[122.7418629,42.6867739],[122.7507791,42.6778455],[122.7640721,42.6760241],[122.7741361,42.6713156],[122.7737732,42.6680619],[122.7857419,42.6606483],[122.7872936,42.6556131],[122.7871608,42.648677],[122.8054806,42.6496609],[122.813717,42.648202],[122.8192868,42.6500935],[122.8322843,42.6491092],[122.8322843,42.6469981],[122.8377513,42.6462944],[122.8333777,42.6434794],[122.8371295,42.6312579],[122.8572555,42.6194338],[122.862907,42.6113811],[122.8686655,42.6068007],[122.8716532,42.608834],[122.8738333,42.6057672],[122.8752291,42.6090535],[122.8782069,42.6081815],[122.8805304,42.6095897],[122.8868827,42.6066206],[122.8971673,42.6112828],[122.9053897,42.6069381],[122.9211227,42.6027492],[122.923967,42.5993608],[122.9166125,42.5951031],[122.919346,42.5941975],[122.9177689,42.5915684],[122.9216694,42.5913802],[122.9223354,42.5877672],[122.9410648,42.5783975],[122.9466298,42.5779363],[122.9492146,42.5751352],[122.9577638,42.5725249],[122.9640841,42.5687964],[122.9639019,42.5653143],[122.9685488,42.561791],[122.9675921,42.560583],[122.9619884,42.5597777],[122.960485,42.5554487],[122.9578882,42.5557507],[122.9504496,42.5463064],[122.9489911,42.5471058],[122.9435374,42.5430641],[122.9368403,42.5454808],[122.9163893,42.5334814],[122.9105322,42.5260075],[122.9127519,42.5202],[122.911864,42.5176642],[122.9066478,42.5179096],[122.9059819,42.5169279],[122.9062038,42.5138193],[122.9035402,42.5099742],[122.9046398,42.5024118],[122.9032613,42.5003712],[122.9038031,42.4987033],[122.8987627,42.4999611],[122.8978665,42.4976443],[122.8943472,42.4973925],[122.8838046,42.4992258],[122.8806454,42.5009131],[122.8775251,42.5001553],[122.8767364,42.5018804],[122.8661258,42.5020052],[122.8289033,42.4958593],[122.8137391,42.4888051],[122.820999,42.4880044],[122.8210505,42.4854828],[122.8188094,42.4858356],[122.8177581,42.4817131],[122.8129561,42.4789177],[122.8146233,42.476538],[122.8128295,42.474066],[122.8149793,42.4737919],[122.8176947,42.4687133],[122.8157648,42.4648271],[122.8195583,42.4590225],[122.816225,42.4546877],[122.8201004,42.4507681],[122.8208441,42.4477617],[122.8197253,42.4460278],[122.8218154,42.4436668],[122.8211662,42.436693],[122.8178312,42.4369719],[122.8207699,42.4332385],[122.8235126,42.4352455],[122.8273934,42.4294881],[122.8194133,42.4272304],[122.8212176,42.4264327],[122.8197163,42.4239111],[122.821183,42.4227119],[122.8203747,42.4218094],[122.8150783,42.4223156],[122.8123246,42.4146362],[122.8182902,42.41251],[122.8285242,42.4158639],[122.8283324,42.4116587],[122.8228209,42.4081586],[122.8245643,42.4065099],[122.8245024,42.4047709],[122.8289561,42.4000473],[122.835001,42.3995426],[122.8392107,42.3975714],[122.8434207,42.399055],[122.843908,42.4025337],[122.8534661,42.401949],[122.8568775,42.4047023],[122.8606514,42.3969253],[122.8608141,42.3929706],[122.868254,42.3873359],[122.8765572,42.3882962],[122.8769837,42.3863446],[122.8699054,42.3727721],[122.8746502,42.3714385],[122.8733227,42.3687211],[122.8748699,42.3675998],[122.8747047,42.3617583],[122.8718667,42.3445735],[122.8527076,42.3439035],[122.8527448,42.3426275],[122.8447431,42.3363178],[122.8214546,42.3240896],[122.7997016,42.3098514],[122.776369,42.2967043],[122.7639863,42.2948263],[122.7432424,42.2862026]]]]}},{"type":"Feature","properties":{"land_bounds":[122.5884182,40.7109564,123.6839683,41.6152073],"id":"liaoning-liaoyang","names":{"en":"Liaoyang","zh-CN":"辽阳"},"osm_relation":2769643,"admin_level":5,"source":"https://www.openstreetmap.org/relation/2769643","license":"ODbL-1.0","attribution":"© OpenStreetMap contributors","simplification_degrees":0.0008},"geometry":{"type":"MultiPolygon","coordinates":[[[[122.8275936,41.0806412],[122.8234059,41.0823012],[122.8195003,41.080038],[122.8181178,41.0805452],[122.8177092,41.0858112],[122.8107188,41.0846723],[122.7956008,41.0898779],[122.7823868,41.0927429],[122.7606428,41.1079904],[122.7478028,41.1126784],[122.7045593,41.1158524],[122.6902238,41.1208039],[122.6864778,41.1254844],[122.6788483,41.1311799],[122.6734238,41.1388849],[122.6537628,41.1471784],[122.6346128,41.1533889],[122.6136778,41.1678964],[122.5987013,41.1726189],[122.5922594,41.1768933],[122.596799,41.180486],[122.5959902,41.1837817],[122.5893412,41.188793],[122.5884182,41.192039],[122.5992834,41.1978689],[122.6089466,41.2000772],[122.6130502,41.1981243],[122.6179144,41.1976943],[122.6267127,41.2004198],[122.6344221,41.2099112],[122.6373851,41.2106455],[122.642714,41.2082285],[122.6465549,41.2079659],[122.6526189,41.2097907],[122.6626835,41.218428],[122.6647161,41.2224278],[122.6629951,41.2272074],[122.6633218,41.2445641],[122.6708842,41.2511565],[122.6724262,41.2594007],[122.6768167,41.2619394],[122.6830016,41.26336],[122.6873318,41.2662243],[122.6934978,41.2770423],[122.6989981,41.2783341],[122.7004193,41.2804703],[122.7000722,41.285427],[122.6932236,41.2958475],[122.6948767,41.2987041],[122.7012457,41.3006698],[122.7048324,41.3067],[122.7150933,41.3081161],[122.7192958,41.3106153],[122.7194763,41.3129185],[122.7134314,41.3166804],[122.7115883,41.3193231],[122.7122211,41.3207486],[122.727852,41.321271],[122.7297486,41.3267093],[122.7327358,41.3278309],[122.7403649,41.3273101],[122.7435068,41.3373539],[122.7429874,41.3478912],[122.7496377,41.3517052],[122.7520789,41.3576709],[122.7596458,41.3656143],[122.7657478,41.3664663],[122.7662633,41.3580917],[122.7686961,41.3580917],[122.773491,41.3631259],[122.7826883,41.364532],[122.7909219,41.3635356],[122.7941041,41.3647297],[122.7966714,41.3698678],[122.8074037,41.3701088],[122.8175508,41.3733354],[122.8363646,41.37615],[122.8392868,41.3830046],[122.844274,41.3870045],[122.8470309,41.395668],[122.845659,41.4134442],[122.8465022,41.4160999],[122.8562026,41.422099],[122.8603037,41.422222],[122.8599584,41.4169081],[122.8645175,41.4121805],[122.8718785,41.4144019],[122.8765665,41.4202825],[122.8815776,41.4223446],[122.8785907,41.4177369],[122.8810362,41.4160777],[122.8873403,41.4187766],[122.8930737,41.4154973],[122.8974467,41.4194325],[122.8977382,41.4171734],[122.9016253,41.4177564],[122.9023193,41.4164829],[122.9045819,41.4176868],[122.9085093,41.4156068],[122.9118076,41.4188016],[122.9149684,41.4182863],[122.9170299,41.4210688],[122.9199158,41.4202444],[122.9221179,41.4225891],[122.9210606,41.426282],[122.9309671,41.4245617],[122.9315556,41.4253348],[122.908622,41.4300708],[122.907268,41.4312456],[122.9192142,41.4411445],[122.9231984,41.4465349],[122.9172035,41.4455341],[122.9117316,41.4485016],[122.9113815,41.4502406],[122.9142632,41.453216],[122.9287375,41.4460251],[122.9351511,41.4542556],[122.9341794,41.4546926],[122.9354427,41.4565134],[122.9337907,41.4574602],[122.9324302,41.454547],[122.9300008,41.4562949],[122.9328189,41.4609558],[122.9305839,41.4618297],[122.9325274,41.4652524],[122.9282305,41.4673374],[122.9290443,41.4768646],[122.931308,41.4801311],[122.9353944,41.4823245],[122.9438325,41.4821144],[122.9381432,41.4799449],[122.9344683,41.4761516],[122.9400214,41.4738877],[122.9393681,41.4727252],[122.9546391,41.466239],[122.9546836,41.4747183],[122.9603199,41.4721699],[122.962069,41.474427],[122.9706206,41.4767569],[122.9702319,41.4784314],[122.9727584,41.480834],[122.9711064,41.4817804],[122.97305,41.4843284],[122.9699403,41.4863667],[122.9766455,41.494301],[122.9657617,41.497358],[122.9644013,41.4942282],[122.9658589,41.4933548],[122.9636239,41.4906615],[122.9527639,41.4940781],[122.9541792,41.4989744],[122.9610431,41.5066123],[122.9808214,41.5088019],[122.9928043,41.5125127],[122.9953615,41.5122591],[123.0047124,41.5031364],[123.0092443,41.502805],[123.0148817,41.5052368],[123.024773,41.5148947],[123.0266914,41.5224636],[123.029585,41.5238667],[123.0347713,41.5412257],[123.0386143,41.5455237],[123.0513094,41.551083],[123.0661611,41.5531428],[123.0759948,41.559819],[123.0787744,41.5666102],[123.0784265,41.5794129],[123.0818529,41.5859487],[123.0833748,41.5886046],[123.0886813,41.590397],[123.0940223,41.5987501],[123.0984949,41.6005086],[123.1034114,41.6046397],[123.103649,41.6072389],[123.101106,41.6118028],[123.1069341,41.6152073],[123.1145813,41.6094363],[123.1198399,41.6115924],[123.1283893,41.6059991],[123.1215548,41.5967812],[123.1228335,41.5958129],[123.1211791,41.5930301],[123.1194434,41.5929025],[123.1185367,41.5881162],[123.1169084,41.5871662],[123.1145557,41.588993],[123.113725,41.5864662],[123.1081859,41.5828684],[123.1085485,41.5775991],[123.1120462,41.5773689],[123.1122523,41.5763173],[123.1097985,41.5758951],[123.1082891,41.5663694],[123.1094959,41.566263],[123.1096913,41.563201],[123.1057232,41.5561618],[123.1071439,41.5553185],[123.1090253,41.5564019],[123.1154604,41.5558958],[123.1152745,41.554786],[123.1173911,41.5538138],[123.1250558,41.5518575],[123.1252466,41.5471124],[123.1219608,41.5468382],[123.1226173,41.5457992],[123.1214489,41.5440885],[123.1245346,41.5441266],[123.1233702,41.5418163],[123.1257411,41.538246],[123.1267337,41.5389568],[123.128273,41.5379369],[123.1285208,41.5337707],[123.1367307,41.5330074],[123.1373079,41.536387],[123.1407409,41.536589],[123.1508753,41.534474],[123.1559457,41.5392241],[123.152295,41.5381701],[123.1536467,41.5412503],[123.1567207,41.5411268],[123.1569398,41.5429116],[123.1584814,41.5424775],[123.1601899,41.5448068],[123.1624959,41.5443531],[123.1642426,41.5471024],[123.1723191,41.5445823],[123.1738946,41.5468065],[123.17587,41.5472071],[123.182963,41.5428067],[123.1876843,41.5472407],[123.183059,41.5508541],[123.1817745,41.5533789],[123.1860233,41.5565676],[123.1897313,41.557021],[123.1962898,41.5624154],[123.1976739,41.5621098],[123.1979705,41.5606107],[123.1993162,41.5623293],[123.2030732,41.5631069],[123.2135212,41.5632553],[123.2136602,41.5569975],[123.222056,41.556401],[123.2192874,41.5536131],[123.223464,41.5548968],[123.2223846,41.5530934],[123.2267433,41.5501723],[123.2279616,41.5514129],[123.2297645,41.5494669],[123.227179,41.546282],[123.229609,41.5447744],[123.228925,41.5432384],[123.2307098,41.5415953],[123.22989,41.5381939],[123.2399285,41.5383262],[123.2441996,41.5364651],[123.2454049,41.5375799],[123.2460808,41.5356737],[123.2492116,41.5388157],[123.2571743,41.5365614],[123.2593077,41.538483],[123.261022,41.5363541],[123.2738716,41.5358436],[123.2778691,41.5279467],[123.2744179,41.5263995],[123.2784667,41.5222122],[123.2810272,41.5236459],[123.2897834,41.5228312],[123.2952412,41.5258101],[123.2960831,41.5248062],[123.2939848,41.5203932],[123.301,41.5198857],[123.3074657,41.5177358],[123.3075948,41.5151918],[123.3164644,41.5090612],[123.3182997,41.5060111],[123.323225,41.5062941],[123.328296,41.5045556],[123.3262883,41.5075966],[123.3299886,41.5086574],[123.3290467,41.5103096],[123.3296674,41.5123717],[123.3311903,41.5128311],[123.3329699,41.510736],[123.3383361,41.5110831],[123.3403238,41.5095279],[123.3447849,41.5096698],[123.3466906,41.5084161],[123.355755,41.5109267],[123.3590922,41.5078289],[123.3544813,41.5057108],[123.3564826,41.5023546],[123.3607615,41.505433],[123.3647985,41.5059114],[123.3707976,41.504065],[123.3709858,41.5067376],[123.3765246,41.5069063],[123.3755739,41.5038381],[123.3768695,41.4990278],[123.3833834,41.4932485],[123.3878244,41.496574],[123.3904874,41.493296],[123.393301,41.4929268],[123.3933242,41.496469],[123.3953147,41.4981239],[123.3963733,41.494513],[123.4005845,41.498247],[123.4053345,41.4966804],[123.4073827,41.4951912],[123.4044862,41.4934533],[123.4045473,41.491848],[123.4093763,41.4899588],[123.4097856,41.4857532],[123.4176841,41.4864144],[123.418318,41.4849075],[123.41519,41.4832741],[123.4146738,41.4814616],[123.4205176,41.4815662],[123.4240238,41.4790265],[123.4213841,41.475805],[123.422949,41.4729857],[123.4221513,41.470232],[123.4275362,41.4706171],[123.4297044,41.4695576],[123.4310094,41.4668655],[123.4332462,41.4669179],[123.4341059,41.4698294],[123.4402952,41.4691209],[123.4433268,41.4726675],[123.4470774,41.4673898],[123.4491075,41.4701915],[123.452565,41.4681555],[123.4524776,41.4696536],[123.4543393,41.4690419],[123.4546325,41.4662518],[123.4520012,41.464359],[123.4541787,41.4633651],[123.4556484,41.4640511],[123.454618,41.4622646],[123.456258,41.4637316],[123.4564327,41.4622726],[123.4613031,41.4623669],[123.4632911,41.4605885],[123.4665868,41.4615753],[123.4668193,41.4628023],[123.4674865,41.4617575],[123.4679367,41.4629911],[123.4719978,41.4615574],[123.483005,41.4764044],[123.4901185,41.4768838],[123.491791,41.4809881],[123.4934248,41.4820265],[123.4973075,41.4796381],[123.5069139,41.4809122],[123.5104162,41.477845],[123.516346,41.482984],[123.516706,41.4849472],[123.521685,41.4898682],[123.5269141,41.4886961],[123.5283511,41.4865919],[123.5300968,41.4869583],[123.5304131,41.4854588],[123.5336788,41.483695],[123.5346482,41.4809336],[123.5406435,41.478988],[123.5433949,41.4821679],[123.5472846,41.4813328],[123.5504493,41.4837133],[123.5550842,41.4847627],[123.5610087,41.4895238],[123.5653941,41.4907474],[123.5748929,41.4964659],[123.5784083,41.4938727],[123.5858135,41.4918477],[123.5858822,41.4882582],[123.587495,41.4870867],[123.5901549,41.4875197],[123.5903296,41.4849632],[123.5960966,41.4849632],[123.5944519,41.4830306],[123.5947554,41.4803635],[123.6006013,41.4744074],[123.6019518,41.4713784],[123.6019208,41.4656409],[123.6203308,41.4618189],[123.6386338,41.4561574],[123.6436233,41.4527739],[123.6469573,41.4473839],[123.6475678,41.4370344],[123.6254883,41.4148179],[123.6282578,41.4048539],[123.6331328,41.3996389],[123.6368713,41.3905639],[123.6469118,41.3849489],[123.6436256,41.3817356],[123.6449318,41.3807831],[123.6444095,41.3764634],[123.6497623,41.3703529],[123.6474523,41.3646432],[123.6473474,41.3583781],[123.6487457,41.3548648],[123.6469413,41.3512561],[123.649608,41.3453012],[123.6526131,41.3438228],[123.6516852,41.3371726],[123.6490567,41.3344688],[123.6483484,41.3264911],[123.6530929,41.3222215],[123.6560607,41.3229187],[123.6576836,41.3161111],[123.6575532,41.3140767],[123.6547066,41.3105782],[123.6563927,41.3093849],[123.6549997,41.3041349],[123.6570292,41.3010462],[123.6538483,41.297883],[123.6503149,41.2964773],[123.6496033,41.2904256],[123.6519236,41.2850451],[123.6583146,41.2817389],[123.6598149,41.2671872],[123.6670841,41.2640167],[123.6647805,41.2592175],[123.6618871,41.2569696],[123.6427283,41.2480237],[123.6421661,41.2490554],[123.6306993,41.2450064],[123.619193,41.2435502],[123.6136885,41.2446784],[123.6097161,41.2524801],[123.6024196,41.2481747],[123.6023155,41.2452004],[123.5949382,41.2402734],[123.5912901,41.2340868],[123.5917312,41.2321472],[123.5949124,41.2303584],[123.60287,41.2199331],[123.6030558,41.2177668],[123.6003716,41.2189934],[123.5968472,41.2101286],[123.5978772,41.2070586],[123.5937516,41.2044916],[123.5950998,41.2027486],[123.6132897,41.2006671],[123.6179207,41.1969742],[123.6178208,41.1908771],[123.6192695,41.1868751],[123.6264841,41.1820748],[123.6262688,41.179996],[123.6285452,41.1791939],[123.6282508,41.1771994],[123.6308343,41.1724717],[123.6301223,41.1688415],[123.6331582,41.1675454],[123.6337716,41.1593566],[123.6325223,41.1574899],[123.6440287,41.1555593],[123.6454731,41.1520269],[123.6497204,41.1485479],[123.6521119,41.1444242],[123.6571321,41.1422689],[123.6589174,41.1372885],[123.6549485,41.1344612],[123.6527643,41.1300417],[123.6512608,41.1298944],[123.649597,41.1273054],[123.648431,41.1175144],[123.6456421,41.1109735],[123.6502959,41.1011437],[123.6486751,41.0975165],[123.6548082,41.0940656],[123.6548313,41.0853698],[123.661399,41.0792818],[123.6628532,41.0731112],[123.6651608,41.0699106],[123.6738741,41.0680385],[123.6760391,41.0641616],[123.6785958,41.0634663],[123.6839683,41.0578279],[123.6819644,41.0561031],[123.6824047,41.0534356],[123.6795794,41.0484741],[123.6753992,41.0456634],[123.6650259,41.0414529],[123.6565931,41.0392765],[123.6542836,41.0398562],[123.6538412,41.0356186],[123.655311,41.0328393],[123.6540254,41.0308493],[123.6549925,41.0276583],[123.6536591,41.0246062],[123.6551217,41.016054],[123.650464,41.0143997],[123.6444714,41.0145646],[123.6451906,41.0088853],[123.6412937,41.0036271],[123.6467546,40.982877],[123.6456774,40.9794517],[123.6464645,40.9732807],[123.6486545,40.9736627],[123.6490428,40.9722522],[123.6508965,40.9720212],[123.6423937,40.9628593],[123.6466433,40.9564069],[123.6501884,40.9551369],[123.6525683,40.951292],[123.646963,40.9454857],[123.6468048,40.9422967],[123.6438628,40.9384898],[123.6460572,40.9362211],[123.6435091,40.9343589],[123.6408384,40.9290566],[123.6393536,40.927682],[123.6369364,40.9280383],[123.6313371,40.9259867],[123.6264048,40.9219062],[123.6223448,40.914312],[123.6180318,40.9106321],[123.6181951,40.907006],[123.6195546,40.9052703],[123.6190196,40.90261],[123.6138964,40.8950714],[123.6027212,40.8906848],[123.603442,40.8862067],[123.6071961,40.8851493],[123.6066983,40.8781531],[123.6024488,40.8696763],[123.5879873,40.8638445],[123.5722695,40.8528044],[123.5620454,40.8557398],[123.5579988,40.855116],[123.5474703,40.8582459],[123.5453703,40.8604316],[123.5387573,40.8594474],[123.5385588,40.8471405],[123.5441779,40.8377685],[123.5429283,40.8274326],[123.5374853,40.8275911],[123.5364847,40.8247184],[123.5268084,40.8235779],[123.5199697,40.8195644],[123.5150849,40.8129101],[123.5075483,40.8133326],[123.5037102,40.8115368],[123.4939878,40.8115614],[123.4894047,40.808896],[123.4852177,40.8086319],[123.4817888,40.8089224],[123.4785185,40.8121706],[123.4753783,40.8123819],[123.4422034,40.7990357],[123.4050368,40.8052329],[123.4010468,40.8039819],[123.3966368,40.8006784],[123.3881988,40.7846489],[123.3821868,40.7800179],[123.3694533,40.7735329],[123.3486403,40.7741849],[123.3341828,40.7693559],[123.3217613,40.7688214],[123.3218078,40.7697409],[123.3092268,40.7717324],[123.2919008,40.7642364],[123.2822263,40.7528264],[123.2781603,40.7501989],[123.2713698,40.7474214],[123.2527083,40.7429389],[123.2486723,40.7407684],[123.2459868,40.7358019],[123.2390363,40.7298164],[123.2252733,40.7322964],[123.2085723,40.7304994],[123.1713333,40.7109564],[123.1546098,40.7204019],[123.1445008,40.7234534],[123.1407928,40.7217254],[123.1359633,40.7159009],[123.1303863,40.7126579],[123.1273803,40.7187119],[123.118137,40.7277904],[123.1084207,40.7343144],[123.1024933,40.7332039],[123.0946457,40.7343144],[123.091202,40.7437265],[123.0870927,40.7490174],[123.0766908,40.7541349],[123.0651093,40.7698364],[123.0644282,40.7817753],[123.0677107,40.7837829],[123.0716734,40.7888216],[123.0719407,40.791888],[123.0829028,40.7976391],[123.0883732,40.7977503],[123.091448,40.7998918],[123.0899672,40.8082096],[123.0983733,40.8181914],[123.0970763,40.8225859],[123.0881272,40.8267002],[123.0716591,40.8289437],[123.068953,40.832696],[123.0658992,40.8342675],[123.0456468,40.8332444],[123.0405297,40.8364714],[123.0416413,40.8436814],[123.0472193,40.8540469],[123.0381901,40.8604092],[123.0499286,40.8822084],[123.0561391,40.8832383],[123.0567645,40.8891182],[123.0641596,40.8911844],[123.0684741,40.8968807],[123.0663223,40.9012334],[123.0612976,40.9048484],[123.0604478,40.9108049],[123.0573578,40.9154814],[123.0538036,40.9170656],[123.0550655,40.918779],[123.0612992,40.9215585],[123.0650329,40.9197426],[123.0688558,40.9207473],[123.0725247,40.9189312],[123.0862984,40.9238471],[123.0929434,40.9286958],[123.0942309,40.932259],[123.0936829,40.9365316],[123.0868097,40.940919],[123.0862503,40.9481429],[123.083007,40.954882],[123.0778867,40.9592094],[123.0788576,40.9667162],[123.0848951,40.969011],[123.0901947,40.9691429],[123.0922229,40.9773344],[123.1000806,40.9774345],[123.1033102,40.9818641],[123.1055833,40.9886399],[123.1099928,40.9919549],[123.1225522,40.9950358],[123.1266607,40.9941611],[123.1332303,40.9833604],[123.1434708,40.9831769],[123.1504396,40.9797687],[123.1669768,40.9868429],[123.1840823,40.9835965],[123.1864411,40.984642],[123.1848179,40.9942472],[123.1963429,40.9999469],[123.1987147,41.0055748],[123.2015109,41.0072504],[123.2007707,41.0085537],[123.2064977,41.0140115],[123.2064453,41.0163106],[123.2043623,41.0185896],[123.1975082,41.0227869],[123.1935666,41.0302582],[123.1944917,41.032852],[123.1982506,41.0351543],[123.1994346,41.0375894],[123.2086227,41.0380719],[123.2103673,41.0407036],[123.2144961,41.040265],[123.2188575,41.0433791],[123.2273097,41.0442717],[123.2300207,41.0475611],[123.2264785,41.0490061],[123.2220631,41.0529823],[123.2210564,41.0564383],[123.2232189,41.0618851],[123.2265336,41.0653489],[123.2184903,41.0702108],[123.216764,41.0700839],[123.2088187,41.0759199],[123.2014792,41.0772887],[123.2039705,41.0838925],[123.2058314,41.0849444],[123.2077153,41.0892423],[123.2047272,41.0911471],[123.2062264,41.0966932],[123.199683,41.0983566],[123.1974723,41.0960304],[123.1943925,41.0979193],[123.1927765,41.1015854],[123.1909384,41.0999025],[123.1834903,41.1001234],[123.1834621,41.1027109],[123.1767325,41.1040594],[123.1717662,41.0984403],[123.168158,41.0981672],[123.1662665,41.0966178],[123.159848,41.0960592],[123.156199,41.0971769],[123.150063,41.1041169],[123.1397031,41.0997785],[123.1348049,41.1050411],[123.1412363,41.106449],[123.1370661,41.1233872],[123.1396751,41.1267937],[123.1419677,41.1268924],[123.1417132,41.128939],[123.1405549,41.1315563],[123.1367325,41.1324287],[123.1365008,41.1344353],[123.1344159,41.1347842],[123.1340684,41.1370524],[123.1378908,41.1390588],[123.13708,41.1428097],[123.1443773,41.1483049],[123.1441456,41.1520553],[123.1398599,41.1524042],[123.131636,41.1555438],[123.1288561,41.1615611],[123.1264236,41.1617356],[123.12501,41.1683733],[123.1222998,41.1721117],[123.1144892,41.1733978],[123.1132688,41.1746838],[123.1132688,41.1816648],[123.1087324,41.1832043],[123.1042229,41.1823445],[123.0932923,41.1759497],[123.0736592,41.1800066],[123.0687638,41.1821554],[123.0565822,41.1811278],[123.0553691,41.1815067],[123.0572248,41.1834069],[123.0560475,41.1840265],[123.0545486,41.1825585],[123.0554961,41.1855104],[123.0530791,41.1858618],[123.0544541,41.188569],[123.0513764,41.1893395],[123.0533333,41.1924182],[123.0542274,41.1919109],[123.0560382,41.193851],[123.0526214,41.1951205],[123.0565053,41.1969247],[123.0564533,41.1985956],[123.0547032,41.197101],[123.0503001,41.1971476],[123.0506315,41.2008731],[123.0450396,41.2022701],[123.0448212,41.2034836],[123.0394401,41.2033233],[123.0392416,41.2058329],[123.0325422,41.2063334],[123.0320963,41.2046519],[123.0297424,41.2050838],[123.0286105,41.2032123],[123.0245566,41.2028367],[123.024536,41.2004816],[123.0207281,41.2016045],[123.0212614,41.2037214],[123.0168207,41.2047694],[123.0148981,41.2016944],[123.0110673,41.2008354],[123.0109351,41.1995608],[123.0090054,41.1988302],[123.0093473,41.1944485],[123.0062183,41.1941172],[123.0041584,41.1923768],[123.0054517,41.1888725],[122.9924695,41.1847721],[122.9899811,41.1865378],[122.9866777,41.1846849],[122.9848357,41.1855619],[122.9841406,41.1867878],[122.9855124,41.189947],[122.9843094,41.1949257],[122.9796384,41.1946252],[122.982226,41.198623],[122.9691124,41.2009743],[122.9572031,41.1896423],[122.9544467,41.1902304],[122.9517958,41.1864165],[122.9501585,41.1868859],[122.952988,41.1905806],[122.9408756,41.1947687],[122.9348013,41.1906657],[122.9303715,41.1944668],[122.9276258,41.1925186],[122.9263393,41.1933986],[122.9241297,41.192012],[122.9208501,41.1941647],[122.9168508,41.1898921],[122.9113379,41.1924903],[122.910073,41.1875871],[122.9064222,41.1878235],[122.9071419,41.191615],[122.9045474,41.1925772],[122.9032609,41.1908758],[122.9014676,41.1911985],[122.894606,41.1815563],[122.8907028,41.169736],[122.8851098,41.1697131],[122.8800476,41.1649426],[122.87053,41.1687094],[122.8615765,41.1613591],[122.869553,41.1580937],[122.8682464,41.1568948],[122.8707445,41.1559029],[122.8664158,41.1499966],[122.8645356,41.1510857],[122.8605574,41.1455511],[122.8620662,41.1451338],[122.8614216,41.1439202],[122.8535812,41.1430767],[122.8450989,41.1365181],[122.8505759,41.1360489],[122.8484939,41.1316992],[122.8435133,41.1279573],[122.8484065,41.1230958],[122.8472771,41.1212497],[122.8513799,41.1189226],[122.8482792,41.116134],[122.8515321,41.1129698],[122.847827,41.1093762],[122.8463864,41.1103985],[122.8439798,41.1084762],[122.8426181,41.1092067],[122.8363078,41.104354],[122.8371744,41.1007937],[122.8352051,41.0989663],[122.8326245,41.0998444],[122.8302773,41.0973054],[122.8246384,41.0887562],[122.8258557,41.0880243],[122.8259954,41.0829656],[122.8275936,41.0806412]]]]}},{"type":"Feature","properties":{"land_bounds":[123.4436419,41.989395,125.1030812,43.472074745707225],"id":"liaoning-tieling","names":{"en":"Tieling","zh-CN":"铁岭"},"osm_relation":2767515,"admin_level":5,"source":"https://www.openstreetmap.org/relation/2767515","license":"ODbL-1.0","attribution":"© OpenStreetMap contributors","simplification_degrees":0.0008},"geometry":{"type":"MultiPolygon","coordinates":[[[[124.4591698,42.8200745],[124.4658778,42.824564],[124.4660403,42.8282211],[124.4614019,42.8383223],[124.4611477,42.843768],[124.4673215,42.8541942],[124.4888723,42.8612536],[124.5076273,42.8706669],[124.5314787,42.865288],[124.533699,42.8762016],[124.5891705,42.9129342],[124.598548,42.9254744],[124.5967132,42.9298032],[124.601402,42.9356242],[124.6148566,42.9395045],[124.6160798,42.9468168],[124.6253491,42.9480438],[124.6334077,42.953233],[124.6274958,42.9560678],[124.6295344,42.9711351],[124.641562,42.9747148],[124.6534064,42.9715672],[124.6711214,43.000513],[124.6678854,43.026401],[124.6863937,43.056282],[124.7139316,43.0680141],[124.7351645,43.0652047],[124.747772,43.0709926],[124.7530723,43.0845428],[124.7726427,43.0964526],[124.7787585,43.1035974],[124.7792548,43.1150105],[124.7936401,43.1204141],[124.800979,43.1144618],[124.813822,43.1181821],[124.8187146,43.1224973],[124.8390904,43.1243005],[124.8510931,43.1163126],[124.8613307,43.1206932],[124.8772166,43.1315146],[124.8852513,43.1312772],[124.8902559,43.1277737],[124.890465,43.1260948],[124.8881646,43.1247211],[124.8890011,43.1200655],[124.8882233,43.1160486],[124.8755122,43.1086157],[124.8751985,43.1070126],[124.87844,43.1051041],[124.8774989,43.1012868],[124.8733529,43.0979237],[124.8782309,43.0913608],[124.8791215,43.0822895],[124.8780343,43.0778711],[124.8833896,43.0756528],[124.8836143,43.0727897],[124.8701968,43.0645651],[124.8622877,43.0518236],[124.8517112,43.0492393],[124.8530814,43.0413685],[124.8513631,43.0378274],[124.8574225,43.0357453],[124.8578921,43.0321826],[124.8395249,43.0331394],[124.8344927,43.0306772],[124.8344202,43.0245765],[124.8384115,43.0239929],[124.8431032,43.0181129],[124.8446524,43.0135936],[124.8521996,43.010516],[124.8516191,43.0078096],[124.8557555,43.0016004],[124.8510385,42.9981506],[124.8521996,42.9958684],[124.8551024,42.994966],[124.8554652,42.9924713],[124.8532882,42.9914628],[124.8554592,42.9885181],[124.8617249,42.9868924],[124.8647105,42.9835919],[124.8667407,42.9833459],[124.8662631,42.9821086],[124.8628555,42.9818634],[124.8638532,42.9786645],[124.8618796,42.9752328],[124.8624045,42.9705311],[124.8664433,42.9690916],[124.8690196,42.966646],[124.8645347,42.9648523],[124.8662838,42.9623472],[124.8633777,42.9614377],[124.8654989,42.9607757],[124.8665361,42.9586254],[124.8644144,42.9586239],[124.8630286,42.9564249],[124.8639113,42.9518761],[124.8612159,42.9503101],[124.8610373,42.9483994],[124.8621388,42.9456979],[124.8592078,42.9457712],[124.8595614,42.9425044],[124.8615973,42.9419085],[124.859182,42.9388682],[124.8590204,42.9367053],[124.8605641,42.9352564],[124.8630607,42.9354246],[124.8615524,42.9335445],[124.8632877,42.9322032],[124.8635463,42.9305463],[124.8619623,42.9300423],[124.8617845,42.9282307],[124.8633562,42.9269714],[124.8579962,42.9230424],[124.8582829,42.9213202],[124.8618313,42.9183348],[124.8528696,42.9133602],[124.8569046,42.9099561],[124.85545,42.909213],[124.8558154,42.9075108],[124.8540909,42.905324],[124.8562508,42.9033216],[124.8525832,42.9016537],[124.8486527,42.9019808],[124.8504246,42.9008214],[124.8475524,42.9006676],[124.8442628,42.890463],[124.8469859,42.8902226],[124.8462011,42.8883417],[124.8489313,42.8876614],[124.8506076,42.8832883],[124.8425385,42.8796672],[124.8458126,42.8781569],[124.8432377,42.876873],[124.8425104,42.8747273],[124.8430408,42.8736375],[124.8461422,42.8733148],[124.8445409,42.869954],[124.8491094,42.8667835],[124.8481862,42.8641537],[124.8499629,42.8633546],[124.8491366,42.8592588],[124.8501145,42.8579925],[124.8489121,42.8559495],[124.8504601,42.855507],[124.8486755,42.8521107],[124.8491179,42.8493317],[124.8511628,42.8471662],[124.8503297,42.8449451],[124.8511628,42.8430015],[124.8553282,42.8423351],[124.8556312,42.8408358],[124.8523745,42.8382812],[124.8540407,42.8302281],[124.8511628,42.8290061],[124.8509571,42.8251604],[124.8522455,42.8237707],[124.8511423,42.8220154],[124.8528572,42.8211113],[124.8526965,42.8181827],[124.8544918,42.8170034],[124.8551081,42.8138978],[124.8571982,42.8126004],[124.8575197,42.8082954],[124.8620483,42.8043832],[124.8625842,42.7962829],[124.8657997,42.7934515],[124.8666036,42.7892041],[124.8739457,42.7864904],[124.8805643,42.7886732],[124.892033,42.7858611],[124.8951413,42.7864707],[124.9008221,42.7914262],[124.905297,42.8007657],[124.909638,42.8024565],[124.909383,42.8113634],[124.9055244,42.8137222],[124.9107764,42.8156879],[124.9173682,42.8143906],[124.9227274,42.8177321],[124.925139,42.8175355],[124.9325347,42.809948],[124.9388586,42.8084933],[124.9432531,42.8039718],[124.9497914,42.8050727],[124.9576158,42.8027135],[124.9648507,42.803146],[124.9697276,42.7996858],[124.969674,42.7964613],[124.9709602,42.7948883],[124.9700491,42.7919781],[124.9711746,42.7902084],[124.9687093,42.7857248],[124.973747,42.7792348],[124.980178,42.7788021],[124.9840367,42.7760879],[124.9870914,42.7671577],[124.9823753,42.7579115],[124.9794813,42.7571638],[124.9760515,42.758423],[124.9751404,42.7568884],[124.9766946,42.7535829],[124.974015,42.7527566],[124.9733719,42.7513399],[124.981893,42.7498051],[124.9878417,42.7446495],[124.9908428,42.7436656],[124.9881097,42.7406349],[124.9891279,42.736935],[124.9855372,42.7354786],[124.9847334,42.7328806],[124.9817858,42.7306761],[124.9837687,42.7260701],[124.9796957,42.7246528],[124.9781415,42.7263063],[124.9733719,42.7266606],[124.9669408,42.7217787],[124.9623319,42.7204795],[124.9647971,42.7178021],[124.970853,42.7156364],[124.9709602,42.7144552],[124.9667264,42.7129588],[124.9658154,42.7111081],[124.9727823,42.7078396],[124.9731039,42.7040983],[124.975194,42.7016565],[124.9802316,42.6991753],[124.9831792,42.6924793],[124.9799101,42.6843643],[124.9689773,42.681646],[124.9689237,42.6795185],[124.9614208,42.6779425],[124.9593307,42.6763665],[124.9592772,42.6747905],[124.9628678,42.6712443],[124.9690845,42.6710866],[124.9744437,42.6716777],[124.9793206,42.6747511],[124.9882168,42.6742783],[124.9903069,42.6728992],[124.9904141,42.667619],[124.9989352,42.6667521],[125.0084746,42.6636389],[125.0091177,42.6624566],[125.0064917,42.6577667],[125.0135659,42.6512633],[125.0077243,42.6436949],[125.0108327,42.6411325],[125.0106183,42.6391219],[125.0042944,42.6300931],[125.0074028,42.6287525],[125.010136,42.6245332],[125.0151736,42.6253219],[125.0223013,42.6207081],[125.0230516,42.6147135],[125.0320551,42.6130965],[125.0377894,42.6159756],[125.0393436,42.6184208],[125.0452387,42.6192884],[125.0481387,42.6215884],[125.053255,42.6212094],[125.0564382,42.6181977],[125.0643204,42.6223248],[125.0739231,42.6230477],[125.0797817,42.6232171],[125.0903924,42.6202055],[125.0900892,42.6174169],[125.0923629,42.6125086],[125.0912269,42.6086971],[125.084026,42.6040298],[125.0895802,42.6001621],[125.0889685,42.5969908],[125.0782659,42.5915326],[125.0749311,42.5863991],[125.0806074,42.5832482],[125.0817673,42.5813205],[125.0820481,42.5743374],[125.0853135,42.5698816],[125.0834292,42.5682071],[125.0831045,42.5653547],[125.079551,42.5643644],[125.0754212,42.5612519],[125.0747489,42.5580685],[125.0701389,42.5561584],[125.0711954,42.553753],[125.0690824,42.546041],[125.0707152,42.5418662],[125.0706191,42.5376203],[125.0689465,42.5358527],[125.0652408,42.5367003],[125.0608229,42.5339403],[125.061207,42.5318172],[125.0665854,42.5272875],[125.0756133,42.522616],[125.0774381,42.5189351],[125.0806074,42.5174485],[125.0846412,42.5117851],[125.0832246,42.5095399],[125.0797431,42.5110771],[125.074941,42.5110771],[125.0708112,42.5076788],[125.0722518,42.5041387],[125.0606308,42.5006691],[125.0628397,42.4993946],[125.0630318,42.4973411],[125.0788787,42.498474],[125.0916522,42.4898345],[125.0984712,42.4886305],[125.0990474,42.4844519],[125.1030812,42.4819729],[125.1013885,42.4766201],[125.0960472,42.4747434],[125.0905894,42.4751952],[125.0832381,42.4703069],[125.0816509,42.467534],[125.0760261,42.4668767],[125.071877,42.4623781],[125.0734921,42.4590912],[125.0735199,42.4549207],[125.0711252,42.4542633],[125.0681457,42.4505034],[125.0570909,42.4482433],[125.0511319,42.4431885],[125.0438363,42.441298],[125.0413859,42.4394075],[125.0378217,42.4404144],[125.0343966,42.4358317],[125.0301084,42.4358728],[125.0279921,42.4330777],[125.0298578,42.4293372],[125.0299413,42.4185047],[125.0353712,42.4116794],[125.0331993,42.4054292],[125.0302198,42.4033525],[125.0229242,42.403517],[125.0179119,42.3997746],[125.0089734,42.4011729],[124.9989211,42.3995484],[124.9951062,42.3968341],[124.9919597,42.3905001],[124.9932963,42.3890399],[124.9932406,42.386469],[124.9959973,42.384186],[124.9973339,42.3786324],[124.9998122,42.3761434],[124.9994502,42.3739217],[124.9972504,42.3721731],[124.993519,42.3738806],[124.9845805,42.3706508],[124.9861399,42.3749297],[124.9788722,42.3769045],[124.9776748,42.3745388],[124.9712703,42.3716794],[124.9684021,42.3660629],[124.9625267,42.3680792],[124.9538388,42.3681614],[124.9513048,42.3693958],[124.9503581,42.3732017],[124.9523908,42.3744977],[124.9556209,42.3821086],[124.9496898,42.3869215],[124.9465989,42.3867775],[124.9435359,42.3931736],[124.9443434,42.3944692],[124.9411133,42.3956208],[124.9394425,42.3985203],[124.9284991,42.400885],[124.9256032,42.4005766],[124.92112,42.3975332],[124.9200062,42.3946543],[124.9098982,42.3954563],[124.9058884,42.3943869],[124.9014331,42.396649],[124.8966154,42.3966797],[124.894165,42.3954459],[124.8915278,42.3972751],[124.8888473,42.3958489],[124.883909,42.3995948],[124.883683,42.4043885],[124.8808624,42.4074792],[124.8748619,42.4085756],[124.8683328,42.4080582],[124.8589546,42.405611],[124.8424683,42.4115144],[124.8166063,42.4156788],[124.8139838,42.4079638],[124.8099773,42.4113193],[124.8025018,42.4121271],[124.8009225,42.4143351],[124.7936168,42.4137493],[124.7807768,42.4081994],[124.7790868,42.4042723],[124.7740184,42.4010917],[124.7726653,42.3987261],[124.7696108,42.3984192],[124.7677853,42.3956389],[124.7680178,42.3920037],[124.7658358,42.38875],[124.7677962,42.3837764],[124.7707431,42.3831381],[124.7685378,42.3810955],[124.7716706,42.3776906],[124.77895,42.3802601],[124.7812682,42.3760907],[124.7821274,42.3639726],[124.7905877,42.3584763],[124.7847832,42.3533902],[124.7866604,42.3491604],[124.7813439,42.3417926],[124.7815759,42.3376116],[124.7725293,42.3343694],[124.7626422,42.3368669],[124.7592591,42.3407241],[124.7465796,42.3351587],[124.7424359,42.3371847],[124.7325477,42.336708],[124.7238877,42.3300057],[124.725454,42.3273323],[124.7205086,42.3221657],[124.7073278,42.3228265],[124.6838838,42.3137854],[124.675798,42.3174783],[124.653442,42.3133455],[124.648068,42.3158888],[124.6457034,42.3138224],[124.6426229,42.3135744],[124.6400923,42.3172163],[124.6335606,42.318115],[124.6313448,42.3215841],[124.6199564,42.3250163],[124.6203317,42.331892],[124.6224876,42.3363902],[124.6272167,42.3379792],[124.6270018,42.3435403],[124.6252821,42.3460824],[124.6120489,42.3439569],[124.6080158,42.3448474],[124.5999833,42.3430024],[124.5925424,42.3453942],[124.5893836,42.3487832],[124.5764859,42.3486243],[124.5736839,42.3470776],[124.5679671,42.3491049],[124.5641711,42.3384986],[124.5666525,42.3273414],[124.5715512,42.3182737],[124.5567651,42.2952864],[124.5556109,42.2816973],[124.5485423,42.2690654],[124.530782,42.2565709],[124.5228758,42.2461845],[124.515316,42.242312],[124.5115216,42.2385465],[124.5102529,42.2347286],[124.522008,42.2000257],[124.530567,42.1912612],[124.532272,42.1831528],[124.5371206,42.174719],[124.5552332,42.1619534],[124.5558272,42.1581992],[124.5525998,42.1486788],[124.5497357,42.1445953],[124.5421621,42.1414299],[124.5370724,42.1351555],[124.5357133,42.1288529],[124.5444028,42.1167869],[124.5418928,42.1122934],[124.5346833,42.1066169],[124.5143128,42.0856324],[124.5085298,42.0826529],[124.4914778,42.0773734],[124.4415513,42.0653764],[124.4355088,42.0628624],[124.4156568,42.0485004],[124.4066276,42.0471837],[124.4042181,42.0444003],[124.4049995,42.0428977],[124.4024779,42.0416168],[124.391596,42.0388369],[124.3883431,42.0357701],[124.3819968,42.0347568],[124.378092,42.0317566],[124.3739651,42.0320723],[124.3658477,42.0292835],[124.3611152,42.0301185],[124.3589292,42.0269375],[124.358253,42.0221092],[124.3620388,42.0207067],[124.363206,42.018534],[124.3448582,42.0096531],[124.3357901,42.0075964],[124.330928,42.0139839],[124.3179168,42.0140074],[124.3075622,42.0131124],[124.2996828,42.0071109],[124.2939833,42.0064429],[124.2890757,42.0035439],[124.280612,42.0034627],[124.2744663,42.004926],[124.2781291,42.0104956],[124.2750241,42.0187779],[124.2793348,42.0252064],[124.2785991,42.0275746],[124.2756563,42.0283943],[124.2727446,42.0318474],[124.2705916,42.0325703],[124.2696481,42.0407801],[124.2629042,42.0436941],[124.2587116,42.0620867],[124.2513617,42.0643496],[124.2484068,42.0648813],[124.2279784,42.0551115],[124.1985628,42.0530469],[124.1824568,42.0566444],[124.1609418,42.0530929],[124.1554868,42.0544469],[124.1429978,42.0613439],[124.1315763,42.0656739],[124.1085968,42.0679099],[124.1015296,42.0705759],[124.0890487,42.0709539],[124.0734685,42.0626587],[124.0620439,42.0619659],[124.051708,42.0561192],[124.0349153,42.0433128],[124.0324842,42.0368906],[124.0321574,42.030457],[124.0285727,42.0163927],[124.0225052,42.0114063],[124.0152893,42.0093529],[123.9952698,42.0093919],[123.9885863,42.0061874],[123.9770203,42.0036199],[123.9593963,42.0026474],[123.9489668,42.0034829],[123.9377668,42.0066374],[123.9376603,42.0096284],[123.9445798,42.0164949],[123.9441528,42.0194929],[123.9415208,42.0216559],[123.9344328,42.0216794],[123.921079,42.0162619],[123.9069315,42.0234892],[123.9047439,42.0265116],[123.8996086,42.0283368],[123.8963612,42.0268035],[123.8826047,42.0310792],[123.875011,42.0308423],[123.8709718,42.0269089],[123.8466033,42.0215684],[123.8369903,42.0207519],[123.8176268,42.0117834],[123.8079983,42.0054589],[123.7996368,41.9949609],[123.7918116,41.9899244],[123.7726068,41.989395],[123.7726036,41.9930562],[123.766762,41.9920009],[123.7640258,41.9990882],[123.7573439,41.9962963],[123.7564411,42.0011101],[123.759385,42.0076822],[123.7581707,42.0092934],[123.7589513,42.0123224],[123.7577253,42.0155738],[123.7645025,42.0185734],[123.7675708,42.0214758],[123.7735232,42.0212154],[123.7800063,42.0162964],[123.7821969,42.0176712],[123.7838449,42.0132891],[123.7891116,42.0100906],[123.8008973,42.01571],[123.8016261,42.0194111],[123.8044885,42.0201844],[123.8076917,42.0271627],[123.8070315,42.0300686],[123.8036757,42.0322002],[123.8019,42.0378818],[123.8079642,42.0407884],[123.8085417,42.0475889],[123.8025985,42.0481846],[123.7972997,42.0574366],[123.7896649,42.0576166],[123.7841585,42.0502764],[123.7862292,42.0479912],[123.7828908,42.0418319],[123.7804622,42.0402859],[123.7802882,42.0361242],[123.7774264,42.0384821],[123.7773396,42.0356476],[123.776549,42.0358844],[123.7760508,42.0382744],[123.7664975,42.0426049],[123.7629283,42.0418553],[123.7613622,42.0453055],[123.7540073,42.0437643],[123.7538196,42.0472688],[123.7452018,42.0511309],[123.7490632,42.055229],[123.7476754,42.0575474],[123.7448131,42.0588354],[123.7445114,42.0604226],[123.7356929,42.0645326],[123.7292728,42.062928],[123.7267798,42.0666111],[123.7271478,42.068757],[123.7215779,42.0739474],[123.7187517,42.0739908],[123.7070985,42.0818663],[123.7017012,42.0820484],[123.6995545,42.0834595],[123.6990639,42.0890582],[123.6920106,42.0899684],[123.6874107,42.0938371],[123.6777201,42.0958396],[123.6712189,42.0962036],[123.6676002,42.0948838],[123.6683362,42.0938371],[123.6656376,42.0940646],[123.6644723,42.0926538],[123.662571,42.0939736],[123.6593817,42.09188],[123.657603,42.0928813],[123.6568057,42.0916525],[123.6534324,42.0937005],[123.6519604,42.0922441],[123.6522671,42.0941101],[123.6512244,42.0942922],[123.6482805,42.0925172],[123.6455818,42.0941556],[123.6471765,42.095794],[123.6465631,42.0964767],[123.6447232,42.0961126],[123.6407365,42.0989342],[123.6392646,42.0976599],[123.6296341,42.1008633],[123.629038,42.0986933],[123.6271251,42.0984287],[123.6250967,42.1015736],[123.6272434,42.1028022],[123.6241154,42.1036213],[123.6252194,42.1060785],[123.6227661,42.1064426],[123.6227047,42.1084902],[123.6189635,42.1090362],[123.6185955,42.1115842],[123.6144248,42.1140411],[123.6028943,42.1172713],[123.6017903,42.1191366],[123.5900145,42.1233218],[123.5843105,42.1272339],[123.5692704,42.1305038],[123.5628441,42.1359215],[123.5513136,42.1404695],[123.5501482,42.1427888],[123.5459393,42.1408421],[123.5360417,42.1450626],[123.5365508,42.1475897],[123.5345084,42.1488369],[123.5342018,42.1518835],[123.5325206,42.1530314],[123.5345909,42.153456],[123.5361553,42.1800897],[123.5342631,42.1782052],[123.5272569,42.1791771],[123.5203231,42.1861798],[123.5124186,42.1893265],[123.5031991,42.1907922],[123.4984176,42.1906083],[123.4810684,42.1781825],[123.4671822,42.1801705],[123.4638531,42.1793543],[123.4622586,42.1832501],[123.4629332,42.1856587],[123.4571066,42.1877946],[123.4586602,42.1914439],[123.4518968,42.1935804],[123.4522565,42.19785],[123.4480788,42.1978692],[123.4487088,42.2015051],[123.4436419,42.2027478],[123.445406,42.2087414],[123.4464909,42.2085857],[123.4486961,42.2134197],[123.4504143,42.2131531],[123.45328,42.2182727],[123.4570599,42.2179873],[123.4592418,42.2277276],[123.4702454,42.2308743],[123.4623603,42.246814],[123.467717,42.2594685],[123.4715382,42.2627945],[123.4749535,42.2624759],[123.4758913,42.2643064],[123.4734163,42.2661402],[123.4755847,42.2667821],[123.4765389,42.2685151],[123.4761052,42.2714676],[123.4823701,42.2745364],[123.4865092,42.2729832],[123.487134,42.2712273],[123.4927965,42.2740894],[123.5042325,42.2906534],[123.509694,42.2965155],[123.516629,42.3097062],[123.5200782,42.3197994],[123.5220264,42.3195663],[123.5223578,42.3374198],[123.5168045,42.3374997],[123.5152859,42.3429259],[123.512227,42.3450927],[123.5125881,42.3459348],[123.506085,42.3485603],[123.5036877,42.3520937],[123.4998712,42.3515809],[123.4972691,42.3538244],[123.4970956,42.3560037],[123.49432,42.3586316],[123.4942973,42.3616423],[123.4919996,42.3593305],[123.4818298,42.3608108],[123.4766256,42.366002],[123.4760703,42.3694045],[123.4710158,42.3724959],[123.4648293,42.3743327],[123.4595383,42.3789461],[123.4642333,42.3847959],[123.4626609,42.3889407],[123.4658701,42.3893251],[123.4688553,42.394877],[123.4657834,42.3953467],[123.4688192,42.4048263],[123.4721915,42.4062946],[123.4751511,42.4059792],[123.4727376,42.4124284],[123.4617935,42.4183388],[123.461967,42.4202597],[123.458324,42.4222447],[123.456329,42.4289033],[123.4488696,42.4305039],[123.4503098,42.4421119],[123.4561036,42.4437791],[123.4608394,42.447339],[123.4634872,42.4519345],[123.4671712,42.453547],[123.4659673,42.4575471],[123.4731152,42.4627308],[123.4822635,42.4627619],[123.4846054,42.4608423],[123.4904125,42.4610126],[123.4919664,42.4638748],[123.4985702,42.4657693],[123.5001314,42.4675608],[123.5036009,42.466921],[123.507844,42.4764259],[123.5103879,42.4780195],[123.5141829,42.4751103],[123.5134023,42.4790127],[123.5155707,42.4809957],[123.5130553,42.4811237],[123.5164381,42.4854734],[123.5182249,42.4827448],[123.5241577,42.4848338],[123.5266723,42.4799216],[123.5285813,42.4799083],[123.5359898,42.4886477],[123.5440118,42.4888769],[123.5441941,42.4917416],[123.5463625,42.4905264],[123.5480105,42.491102],[123.5523163,42.497743],[123.5559904,42.498201],[123.556771,42.49948],[123.5588527,42.4991603],[123.5606742,42.4967301],[123.5635365,42.5006951],[123.5619752,42.5019741],[123.5627559,42.5033169],[123.5663121,42.5041482],[123.5674397,42.5028693],[123.5773422,42.5005584],[123.5798623,42.5087305],[123.5776029,42.5089284],[123.5780365,42.5106548],[123.6034549,42.5072653],[123.6108858,42.5228952],[123.6063997,42.5245279],[123.6083946,42.5311757],[123.6069201,42.5332211],[123.6163009,42.5321829],[123.6169817,42.5350746],[123.619497,42.5357137],[123.617659,42.5417588],[123.6227063,42.5391649],[123.6236604,42.5403792],[123.6212318,42.5436384],[123.6380104,42.5507414],[123.6423831,42.5505562],[123.647253,42.5481755],[123.6504623,42.5501564],[123.6579217,42.5495813],[123.6609575,42.545236],[123.657488,42.5428077],[123.6603504,42.5420408],[123.6569676,42.5373754],[123.6587891,42.5375033],[123.6578327,42.5330629],[123.6586156,42.529386],[123.6629525,42.5281076],[123.6569065,42.5208629],[123.6529914,42.5222937],[123.6518357,42.5187155],[123.6590695,42.5175707],[123.6600902,42.5163451],[123.6630392,42.517368],[123.6648607,42.5166008],[123.6664259,42.5133546],[123.6734556,42.514724],[123.6780448,42.5079054],[123.6957168,42.5260239],[123.7082814,42.5346213],[123.7117156,42.5323883],[123.7184613,42.5356608],[123.7232367,42.5360604],[123.7303463,42.5402825],[123.7467889,42.5410596],[123.7540751,42.5493916],[123.7525383,42.5518774],[123.7374339,42.5574628],[123.7331962,42.5553693],[123.7301051,42.5499892],[123.7236507,42.5498547],[123.720244,42.5521274],[123.7242213,42.5576926],[123.7241442,42.5615929],[123.7213363,42.5649158],[123.7068066,42.5641642],[123.7055255,42.5655795],[123.707741,42.5699725],[123.7072161,42.5731935],[123.704766,42.5759],[123.7020873,42.576952],[123.694349,42.5750525],[123.6901595,42.5761632],[123.6881498,42.5780131],[123.6847346,42.5858084],[123.6847346,42.5889163],[123.6860389,42.5907168],[123.6928565,42.5907168],[123.695874,42.5922848],[123.6965921,42.5946638],[123.6917105,42.5995408],[123.6887051,42.6004517],[123.6696708,42.5995633],[123.663066,42.6020564],[123.657582,42.6112644],[123.6535492,42.6138452],[123.6458982,42.6133448],[123.6454386,42.6146976],[123.6472498,42.6165152],[123.6558276,42.6190401],[123.6600337,42.6238447],[123.6572163,42.6265658],[123.6482599,42.6310011],[123.6398212,42.6344221],[123.6326643,42.6356757],[123.617749,42.6457483],[123.6131919,42.6510179],[123.6130953,42.6530792],[123.6198441,42.662386],[123.6194892,42.6736318],[123.606111,42.6778631],[123.6013683,42.67683],[123.5983994,42.6734917],[123.5963394,42.6661809],[123.5922787,42.6631951],[123.5862672,42.6617022],[123.5842953,42.6630313],[123.582411,42.6686997],[123.5785876,42.6724053],[123.5714381,42.6749093],[123.5724161,42.6775062],[123.5745274,42.6782226],[123.5833475,42.6752065],[123.5850375,42.676311],[123.5834485,42.6806819],[123.5747833,42.6873075],[123.564684,42.6895786],[123.5628614,42.6920143],[123.5641203,42.694262],[123.5725166,42.6949426],[123.5718196,42.6963513],[123.5767558,42.7005304],[123.5771059,42.703618],[123.5760381,42.7054488],[123.5684412,42.7073709],[123.5652416,42.7102171],[123.5633512,42.7150153],[123.5534136,42.7233124],[123.5534136,42.725909],[123.5668032,42.7384865],[123.5668032,42.7413945],[123.5698931,42.7478107],[123.5715076,42.7491149],[123.5798156,42.7495338],[123.5812242,42.7523782],[123.5808751,42.7578887],[123.5755349,42.7604182],[123.571962,42.7687507],[123.573612,42.7704463],[123.5813777,42.7728062],[123.5930784,42.7691479],[123.5999713,42.7725326],[123.5956462,42.7792628],[123.5959939,42.7818148],[123.5877681,42.7873321],[123.5884081,42.7887412],[123.5942341,42.7917502],[123.5956637,42.7943729],[123.5915262,42.7989268],[123.5918687,42.8024442],[123.5877528,42.8107158],[123.5891337,42.8129951],[123.5865454,42.8178051],[123.5867128,42.8213652],[123.5983506,42.8259984],[123.5992412,42.8298101],[123.5913058,42.8342379],[123.5882481,42.8376012],[123.5870625,42.8409543],[123.5877628,42.8444202],[123.5803363,42.8470774],[123.5795218,42.8491074],[123.5969989,42.8626544],[123.5978805,42.8652393],[123.5969866,42.867336],[123.5860818,42.8695089],[123.5804745,42.8715015],[123.5779636,42.8738323],[123.578303,42.8799254],[123.5796543,42.8821533],[123.5827076,42.8850121],[123.5941115,42.889961],[123.5932454,42.8940218],[123.5968314,42.8994012],[123.5968349,42.9011363],[123.583053,42.905582],[123.5786549,42.9095467],[123.5793283,42.9138619],[123.5835784,42.9187161],[123.5894945,42.9183005],[123.5950786,42.9208564],[123.5985801,42.9263819],[123.5978441,42.9286602],[123.5952689,42.9293169],[123.5890186,42.9352797],[123.5796568,42.9405038],[123.5778569,42.9467108],[123.5653173,42.9475896],[123.5548769,42.9529653],[123.5453749,42.9645367],[123.5407643,42.9753972],[123.5466617,42.9824737],[123.5574229,42.9822644],[123.5611789,42.9843579],[123.5585582,42.9910936],[123.5554736,42.9949794],[123.5554736,42.9971704],[123.5575413,42.9996908],[123.5568522,43.0028404],[123.5578446,43.0046547],[123.560478,43.0050194],[123.5618442,43.0011474],[123.5638524,43.0000794],[123.566223,43.0006129],[123.5675127,43.0019601],[123.5659449,43.0061981],[123.5677253,43.0077367],[123.5766753,43.0075113],[123.582409,43.011958],[123.5829663,43.0135881],[123.5754578,43.0175412],[123.5781374,43.0195004],[123.577787,43.0235982],[123.5747036,43.0282316],[123.575211,43.0319408],[123.5778653,43.0342047],[123.5802294,43.0303781],[123.5827495,43.0293255],[123.5868339,43.030364],[123.5911476,43.0382867],[123.5995203,43.0419085],[123.605942,43.0467385],[123.605942,43.048463],[123.6027795,43.0506457],[123.5910075,43.0558722],[123.5910075,43.0577906],[123.5919921,43.0594693],[123.5997202,43.061226],[123.6024844,43.066401],[123.611366,43.0748805],[123.6190788,43.0756317],[123.6219141,43.0782204],[123.6224595,43.0837497],[123.6261002,43.0868328],[123.6226593,43.0984781],[123.6272867,43.1054857],[123.6278081,43.1092921],[123.6248874,43.1191315],[123.6325754,43.1224704],[123.6357298,43.128354],[123.6308817,43.1321449],[123.6298727,43.1355814],[123.6317224,43.1390174],[123.6401561,43.1435498],[123.6418403,43.1526958],[123.6491186,43.1583963],[123.6420644,43.1669189],[123.643243,43.1704798],[123.6473762,43.1734007],[123.6542037,43.172415],[123.6549042,43.1743309],[123.6640157,43.1793636],[123.665064,43.1839498],[123.659494,43.1910568],[123.6510549,43.1914334],[123.6489125,43.1929954],[123.6482254,43.1976282],[123.6430591,43.2011432],[123.6408519,43.2055987],[123.6408519,43.2116477],[123.6536194,43.2192155],[123.6671811,43.2187169],[123.6715878,43.2221933],[123.6708794,43.225032],[123.6667403,43.2277967],[123.6635394,43.2324611],[123.6707351,43.2398254],[123.6688213,43.2454018],[123.6595522,43.2564048],[123.6583718,43.260212],[123.6629509,43.2661402],[123.6673331,43.2679812],[123.6719696,43.2679812],[123.6826941,43.2743323],[123.6876199,43.2706222],[123.6933649,43.2692278],[123.6977504,43.2697388],[123.7006039,43.2716865],[123.6997106,43.2753281],[123.6936499,43.2767149],[123.6916587,43.2784063],[123.6925274,43.2852312],[123.690977,43.2918095],[123.6974702,43.2943759],[123.6983649,43.2968504],[123.6940768,43.3057017],[123.6958852,43.3082141],[123.7059301,43.3079662],[123.712526,43.3092293],[123.7150059,43.3111627],[123.7143037,43.3160329],[123.712488,43.3170898],[123.7040811,43.3168363],[123.6996851,43.3192966],[123.6970664,43.3228173],[123.6984358,43.3255857],[123.707627,43.3288054],[123.7090026,43.3319585],[123.7035083,43.3359813],[123.7035083,43.3374],[123.7081652,43.3421667],[123.7057072,43.3467632],[123.7017564,43.3480264],[123.700389,43.3511513],[123.7136825,43.3530822],[123.7079112,43.3568236],[123.7051526,43.3570634],[123.7001618,43.3529112],[123.6907891,43.3522734],[123.6967732,43.3558252],[123.6981792,43.3579975],[123.699106,43.3644674],[123.6974653,43.3692336],[123.700074,43.3717709],[123.6924318,43.3739609],[123.6909621,43.378127],[123.6922481,43.3803168],[123.7022417,43.3809043],[123.7036743,43.3825333],[123.7018974,43.385116],[123.6965285,43.385116],[123.6935519,43.3867984],[123.6935519,43.3891941],[123.7002548,43.3933146],[123.6974698,43.4007096],[123.7044468,43.4008333],[123.7056306,43.4018368],[123.7023067,43.4042518],[123.7023067,43.4065218],[123.7062549,43.408485],[123.7062549,43.4102403],[123.7035168,43.412105],[123.7046351,43.4143005],[123.7082295,43.4143005],[123.7181922,43.4209185],[123.7200898,43.4211483],[123.7240621,43.4183577],[123.7274636,43.4179065],[123.7281916,43.4190737],[123.7245492,43.4202667],[123.7188827,43.4244644],[123.7192912,43.425471],[123.7211914,43.4261744],[123.7272824,43.4239012],[123.7372238,43.4342343],[123.7434486,43.4350658],[123.738824,43.4374596],[123.7376689,43.440587],[123.7425256,43.4401006],[123.7436484,43.4413463],[123.7387571,43.4466936],[123.7428587,43.4496083],[123.7471229,43.4574334],[123.7404214,43.466425],[123.7407458,43.4681912],[123.7494972,43.4716256],[123.753057,43.476319],[123.7574175,43.476386],[123.7665163,43.4813324],[123.7664427,43.4778598],[123.7812748,43.4780795],[123.786572,43.4852176],[123.7844189,43.4880002],[123.7860533,43.4888857],[123.7915085,43.4873505],[123.7983771,43.4826919],[123.7988311,43.4799465],[123.8197171,43.4696225],[123.8277385,43.4717094],[123.8399977,43.4653386],[123.8427219,43.4681946],[123.8548831,43.4595238],[123.8510461,43.4566601],[123.8652144,43.4485723],[123.8574027,43.4394092],[123.8510461,43.4357826],[123.8476633,43.4302336],[123.8475651,43.421384],[123.8437814,43.412919],[123.8468384,43.4046591],[123.857168,43.3997931],[123.8605056,43.3938504],[123.8840332,43.3869591],[123.8951797,43.3779842],[123.8909703,43.3589766],[123.8955684,43.3568911],[123.9052494,43.3559202],[123.9088103,43.3581047],[123.912704,43.35663],[123.9161554,43.3580679],[123.9351002,43.349283],[123.9404566,43.3498586],[123.9466443,43.3439444],[123.9576788,43.3388115],[123.9556548,43.3365582],[123.9699696,43.3243764],[123.9861855,43.3065012],[123.9910449,43.3028357],[123.9955741,43.3018652],[124.0037291,43.2939119],[124.0051652,43.2944149],[124.0162721,43.2852847],[124.0271265,43.2785722],[124.0372615,43.2855072],[124.0500477,43.2869391],[124.0594736,43.2900632],[124.0916717,43.2902324],[124.0948978,43.2916356],[124.0969436,43.2884569],[124.0968649,43.2849917],[124.0925321,43.2787882],[124.099068,43.2804379],[124.1013105,43.2782611],[124.1058349,43.2784902],[124.1064644,43.2756546],[124.1110086,43.2745513],[124.1057837,43.2665756],[124.1108606,43.2607789],[124.1103986,43.2582081],[124.1083921,43.257062],[124.1087856,43.2511307],[124.1066611,43.2477779],[124.1081561,43.2473767],[124.1090684,43.2446215],[124.1443199,43.2502818],[124.1646769,43.2427987],[124.1871978,43.2416604],[124.2056037,43.2526702],[124.2170928,43.2390561],[124.2312193,43.2315711],[124.2450508,43.2360247],[124.2473782,43.2354194],[124.2456519,43.2315422],[124.2477267,43.2294766],[124.2505142,43.2314384],[124.251908,43.2306075],[124.2528653,43.2363154],[124.2555191,43.2366656],[124.2564694,43.2358348],[124.254252,43.2307229],[124.2566028,43.2289956],[124.2583542,43.2315076],[124.2605924,43.2282264],[124.2626642,43.2282143],[124.2672666,43.2313151],[124.2702012,43.2313691],[124.2711736,43.2264611],[124.2773284,43.2275724],[124.2771542,43.2255298],[124.2749215,43.224807],[124.2758396,43.221952],[124.2747074,43.2206201],[124.2766441,43.2183174],[124.2742997,43.214009],[124.2760367,43.2130761],[124.2766441,43.2099231],[124.2814347,43.2044253],[124.2778672,43.2036823],[124.2742997,43.2000416],[124.2758287,43.1975153],[124.2712418,43.1940228],[124.2747074,43.1903814],[124.2745036,43.1871115],[124.2761344,43.1866656],[124.2749113,43.1824293],[124.268082,43.176483],[124.2770178,43.1744732],[124.2725669,43.1709822],[124.277805,43.1686756],[124.2758946,43.1665933],[124.2791678,43.164887],[124.2783212,43.1633852],[124.2942778,43.1558897],[124.2866331,43.1519486],[124.2892833,43.1516512],[124.296928,43.14652],[124.3027379,43.1526179],[124.3231774,43.1409617],[124.3346204,43.1259132],[124.3418527,43.1224404],[124.3515765,43.1213752],[124.3595694,43.1188781],[124.3803059,43.1006176],[124.3827522,43.0962265],[124.3918748,43.089118],[124.4067464,43.082253],[124.4151146,43.0802221],[124.4139425,43.0791053],[124.4148089,43.077728],[124.4182233,43.0761178],[124.4192937,43.073633],[124.4162359,43.0720694],[124.4115973,43.0660759],[124.3385468,43.0046745],[124.3319384,43.0005056],[124.3272881,42.9945897],[124.3661804,42.9679947],[124.3942423,42.9683789],[124.4086786,42.9740496],[124.4161247,42.9733824],[124.416898,42.9698108],[124.4202276,42.9687125],[124.4217472,42.965043],[124.4269139,42.963375],[124.4358795,42.9560351],[124.4339323,42.9487753],[124.4353226,42.94674],[124.4360744,42.9391673],[124.4277506,42.9347139],[124.4257307,42.9282702],[124.4156313,42.9272137],[124.41289,42.9247839],[124.4085212,42.9236516],[124.4082731,42.9200296],[124.3985488,42.9181058],[124.3945668,42.91929],[124.3916894,42.9165159],[124.3924026,42.912739],[124.3823032,42.9083008],[124.3740794,42.9097802],[124.366908,42.9048826],[124.3659003,42.9027531],[124.359846,42.8995853],[124.3620083,42.8972621],[124.3604212,42.8893687],[124.3637381,42.8870181],[124.3628732,42.8802581],[124.3671977,42.8782511],[124.3744127,42.8777853],[124.3801691,42.8790205],[124.3926444,42.8781133],[124.3958823,42.876229],[124.3973108,42.8779039],[124.4086434,42.8769269],[124.4120718,42.8746239],[124.4147383,42.8756009],[124.4192356,42.8719129],[124.4281729,42.8782511],[124.435092,42.8746595],[124.4317766,42.8647287],[124.4402288,42.8627348],[124.4458791,42.8582908],[124.4435936,42.8559871],[124.4488313,42.8471902],[124.4479742,42.8388111],[124.4458851,42.8378674],[124.4475933,42.83511],[124.4476885,42.8311991],[124.4459744,42.8291039],[124.4454506,42.8238852],[124.4485456,42.8214208],[124.4591698,42.8200745]]]]}},{"type":"Feature","properties":{"land_bounds":[118.8484199999538,40.5973321,121.2962625,42.38532150669707],"id":"liaoning-chaoyang","names":{"en":"Chaoyang","zh-CN":"朝阳"},"osm_relation":2769829,"admin_level":5,"source":"https://www.openstreetmap.org/relation/2769829","license":"ODbL-1.0","attribution":"© OpenStreetMap contributors","simplification_degrees":0.0008},"geometry":{"type":"MultiPolygon","coordinates":[[[[120.9191882,41.522903],[120.9087229,41.5259807],[120.906961,41.5235741],[120.9008319,41.5214635],[120.9011284,41.517559],[120.8962499,41.5115997],[120.8971516,41.4984241],[120.8947707,41.4943692],[120.8954133,41.4907349],[120.8913136,41.4844391],[120.8932988,41.4812972],[120.8972598,41.4812264],[120.8997971,41.4792315],[120.8969858,41.4724122],[120.8922839,41.4695281],[120.887199,41.4704381],[120.8883813,41.4737693],[120.881866,41.4751473],[120.8801535,41.4735936],[120.8769726,41.4757647],[120.8722416,41.4743103],[120.8717494,41.4701796],[120.8736504,41.467472],[120.8724373,41.4626568],[120.874168,41.4604797],[120.872501,41.457965],[120.8733697,41.453741],[120.8710138,41.450185],[120.8733535,41.4476479],[120.8712815,41.4396394],[120.8740237,41.4367958],[120.8731268,41.434553],[120.8708186,41.433252],[120.8740797,41.4294005],[120.8747209,41.4266507],[120.8773523,41.4255089],[120.8768991,41.4237674],[120.8788578,41.4220619],[120.8787087,41.4197596],[120.8723385,41.4162555],[120.8695971,41.4172642],[120.8695062,41.4195948],[120.8656119,41.4194597],[120.8600132,41.4146614],[120.8556271,41.4137604],[120.8520151,41.4154861],[120.8475275,41.4210691],[120.8451168,41.4218587],[120.8427173,41.4193847],[120.8405179,41.4199845],[120.8379185,41.41871],[120.8384184,41.4175104],[120.8367188,41.4161609],[120.8378185,41.4136867],[120.8363189,41.4118122],[120.8382184,41.4028141],[120.8359114,41.4020416],[120.8309746,41.3964692],[120.8279209,41.3961396],[120.8263213,41.3990645],[120.8239218,41.3993645],[120.8181232,41.4073133],[120.8167236,41.4075383],[120.8172234,41.4109875],[120.8157238,41.4147364],[120.8137243,41.4153362],[120.8143241,41.4193847],[120.8096253,41.4232831],[120.8059262,41.4237329],[120.8060569,41.4227237],[120.802327,41.4219337],[120.8026269,41.4197596],[120.8006274,41.4196096],[120.7999276,41.4175104],[120.806626,41.4124121],[120.8061261,41.4102377],[120.8090254,41.4093379],[120.8111249,41.4058136],[120.8108018,41.4033272],[120.8017272,41.3994394],[120.7992278,41.3953897],[120.7967284,41.3938147],[120.7906298,41.3928397],[120.7871567,41.39409],[120.7850972,41.3934955],[120.783914,41.3904903],[120.7810893,41.3892937],[120.7800284,41.3855714],[120.7810321,41.3836888],[120.7749336,41.3770874],[120.7697348,41.3746118],[120.7680622,41.376056],[120.7649008,41.3745027],[120.7651231,41.3706475],[120.7629587,41.369741],[120.763022,41.3674763],[120.7693102,41.3659958],[120.7675393,41.3604529],[120.7650594,41.359542],[120.7646465,41.3560519],[120.7629555,41.3552655],[120.7609682,41.3561071],[120.7583641,41.3545722],[120.7531015,41.3550719],[120.7515664,41.3457204],[120.7471631,41.3406857],[120.7511998,41.334989],[120.745711,41.3278989],[120.7461203,41.3248438],[120.7428014,41.3222612],[120.7437714,41.3202502],[120.7423202,41.3171955],[120.7461948,41.3127315],[120.747666,41.3090527],[120.7456224,41.3083205],[120.7462346,41.3058969],[120.7489887,41.3029616],[120.7500871,41.2994909],[120.7437714,41.2958762],[120.7424543,41.29227],[120.7442509,41.2912691],[120.7431184,41.2894806],[120.7365536,41.2886429],[120.7337419,41.286399],[120.7317305,41.2863594],[120.7279937,41.2728155],[120.7295894,41.270329],[120.7333304,41.2686625],[120.7353049,41.269121],[120.7357233,41.271603],[120.73794,41.2712101],[120.7375885,41.2685711],[120.7409589,41.2682479],[120.7394459,41.2657033],[120.7478644,41.2661558],[120.7501226,41.2636993],[120.7505871,41.2595613],[120.7586231,41.2595475],[120.7610706,41.2575426],[120.759863,41.2566529],[120.7603344,41.255308],[120.7621645,41.255026],[120.7607071,41.2515169],[120.7636811,41.2500612],[120.764446,41.2468299],[120.7586187,41.2467376],[120.7551428,41.2441387],[120.7506332,41.2434128],[120.7487845,41.2406708],[120.7447089,41.2417716],[120.742296,41.2392741],[120.7380328,41.2399883],[120.7330454,41.2382643],[120.7311495,41.2346223],[120.725336,41.2290022],[120.7218143,41.2291386],[120.719253,41.2266671],[120.7154406,41.2263369],[120.7143818,41.222383],[120.7114638,41.2197828],[120.7143464,41.2177067],[120.723226,41.2183796],[120.7274635,41.2161513],[120.7307641,41.2160333],[120.7373761,41.2194066],[120.7425831,41.2159381],[120.7460807,41.211101],[120.7575323,41.2091559],[120.7639981,41.2019685],[120.7634954,41.1993483],[120.7598483,41.1967708],[120.7587803,41.192116],[120.7601484,41.190565],[120.7646678,41.1920709],[120.7663797,41.1914776],[120.7572968,41.1877906],[120.7532504,41.1901281],[120.7504577,41.1900852],[120.7411965,41.1961107],[120.7396007,41.1952101],[120.7389453,41.1926155],[120.7306272,41.1924963],[120.7274908,41.1882031],[120.7222372,41.1852623],[120.7137414,41.1848284],[120.7072808,41.1820035],[120.7022531,41.183358],[120.6931292,41.182365],[120.6923298,41.184146],[120.6941581,41.1896236],[120.6983428,41.1937004],[120.69609,41.1971275],[120.6840903,41.193255],[120.6806377,41.1902428],[120.6799747,41.1866578],[120.6719001,41.1842511],[120.6714388,41.1791679],[120.6673136,41.1788291],[120.6638111,41.1763976],[120.6589414,41.1759761],[120.6520399,41.1815283],[120.6393147,41.1836806],[120.6350521,41.1823398],[120.6346268,41.173859],[120.6312069,41.1670099],[120.6098615,41.1595915],[120.6064304,41.1537538],[120.6082163,41.1501298],[120.6071649,41.1482369],[120.6084716,41.1469204],[120.6081633,41.1417227],[120.6043326,41.1386576],[120.6052656,41.1369666],[120.60398,41.1350526],[120.6006481,41.1344608],[120.5983553,41.129436],[120.5978601,41.122185],[120.5966078,41.1208619],[120.5983319,41.1160719],[120.5959405,41.1135859],[120.5935135,41.1039626],[120.5444338,41.0937769],[120.5377733,41.0940474],[120.5322723,41.0908739],[120.5309678,41.0824014],[120.5323333,41.0693279],[120.5307618,41.0652124],[120.5222168,41.0604514],[120.5155563,41.0607224],[120.5022888,41.0662999],[120.4980928,41.0702249],[120.4957123,41.0745924],[120.4917983,41.0771369],[120.4806028,41.075266],[120.4716816,41.0759037],[120.468913,41.0730049],[120.4654522,41.0725411],[120.4624865,41.068768],[120.4624681,41.0658969],[120.4592424,41.0638855],[120.4586075,41.0614083],[120.4558389,41.0587408],[120.4513014,41.0565371],[120.4491589,41.0528363],[120.4489942,41.0498097],[120.4522242,41.0456917],[120.4505323,41.0449957],[120.4515834,41.0328546],[120.4495325,41.0324659],[120.451609,41.028811],[120.4503016,41.0202239],[120.4489942,41.0193536],[120.4502247,41.0183671],[120.4498319,41.0130834],[120.4521505,41.0125767],[120.4506092,41.006935],[120.4516859,41.0040332],[120.4533778,41.0030465],[120.4533778,40.9995641],[120.4512006,40.9973882],[120.4467639,40.9975325],[120.4459948,40.9963136],[120.4457527,40.9927123],[120.4482251,40.9914376],[120.4486865,40.9891736],[120.4448412,40.9860968],[120.4455334,40.9843552],[120.442313,40.9806071],[120.4408421,40.9815104],[120.4389776,40.9797485],[120.4391434,40.9758038],[120.4194338,40.9620094],[120.4133073,40.9544794],[120.4072263,40.9522169],[120.4008713,40.9513359],[120.3966523,40.9525034],[120.3876573,40.9614869],[120.3826063,40.9709089],[120.3762588,40.9716264],[120.3578798,40.9811174],[120.3499302,40.9829337],[120.3492755,40.9848437],[120.3457762,40.9863531],[120.3450115,40.9891953],[120.341814,40.98835],[120.3385105,40.9898568],[120.3382265,40.9934413],[120.333884,40.9949123],[120.3433699,40.9999042],[120.341478,41.0007249],[120.3347769,40.9991989],[120.3360044,41.0014576],[120.331122,41.0017577],[120.3328172,41.0006644],[120.3327157,40.9977011],[120.3294181,40.9937548],[120.3274724,40.9945907],[120.3273863,40.9967412],[120.3240892,40.9969063],[120.3233012,40.9994716],[120.3201058,40.9992759],[120.3179787,40.9977163],[120.3149008,40.9985992],[120.3127461,40.9924934],[120.3043756,40.9891491],[120.3007201,40.9861847],[120.2997918,40.9832077],[120.3006247,40.9749525],[120.298481,40.9715239],[120.2904186,40.9704858],[120.2849845,40.9712543],[120.2827129,40.9664142],[120.2851924,40.9626185],[120.2851199,40.9596561],[120.2798348,40.9511945],[120.276073,40.9494918],[120.2742774,40.9443238],[120.2726491,40.9430844],[120.2622102,40.9459219],[120.2583123,40.9440641],[120.2531035,40.9437416],[120.2540113,40.9421219],[120.2515014,40.9436189],[120.2507766,40.9458051],[120.2486218,40.9449958],[120.2472294,40.9460658],[120.2466009,40.9449747],[120.2454204,40.9472846],[120.2436425,40.9465239],[120.2452641,40.9484196],[120.2492619,40.9489255],[120.2492585,40.9519449],[120.2466324,40.9572872],[120.2399569,40.954557],[120.2335663,40.9493109],[120.2293146,40.9488371],[120.223765,40.9533166],[120.2169747,40.9535034],[120.2122436,40.9552121],[120.2027728,40.9452385],[120.2028104,40.9419713],[120.1975454,40.9360731],[120.1981178,40.9306796],[120.1911472,40.9217545],[120.1829886,40.9201793],[120.1787171,40.9215343],[120.1741086,40.9203857],[120.1676402,40.9227346],[120.1634487,40.9250998],[120.1627911,40.928099],[120.1612628,40.9290934],[120.1600773,40.9332457],[120.1609028,40.9349597],[120.1595942,40.9372194],[120.1611257,40.9418123],[120.1637756,40.9422578],[120.1655623,40.9451137],[120.1706624,40.9471255],[120.1671279,40.950487],[120.1679855,40.9533472],[120.1843005,40.955083],[120.1849273,40.9577988],[120.1888155,40.9618603],[120.1892747,40.9645148],[120.1875778,40.9669917],[120.1988267,40.9721683],[120.1972826,40.9751763],[120.1994226,40.9788466],[120.1970778,40.9842692],[120.19933,40.9895793],[120.1955119,40.9925586],[120.1935188,40.9991996],[120.1879438,41.0001391],[120.1828449,40.9991452],[120.1728648,41.0256077],[120.1680212,41.026311],[120.1646789,41.0254036],[120.1479169,41.0087111],[120.1436551,41.0057428],[120.1403213,41.0050613],[120.1367103,41.0096572],[120.1301391,41.0282468],[120.1217537,41.0459248],[120.1138239,41.0586588],[120.1047033,41.0596279],[120.1026213,41.0615008],[120.1038838,41.0626661],[120.1035681,41.0647153],[120.1059311,41.0659349],[120.1043549,41.0667936],[120.1044678,41.0680307],[120.1132889,41.0741855],[120.1111509,41.0763464],[120.1119441,41.0774589],[120.110444,41.0815217],[120.1087094,41.0801381],[120.106613,41.0820517],[120.106913,41.0851792],[120.1019505,41.0844275],[120.1022757,41.0854687],[120.099938,41.0858231],[120.1070171,41.0858446],[120.1056329,41.0873539],[120.103392,41.086535],[120.1017458,41.0876818],[120.0935062,41.0863302],[120.0810864,41.0900044],[120.0726955,41.0988786],[120.0669336,41.0976921],[120.0654428,41.0992447],[120.0563478,41.0997068],[120.0546368,41.0928628],[120.0525713,41.0921342],[120.0508293,41.0894074],[120.0458713,41.0911243],[120.0376516,41.085953],[120.0227928,41.0844415],[120.0164538,41.0790402],[120.0114388,41.0778505],[120.0098488,41.0793743],[120.0076145,41.0789537],[120.0056045,41.0771861],[119.9987793,41.075704],[119.9983015,41.0744082],[119.9952866,41.0736],[119.9939503,41.0745637],[119.9928686,41.0712581],[119.9881288,41.0668714],[119.9878302,41.0651855],[119.9901731,41.0614575],[119.9988246,41.0602333],[120.0006374,41.0582505],[120.0001255,41.0537898],[120.0039101,41.0466833],[120.0034552,41.0408836],[120.0068562,41.0403038],[120.0081297,41.037908],[120.0122566,41.0380215],[120.0138065,41.0351763],[120.0149757,41.0310643],[120.0128944,41.0256021],[120.016843,41.0183137],[120.0154632,41.0162005],[120.0155882,41.0136034],[120.0172786,41.0120707],[120.0164832,41.0092635],[120.0176483,41.0064255],[120.0214979,41.0041543],[120.0212548,41.0024225],[120.0238668,41.0011572],[120.0197026,40.9982935],[120.0175741,40.9939703],[120.0177988,40.9914148],[120.0101463,40.9881243],[120.0084825,40.9859392],[120.0105229,40.9826698],[120.0081613,40.979045],[120.0050315,40.9792763],[120.0017895,40.977031],[120.0000221,40.9667342],[119.9984908,40.965421],[120.0005889,40.9629307],[119.995461,40.956277],[119.9905468,40.9468668],[119.9742275,40.9315672],[119.9644972,40.926962],[119.9587758,40.9274436],[119.9542882,40.931988],[119.9504949,40.941537],[119.9462763,40.9456121],[119.9369971,40.9469362],[119.9332468,40.945495],[119.9270831,40.9361548],[119.9232549,40.9335761],[119.9115094,40.9304291],[119.907864,40.9262358],[119.9042788,40.9149602],[119.9014734,40.9138293],[119.902468,40.9086377],[119.8995401,40.9073357],[119.8910442,40.9112562],[119.8879594,40.9081542],[119.8892271,40.9119777],[119.8818393,40.9121207],[119.8761171,40.9101062],[119.8687319,40.9095214],[119.8661649,40.9110218],[119.8625177,40.9111158],[119.860093,40.9166866],[119.8532605,40.9231225],[119.8486999,40.924153],[119.8443775,40.927159],[119.8399358,40.9263157],[119.8383041,40.9278045],[119.8347179,40.9280556],[119.8290135,40.926808],[119.8273556,40.9285595],[119.8280004,40.931722],[119.8266153,40.934495],[119.8156563,40.9308354],[119.8130895,40.9280626],[119.8160586,40.9183111],[119.8146622,40.9164363],[119.8150703,40.9106829],[119.8180853,40.903983],[119.8157351,40.8983764],[119.8201976,40.8944959],[119.8204541,40.8898702],[119.8188962,40.8871576],[119.8203524,40.8847913],[119.8136375,40.8802418],[119.8099337,40.8706353],[119.7964414,40.868496],[119.794051,40.857057],[119.7893096,40.8528289],[119.7797046,40.854617],[119.7769939,40.8520944],[119.776705,40.8466006],[119.7735778,40.8444306],[119.7711076,40.8478369],[119.7655175,40.8498526],[119.7649932,40.8530836],[119.7592424,40.8564404],[119.7412159,40.8568973],[119.7378708,40.8646293],[119.7354162,40.8660834],[119.7325504,40.8638729],[119.7286769,40.8631185],[119.7275255,40.8607963],[119.7231035,40.8585143],[119.7092039,40.8596252],[119.7055411,40.8579099],[119.7036241,40.8518957],[119.6994074,40.8455757],[119.6994442,40.8391728],[119.6980423,40.8376484],[119.6955827,40.8374986],[119.6934662,40.8349913],[119.6890531,40.8340409],[119.6878846,40.8287394],[119.6894031,40.8224666],[119.7063655,40.8246308],[119.7051679,40.8169608],[119.7008216,40.8142068],[119.6995127,40.8117588],[119.6999124,40.8093701],[119.693126,40.8017556],[119.688138,40.8002876],[119.6854058,40.7973949],[119.6852851,40.7889308],[119.6784619,40.7789754],[119.6723163,40.7811075],[119.6662461,40.7801659],[119.6614539,40.7832466],[119.6584926,40.7864466],[119.6588997,40.7879665],[119.6546791,40.7920691],[119.6564338,40.7954423],[119.6537229,40.805882],[119.6498239,40.806855],[119.6492752,40.8109537],[119.6470311,40.8142879],[119.6422847,40.8149881],[119.6399056,40.8170941],[119.6353423,40.8235176],[119.6343709,40.8270521],[119.632193,40.8284459],[119.6026755,40.8388222],[119.5980295,40.8364078],[119.5977127,40.8343641],[119.5898283,40.8273239],[119.5796968,40.8208734],[119.5706633,40.8168949],[119.5670318,40.8168139],[119.5556563,40.8225364],[119.5433273,40.8317259],[119.5260882,40.8362565],[119.524361,40.8335184],[119.5219758,40.8324605],[119.5201663,40.8244321],[119.5205775,40.821569],[119.5241142,40.8181456],[119.5237853,40.811734],[119.5205775,40.8065047],[119.5140798,40.8023956],[119.5109543,40.7982863],[119.5091449,40.7951731],[119.5106253,40.7877629],[119.5042921,40.7812861],[119.5017545,40.7738561],[119.4964055,40.7703309],[119.496681,40.7670224],[119.4866085,40.7609797],[119.481655,40.759747],[119.4746679,40.7600083],[119.4711456,40.7563694],[119.4662107,40.7558087],[119.4623449,40.7529427],[119.4592195,40.7523196],[119.4530508,40.7466494],[119.4418693,40.7433008],[119.4374234,40.7397947],[119.4328996,40.7383613],[119.4325706,40.736554],[119.4274712,40.7328769],[119.4246747,40.73269],[119.424428,40.7285763],[119.4201129,40.7189662],[119.4170265,40.718527],[119.4158188,40.7166963],[119.4156463,40.714408],[119.4178028,40.7107465],[119.4173224,40.7069537],[119.4145099,40.7047121],[119.4106923,40.6968431],[119.4056848,40.6963349],[119.4045719,40.6948074],[119.405976,40.6928338],[119.403673,40.6899483],[119.4027964,40.6844949],[119.3908702,40.6798169],[119.3897187,40.6772595],[119.3816583,40.6753882],[119.376641,40.6796298],[119.3681714,40.6812668],[119.3574769,40.6741406],[119.3514727,40.6748891],[119.3397111,40.6694619],[119.3371613,40.6659059],[119.3401223,40.6631607],[119.3384773,40.6597916],[119.3332133,40.6586685],[119.3298411,40.6506815],[119.3221405,40.6489279],[119.3133912,40.6405715],[119.3138025,40.6355784],[119.3102658,40.6324575],[119.3099368,40.6292116],[119.2964879,40.627074],[119.2954946,40.6195508],[119.2896589,40.6164795],[119.2903105,40.6123986],[119.2875502,40.6114164],[119.2844448,40.6123332],[119.2845311,40.6106306],[119.2778891,40.6091899],[119.2714196,40.6051297],[119.2598607,40.6077492],[119.2613272,40.6099757],[119.2606371,40.6125296],[119.2522419,40.6197106],[119.2469337,40.6179747],[119.2444716,40.6152125],[119.2430734,40.610155],[119.2406881,40.6060963],[119.2366579,40.603661],[119.2357532,40.5982279],[119.2345509,40.5973321],[119.2325518,40.6003375],[119.2275499,40.6003956],[119.2229236,40.6054592],[119.2178336,40.6032243],[119.2121916,40.6068094],[119.2045872,40.6073681],[119.1967988,40.6049936],[119.1935368,40.6062168],[119.1914635,40.6103943],[119.1855149,40.6113254],[119.1816513,40.6134669],[119.1604887,40.6001471],[119.15436,40.5986929],[119.1510832,40.6023025],[119.1524447,40.6173043],[119.1474651,40.6191457],[119.1479758,40.6229254],[119.1381293,40.6318893],[119.1394211,40.6342632],[119.1454222,40.6366856],[119.1500188,40.6455991],[119.1588289,40.6475366],[119.1678943,40.6528647],[119.1712832,40.6594109],[119.1824501,40.6646816],[119.187892,40.6650115],[119.193768,40.6713997],[119.1847484,40.6802729],[119.1777032,40.6792265],[119.1746615,40.6855983],[119.1698685,40.6885643],[119.1578074,40.6933436],[119.1517893,40.6928841],[119.1440177,40.6837587],[119.1369951,40.6832746],[119.1305031,40.6804611],[119.1028366,40.6629334],[119.0850502,40.6656915],[119.0845711,40.6693496],[119.0785197,40.6744359],[119.0637054,40.6678777],[119.0588534,40.6622603],[119.0483544,40.663053],[119.0442976,40.6770775],[119.0210594,40.6906329],[119.0137815,40.6899552],[119.0065036,40.6856952],[119.0006302,40.6887934],[118.9951398,40.6945053],[118.9927139,40.6944085],[118.9862021,40.6980871],[118.980665,40.6963856],[118.9800733,40.7005072],[118.974966,40.7059277],[118.9702931,40.707662],[118.9550475,40.7190901],[118.9542814,40.7265412],[118.9475018,40.7422958],[118.9433007,40.746181],[118.9307878,40.7490829],[118.9233822,40.7498568],[118.9205732,40.7488895],[118.9135507,40.7526618],[118.9023109,40.754981],[118.8900169,40.7523127],[118.8889956,40.7551781],[118.891401,40.757668],[118.8963092,40.7591427],[118.8970796,40.7653315],[118.9010378,40.7676523],[118.9021869,40.7700699],[118.9015485,40.7746145],[118.904996,40.7752914],[118.8960582,40.779739],[118.8872222,40.7761615],[118.8732762,40.7805335],[118.8700557,40.7886565],[118.859924,40.7924035],[118.8549444,40.8014895],[118.8435391,40.7993489],[118.8398779,40.8126036],[118.8399295,40.8208431],[118.844963,40.8226265],[118.8465174,40.8255517],[118.8461343,40.8309621],[118.8483049,40.8321214],[118.8502202,40.8367584],[118.8484706,40.8391035],[118.8670742,40.8468042],[118.8674686,40.8492479],[118.8659072,40.8504829],[118.8674052,40.8553941],[118.8757149,40.8613871],[118.8749906,40.8645738],[118.8790764,40.8717189],[118.8785091,40.8789782],[118.8811193,40.8808906],[118.8828287,40.8852007],[118.8848257,40.8999119],[118.8800216,40.92272],[118.8884265,40.9240438],[118.8877843,40.9291459],[118.8937896,40.9417729],[118.8920141,40.9448557],[118.8942844,40.945885],[118.8929524,40.9483404],[118.8961293,40.9601368],[118.9086988,40.9643426],[118.910405,40.968324],[118.9220208,40.9618775],[118.9242093,40.9635887],[118.9330999,40.9612876],[118.9324181,40.9577206],[118.9494295,40.9560503],[118.9545368,40.9576896],[118.959261,40.9572074],[118.9656452,40.9586538],[118.9676323,40.955821],[118.9722226,40.9578939],[118.9719016,40.9601001],[118.9821162,40.964439],[118.9944344,40.9653681],[118.9986054,40.9783835],[118.9987571,40.9829908],[119.008777,40.9899949],[119.0141068,40.9960785],[119.0113555,41.002512],[119.0072403,41.0058365],[118.9459229,41.0167923],[118.9351152,41.0252846],[118.9332138,41.032473],[118.9296387,41.0359403],[118.9334692,41.0431632],[118.9306429,41.0511319],[118.9345391,41.0516969],[118.9406326,41.0568377],[118.9430402,41.0631838],[118.9516583,41.0685066],[118.9583673,41.0772446],[118.963292,41.075078],[118.9699732,41.0742225],[118.9730508,41.0760896],[118.9798135,41.0757917],[118.9823027,41.0730067],[118.994381,41.0688633],[119.0142922,41.0658861],[119.0231023,41.0686778],[119.0237569,41.0674842],[119.0205487,41.0647309],[119.0212002,41.0614842],[119.0278266,41.0635756],[119.0325508,41.0671375],[119.0356303,41.0739745],[119.0398178,41.0775986],[119.044553,41.0785921],[119.0474897,41.0764746],[119.0547676,41.0757046],[119.0672836,41.0822334],[119.0713663,41.0860028],[119.0740424,41.0930168],[119.0726431,41.1095767],[119.0746765,41.1294022],[119.0812798,41.1343632],[119.0962644,41.1367965],[119.1119694,41.1354502],[119.119873,41.1365891],[119.1320146,41.1456445],[119.152317,41.1669847],[119.1691711,41.1771725],[119.1733944,41.1780412],[119.1824799,41.1961746],[119.1792581,41.2023468],[119.1735137,41.2039864],[119.1680105,41.2071677],[119.1661068,41.2101278],[119.1562938,41.2143783],[119.1571179,41.2177988],[119.164325,41.2213228],[119.1978514,41.2203888],[119.2034073,41.2238045],[119.2045566,41.2271132],[119.2038116,41.2426141],[119.2097718,41.2435478],[119.212752,41.2534438],[119.2224374,41.2538172],[119.2276526,41.2560577],[119.2310936,41.2603663],[119.2287653,41.2623631],[119.233126,41.2652467],[119.2344188,41.2645295],[119.2421077,41.2741554],[119.2432982,41.2816301],[119.2343578,41.2989839],[119.2331085,41.3125114],[119.2402267,41.322403],[119.2640507,41.3207839],[119.2930504,41.3261691],[119.2987136,41.3401745],[119.3054493,41.3466286],[119.3079916,41.3461701],[119.30973,41.3398308],[119.3078054,41.3320458],[119.309288,41.3291664],[119.3135173,41.3255653],[119.3198471,41.327301],[119.3239633,41.3391377],[119.3201604,41.3528349],[119.3151936,41.3586137],[119.3135941,41.3641376],[119.3235131,41.3697038],[119.324879,41.3749686],[119.3233268,41.3793012],[119.3242035,41.3829994],[119.3180495,41.390807],[119.3045295,41.3931634],[119.2999385,41.3967341],[119.2983146,41.4012856],[119.3091819,41.4016507],[119.313835,41.4050298],[119.3424301,41.408844],[119.3569809,41.4169217],[119.3625273,41.417804],[119.3713391,41.4225748],[119.3637043,41.4323803],[119.3714828,41.4575119],[119.3838724,41.4657437],[119.394928,41.4701805],[119.396982,41.4736778],[119.3983765,41.4854126],[119.3911873,41.5013142],[119.3993826,41.5007422],[119.3984106,41.5068517],[119.3884555,41.5189813],[119.3768759,41.5194692],[119.3770317,41.5284637],[119.3559947,41.5433713],[119.3603184,41.5467944],[119.3569231,41.5515276],[119.3623561,41.5532027],[119.3538716,41.5631062],[119.3556276,41.5642887],[119.3710809,41.5624492],[119.3814416,41.5653398],[119.3854805,41.561398],[119.3940852,41.5608724],[119.3968949,41.5636317],[119.4084848,41.5590329],[119.4141042,41.5659967],[119.409245,41.5732988],[119.4040919,41.5778272],[119.413386,41.5793575],[119.4093628,41.5876718],[119.3968901,41.591328],[119.391147,41.5950554],[119.3798466,41.5961122],[119.3758906,41.6008436],[119.3728619,41.6025873],[119.3653121,41.6034359],[119.3626354,41.6062598],[119.3536398,41.6063676],[119.3407564,41.6125864],[119.3334127,41.6138534],[119.3334127,41.6151556],[119.3358371,41.6166337],[119.3313178,41.6223348],[119.3316003,41.6237249],[119.3278108,41.6285281],[119.32388,41.63078],[119.3246096,41.6335948],[119.3186039,41.6374309],[119.3215733,41.6405082],[119.314241,41.6426792],[119.3092655,41.637698],[119.3063864,41.6385836],[119.3058276,41.6420635],[119.3030959,41.6458216],[119.3057655,41.6502754],[119.3046829,41.6531625],[119.3100621,41.6542396],[119.3111871,41.6556844],[119.3094644,41.6571029],[119.3116793,41.6595457],[119.3118551,41.6618046],[119.3076337,41.6634065],[119.3081122,41.6651496],[119.3055508,41.6708083],[119.3073353,41.6740813],[119.3079228,41.6806462],[119.2982394,41.6911837],[119.2997053,41.695066],[119.2938531,41.7023308],[119.2932574,41.7085548],[119.3023627,41.7196567],[119.3064759,41.722457],[119.3096424,41.7223926],[119.3132639,41.7261942],[119.3111252,41.733361],[119.3064291,41.7387847],[119.3036811,41.7397949],[119.2974975,41.7381485],[119.2941488,41.740712],[119.3007463,41.7465452],[119.3057674,41.748638],[119.3064452,41.7536904],[119.3114948,41.7618557],[119.3086443,41.7650824],[119.3023788,41.7667807],[119.2977492,41.7695844],[119.2934163,41.7696856],[119.2901253,41.7718055],[119.2863542,41.7760251],[119.2836774,41.782791],[119.2871747,41.7899629],[119.2905703,41.7916966],[119.2920893,41.7947352],[119.2958732,41.7975086],[119.3007527,41.7989845],[119.3096301,41.8066099],[119.3091967,41.8110575],[119.3109105,41.8139453],[119.3103197,41.8182547],[119.3123529,41.8221955],[119.3116806,41.8246587],[119.313313,41.830487],[119.3099255,41.83307],[119.3127553,41.8366267],[119.3155473,41.8439258],[119.3204237,41.8470929],[119.3197792,41.850512],[119.3222872,41.8566438],[119.3223642,41.8616493],[119.3287141,41.8663607],[119.3259917,41.8732592],[119.3208869,41.8770554],[119.320805,41.884099],[119.318526,41.8868571],[119.3188984,41.8905863],[119.3269601,41.898729],[119.3261664,41.9043192],[119.3278523,41.908062],[119.3252037,41.9123405],[119.325604,41.9184766],[119.3269599,41.9209989],[119.3262936,41.9254273],[119.3228332,41.9314802],[119.3189829,41.934018],[119.3179354,41.9376008],[119.3241172,41.9501841],[119.3203527,41.9587421],[119.3216692,41.9626853],[119.3191994,41.9692639],[119.3238344,41.9754686],[119.3280716,41.9771365],[119.329326,41.980044],[119.3381234,41.9831258],[119.3486364,41.9920347],[119.3517872,42.0001185],[119.3557276,42.0017804],[119.3584778,42.0050369],[119.3577919,42.0090195],[119.3621309,42.0125316],[119.3628367,42.0161035],[119.367954,42.0195997],[119.3686496,42.0267688],[119.3705047,42.0281302],[119.3703643,42.0314201],[119.3732698,42.0391267],[119.3725882,42.0408594],[119.3770343,42.0459986],[119.3780082,42.0489434],[119.3778147,42.0518818],[119.3739069,42.056752],[119.3742482,42.0601236],[119.3719278,42.0635489],[119.3712738,42.0679463],[119.3717936,42.0711557],[119.3747325,42.0730467],[119.3748874,42.0785673],[119.3779828,42.0897466],[119.3753736,42.0920838],[119.3719536,42.092794],[119.3684387,42.1018043],[119.359935,42.1060074],[119.3554537,42.1068303],[119.3416955,42.1169295],[119.3196375,42.1143436],[119.3131046,42.1158076],[119.3047033,42.1196736],[119.3005362,42.1241359],[119.2967795,42.1359575],[119.2987223,42.1405],[119.3016953,42.1422826],[119.3015701,42.1455698],[119.2946889,42.1486661],[119.2860077,42.1488138],[119.2823205,42.1503425],[119.2800588,42.1533459],[119.2811914,42.1578353],[119.2780285,42.1614402],[119.2792672,42.1642432],[119.2702613,42.1707449],[119.2697677,42.1730356],[119.2711256,42.1757014],[119.2680711,42.1816403],[119.2626708,42.1867063],[119.2606179,42.1870997],[119.2576092,42.1873144],[119.2560159,42.1858829],[119.2416103,42.1861097],[119.2381322,42.1948793],[119.2315831,42.1983661],[119.2438524,42.2065284],[119.2458149,42.2160701],[119.2475506,42.2190595],[119.2506277,42.2201989],[119.2617337,42.2290359],[119.2621402,42.2329494],[119.2693158,42.2384626],[119.2716246,42.2431883],[119.2723034,42.248715],[119.2708117,42.2555178],[119.279462,42.263522],[119.2921826,42.2670273],[119.2970272,42.2675252],[119.2988032,42.2659076],[119.3224448,42.2804097],[119.3289648,42.2862265],[119.3363337,42.295997],[119.3401652,42.2971306],[119.3417936,42.2990435],[119.3572681,42.3010905],[119.3674382,42.2961212],[119.3727301,42.2996084],[119.385368,42.3047782],[119.4093176,42.3070845],[119.4159928,42.3136691],[119.4271022,42.3134687],[119.4316364,42.3254553],[119.436315,42.3302975],[119.4497451,42.3308286],[119.454366,42.3352718],[119.4708671,42.3420001],[119.4823393,42.349795],[119.4846127,42.3572854],[119.4904253,42.3689235],[119.4951048,42.3853671],[119.4956074,42.3910284],[119.4975046,42.3948944],[119.4979948,42.387873],[119.5028325,42.3868521],[119.5100305,42.3806983],[119.5106832,42.3738504],[119.5130856,42.3712178],[119.5191618,42.3719386],[119.5215339,42.3697754],[119.5266963,42.3687513],[119.5352312,42.3621955],[119.5384827,42.3644191],[119.5660816,42.3574625],[119.5644408,42.334009],[119.5608104,42.3316877],[119.5613912,42.3279151],[119.5573568,42.3253226],[119.5464013,42.3228214],[119.5506701,42.3166294],[119.5376798,42.3051247],[119.5377377,42.3021837],[119.5339241,42.2954536],[119.5335158,42.2907948],[119.5367947,42.2902065],[119.5463317,42.2930293],[119.5485255,42.2875654],[119.5537834,42.2873293],[119.564981,42.2959051],[119.5688628,42.2907972],[119.5622965,42.2826601],[119.5674435,42.2789932],[119.5764133,42.2837625],[119.5772918,42.2775312],[119.5816337,42.275674],[119.5840597,42.2774838],[119.6025225,42.2755248],[119.6000391,42.2730372],[119.6080188,42.263508],[119.6082735,42.2539412],[119.6109989,42.2511011],[119.61758,42.2512849],[119.6201876,42.2537665],[119.6241611,42.2495385],[119.6288561,42.2489333],[119.6362143,42.2384037],[119.6436561,42.2376804],[119.6506702,42.2393002],[119.6562632,42.2378471],[119.6664213,42.2395909],[119.6688629,42.2363014],[119.6719672,42.2392432],[119.673571,42.2391885],[119.677598,42.2371097],[119.6774308,42.2339111],[119.6891029,42.2295899],[119.6922072,42.2250844],[119.6966429,42.2261451],[119.6974224,42.2207626],[119.7140522,42.2273948],[119.7157998,42.2244408],[119.7135647,42.2181878],[119.7275522,42.2199486],[119.7308246,42.2169923],[119.7346376,42.2163726],[119.7371573,42.2100948],[119.7514371,42.2122101],[119.753795,42.211329],[119.7607961,42.2120843],[119.7577716,42.2094537],[119.7634396,42.2081347],[119.7705595,42.2107386],[119.7761263,42.2085271],[119.7828254,42.2091048],[119.7853359,42.2133137],[119.7996527,42.2107554],[119.8400956,42.2134057],[119.846962,42.2077904],[119.85009,42.174305],[119.8446861,42.1620616],[119.8366975,42.1520167],[119.8318405,42.1332054],[119.8337649,42.1260724],[119.8363037,42.1015091],[119.8392271,42.0949717],[119.8555675,42.086712],[119.8696976,42.0758247],[119.8768067,42.0641181],[119.8790665,42.0499306],[119.8836053,42.0471246],[119.8915946,42.0448947],[119.8933969,42.0366079],[119.8919067,42.0259895],[119.9206772,42.0066032],[119.9265515,41.9904348],[119.9233305,41.9821693],[119.9291465,41.9823944],[119.9494817,41.9739597],[119.9541358,41.9664978],[119.9557734,41.9507562],[119.9504067,41.9305027],[119.9486923,41.9183731],[119.9564604,41.9172046],[119.9861893,41.897884],[119.9894329,41.8922234],[119.9857234,41.8729348],[119.9894054,41.8655668],[119.9997595,41.8608737],[120.0056562,41.851177],[120.0119934,41.8264351],[120.0175054,41.8143467],[120.030937,41.8177673],[120.0356529,41.8167779],[120.0387668,41.806244],[120.0381881,41.8030768],[120.0394433,41.8020083],[120.0362572,41.7945164],[120.0373303,41.7852509],[120.0287021,41.7821017],[120.0299291,41.7810152],[120.0260655,41.7786512],[120.0278585,41.777012],[120.0343531,41.7764764],[120.0367466,41.7721219],[120.0456509,41.7733772],[120.0413559,41.7680896],[120.0384469,41.767528],[120.0375214,41.7629415],[120.0313492,41.7617645],[120.0305948,41.752073],[120.026018,41.7518431],[120.0256345,41.7489251],[120.0257879,41.7476092],[120.0300825,41.7454921],[120.0188091,41.7366225],[120.0198061,41.7321587],[120.0302069,41.7231696],[120.0290399,41.7117518],[120.0695007,41.6985421],[120.0741638,41.6980397],[120.0806836,41.6937451],[120.0864678,41.6962559],[120.0949222,41.6963139],[120.0986246,41.6998917],[120.1015331,41.7051002],[120.1046794,41.7057422],[120.1080518,41.7107239],[120.1255195,41.7194351],[120.1266874,41.7229742],[120.1331635,41.7260056],[120.127332,41.7355014],[120.1253299,41.7415764],[120.1232505,41.7702286],[120.1307215,41.7762018],[120.1360435,41.7777985],[120.1408481,41.7869105],[120.1442423,41.7902707],[120.1512986,41.7909604],[120.1545289,41.7953269],[120.1538937,41.7984483],[120.155577,41.8047002],[120.1723022,41.8180428],[120.1794687,41.8217727],[120.1830205,41.8444389],[120.1877113,41.8470654],[120.2151566,41.8541183],[120.2449024,41.881911],[120.2514296,41.8824393],[120.2724299,41.8806433],[120.2819369,41.8776852],[120.285768,41.88339],[120.2942817,41.8853972],[120.2883221,41.8898338],[120.2863356,41.8940589],[120.2799503,41.8970163],[120.2748421,41.8979668],[120.2684569,41.8963826],[120.2545512,41.9012409],[120.2541256,41.9026138],[120.2643226,41.9061633],[120.2611831,41.9127117],[120.2636371,41.9189431],[120.2668323,41.9205734],[120.266454,41.9234036],[120.2706671,41.9234161],[120.2740711,41.9192904],[120.2753629,41.9141644],[120.2850262,41.9167166],[120.2777884,41.9185056],[120.2741504,41.9240762],[120.2759548,41.9244425],[120.2798776,41.9285172],[120.2812484,41.93264],[120.2909447,41.9344467],[120.2933531,41.9303683],[120.2992308,41.9324235],[120.2983406,41.9292647],[120.3002262,41.9292288],[120.2995961,41.9263072],[120.2970542,41.9234139],[120.2929449,41.9216389],[120.2936203,41.9204016],[120.3020876,41.9248517],[120.3060868,41.9311679],[120.3118321,41.9316597],[120.3117721,41.9362384],[120.3047413,41.9393629],[120.305497,41.9435984],[120.3036692,41.947169],[120.3040117,41.9493408],[120.3087103,41.9537622],[120.3293875,41.9630105],[120.3282222,41.9657127],[120.3307204,41.9689726],[120.327046,41.9768779],[120.3314298,41.9778857],[120.3364953,41.9757245],[120.3405435,41.9756501],[120.3477489,41.9785445],[120.3523942,41.9840176],[120.3580935,41.9848608],[120.3612549,41.9875146],[120.36378,41.9879701],[120.3639196,41.9908291],[120.3677431,41.9923667],[120.3852253,41.9845174],[120.3937304,41.9824328],[120.4053447,41.9817485],[120.41593,41.9835012],[120.4140724,41.9897636],[120.4051462,41.9943947],[120.4167558,41.9988566],[120.4225154,42.0053886],[120.4343115,42.0040188],[120.4402865,42.0088835],[120.4445571,42.0093831],[120.450591,42.0130959],[120.4458933,42.0209483],[120.4480322,42.0283249],[120.4468028,42.0310759],[120.4473687,42.0356734],[120.4455976,42.0395565],[120.4462953,42.0414387],[120.4437139,42.0485381],[120.4448549,42.0546193],[120.4599089,42.056133],[120.4612732,42.0588093],[120.4773033,42.0613558],[120.4819229,42.0634416],[120.486092,42.0665653],[120.487873,42.0707487],[120.4771907,42.0837674],[120.4827645,42.0834774],[120.4860531,42.0853769],[120.489332,42.0851719],[120.4933228,42.0890662],[120.4869785,42.0934679],[120.4822955,42.0934482],[120.4780336,42.0898382],[120.4745229,42.0888565],[120.4683681,42.0918229],[120.4637934,42.0955165],[120.4610937,42.1030946],[120.4670052,42.1081076],[120.4763021,42.1135547],[120.4892882,42.1178342],[120.5196615,42.1334722],[120.5308073,42.1382161],[120.5456424,42.1413325],[120.5546267,42.1456337],[120.5623872,42.1499392],[120.5701997,42.1583724],[120.5789149,42.165191],[120.5973351,42.1595703],[120.6046875,42.1560764],[120.6194358,42.1525391],[120.6293663,42.157283],[120.6455382,42.1679427],[120.6628993,42.1749219],[120.6837153,42.1857769],[120.6912587,42.1960286],[120.7166406,42.2015668],[120.7282118,42.2124826],[120.7326215,42.2186372],[120.7397656,42.2213281],[120.7638021,42.2195313],[120.7723958,42.2169401],[120.7850434,42.2163759],[120.7987326,42.2235981],[120.815434,42.2259766],[120.8210142,42.2289152],[120.8178459,42.2286517],[120.8223964,42.233131],[120.8185421,42.2371271],[120.8183986,42.2390724],[120.8221037,42.2442383],[120.8242691,42.2505314],[120.829938,42.2455265],[120.8406191,42.2488869],[120.8440528,42.2461897],[120.8525885,42.2533577],[120.8550156,42.2523454],[120.8533812,42.2492296],[120.854122,42.2483767],[120.857615,42.2474137],[120.8627796,42.2496404],[120.8760677,42.2415451],[120.8826736,42.2402561],[120.8850174,42.2427821],[120.8809462,42.2439366],[120.8820052,42.2462413],[120.8845761,42.2470028],[120.8871949,42.2521946],[120.8836652,42.2512844],[120.884986,42.2547903],[120.8811376,42.2570656],[120.8811603,42.2607229],[120.8770288,42.2640464],[120.878326,42.2651086],[120.8779199,42.2677904],[120.8803441,42.2654446],[120.8818071,42.2673861],[120.8806468,42.2690288],[120.8825135,42.2696634],[120.8852883,42.2697381],[120.8933728,42.2659753],[120.9000796,42.2660281],[120.9070319,42.2699694],[120.9255844,42.2727711],[120.9277754,42.2779104],[120.9486581,42.2738495],[120.9530756,42.2717694],[120.9554852,42.2687977],[120.9549497,42.2657268],[120.9562884,42.2638446],[120.9611074,42.2638446],[120.9657927,42.2595846],[120.9718165,42.2612688],[120.978242,42.2594855],[120.9862738,42.2622595],[120.9971167,42.2579994],[121.0031405,42.258792],[121.0059517,42.2573059],[121.0050146,42.2543335],[121.0008635,42.2524205],[121.0067549,42.2476947],[121.0227494,42.2402705],[121.0275096,42.2348314],[121.0416563,42.2274779],[121.0500868,42.2168424],[121.0518568,42.2055549],[121.0444965,42.1923806],[121.0451738,42.1901129],[121.0547486,42.1827242],[121.0551978,42.181478],[121.0514078,42.1808833],[121.0506498,42.1795947],[121.0548536,42.1756475],[121.0545735,42.1731511],[121.0555545,42.1720276],[121.0596566,42.1727216],[121.0607267,42.1717632],[121.0547965,42.1654511],[121.0551943,42.1640868],[121.0590099,42.1626618],[121.0614595,42.1599915],[121.0613865,42.1545445],[121.0650619,42.1530483],[121.0670792,42.1503242],[121.0643046,42.1418562],[121.0658544,42.1395335],[121.0724107,42.1365417],[121.0742119,42.1314125],[121.0718343,42.1290081],[121.0742839,42.1274585],[121.0751485,42.1222752],[121.0796874,42.118481],[121.0791111,42.1166105],[121.0749323,42.1133504],[121.0750044,42.1103039],[121.0774615,42.106619],[121.0689524,42.1021792],[121.07133,42.0985976],[121.0697034,42.0894152],[121.0626587,42.0851179],[121.0655668,42.0832519],[121.0658601,42.0786625],[121.0627985,42.0723728],[121.0523816,42.0717559],[121.046154,42.0657896],[121.0440962,42.0619146],[121.0394852,42.0592936],[121.0381073,42.0536567],[121.0387573,42.0491944],[121.0421218,42.0382539],[121.0469898,42.0289344],[121.0491713,42.0161439],[121.0449068,42.0027999],[121.0410768,41.9963339],[121.0389328,41.9962999],[121.0384368,41.9914819],[121.0336838,41.9854584],[121.0358808,41.9778329],[121.0434917,41.973633],[121.0504541,41.9758007],[121.0599569,41.9759219],[121.0602916,41.9745286],[121.0615545,41.9760992],[121.0671855,41.9764195],[121.0705991,41.9753746],[121.073609,41.9715668],[121.0772253,41.9708961],[121.0822452,41.9675619],[121.0896077,41.9662182],[121.0991133,41.9625509],[121.1098783,41.9631194],[121.1164168,41.9669419],[121.1377333,41.9719734],[121.1442408,41.9746479],[121.1574708,41.9751854],[121.1864163,41.9638444],[121.1941833,41.9532049],[121.1949768,41.9474639],[121.2025528,41.9285774],[121.2038268,41.9173279],[121.2074128,41.9126969],[121.2125623,41.9098854],[121.2217333,41.9074819],[121.2329483,41.9013864],[121.2439268,41.8980409],[121.2580033,41.8960304],[121.2869718,41.8876419],[121.2932663,41.8818284],[121.2962625,41.8635792],[121.2882405,41.8551882],[121.2843813,41.8534828],[121.280804,41.8471338],[121.2770185,41.8359777],[121.2797136,41.833844],[121.2720303,41.8352171],[121.2738854,41.8318925],[121.2733846,41.8280516],[121.2720079,41.8273826],[121.272786,41.8258214],[121.2716923,41.8245384],[121.2676689,41.8240496],[121.2628494,41.8185279],[121.2641064,41.8113898],[121.2626466,41.8086415],[121.2648314,41.8069532],[121.2641753,41.8053757],[121.2671821,41.8013077],[121.2613403,41.7999534],[121.2575082,41.795325],[121.2575591,41.7901478],[121.2525118,41.785127],[121.2536848,41.782861],[121.2505884,41.7765635],[121.2557593,41.772274],[121.254768,41.7702234],[121.2509204,41.76873],[121.2443545,41.7694746],[121.2422803,41.7684872],[121.2415026,41.7647492],[121.2370507,41.7661254],[121.2212189,41.76103],[121.2177773,41.7549228],[121.2210176,41.7534554],[121.2219891,41.7512515],[121.2118704,41.7419458],[121.2103866,41.7378001],[121.2146129,41.7318621],[121.2139442,41.7294576],[121.2167153,41.72838],[121.2166706,41.7253952],[121.2234202,41.7245124],[121.2242576,41.7205486],[121.2280606,41.719025],[121.2261075,41.7126792],[121.2232016,41.7112857],[121.2208397,41.7054052],[121.2242809,41.7033917],[121.2243643,41.7007712],[121.2224136,41.6972268],[121.2180161,41.6973883],[121.2123662,41.6877789],[121.2153569,41.6857769],[121.2179373,41.6869757],[121.2214248,41.6862415],[121.2220177,41.6849943],[121.2202528,41.6833507],[121.2213774,41.6814832],[121.2189681,41.6758526],[121.2105669,41.6755675],[121.2071083,41.6739291],[121.2049854,41.6757318],[121.2012327,41.6732745],[121.1982007,41.6741085],[121.1964405,41.6713912],[121.1957939,41.6739357],[121.1937185,41.6744841],[121.1928929,41.6733809],[121.1919818,41.6748381],[121.1886104,41.6757811],[121.1859559,41.6725779],[121.1759638,41.6671995],[121.1721626,41.6621713],[121.1703171,41.6637826],[121.1717869,41.6687454],[121.1682784,41.6715524],[121.166115,41.66705],[121.1614576,41.664675],[121.154218,41.6688082],[121.1500192,41.6684641],[121.1479111,41.6666339],[121.1483222,41.6647319],[121.138312,41.6590994],[121.1412266,41.6562603],[121.1398483,41.6549975],[121.1395994,41.650616],[121.1414021,41.6469564],[121.1369315,41.6449213],[121.1331673,41.6458589],[121.1307059,41.6439193],[121.1289083,41.6442291],[121.1262261,41.6414137],[121.1241035,41.6415944],[121.1224381,41.6383145],[121.1172872,41.6378191],[121.1164688,41.6358679],[121.1195062,41.6300236],[121.1135188,41.6274798],[121.1120261,41.6254024],[121.1122006,41.6229281],[121.1085582,41.6203678],[121.1082944,41.6175754],[121.1055487,41.6170856],[121.1034039,41.6203132],[121.0996218,41.6218594],[121.0944939,41.616373],[121.0877725,41.6136309],[121.0717253,41.6152609],[121.0716597,41.6129746],[121.0696925,41.6114903],[121.0656614,41.6130525],[121.0654355,41.6160451],[121.0612799,41.6159896],[121.0665205,41.6216472],[121.0657139,41.6238408],[121.0617304,41.6272422],[121.0565965,41.6243266],[121.0565913,41.6186441],[121.0551631,41.6188617],[121.0550959,41.6215082],[121.0504218,41.6238938],[121.0478597,41.6216987],[121.0443786,41.6217314],[121.0438556,41.6190902],[121.0467301,41.6144909],[121.045857,41.6135451],[121.044734,41.6173336],[121.044904,41.6138541],[121.0425036,41.6151143],[121.0437512,41.6174189],[121.0408933,41.6198339],[121.0426393,41.6136154],[121.0393266,41.6122166],[121.0373429,41.6091992],[121.0318067,41.6096903],[121.0285253,41.6072696],[121.028397,41.6058494],[121.0249823,41.605015],[121.0256761,41.6086531],[121.0207636,41.6078172],[121.0203814,41.6053109],[121.009026,41.6062941],[121.0114033,41.6040286],[121.0142606,41.6033593],[121.0114347,41.6003615],[121.010155,41.6004403],[121.0080324,41.6041336],[120.9996092,41.6024517],[120.9917663,41.5938938],[120.9892029,41.5944183],[120.9889109,41.5966796],[120.9872068,41.5974934],[120.9835154,41.5944202],[120.978766,41.5983448],[120.9752757,41.5987506],[120.9739052,41.5967259],[120.9706933,41.5973295],[120.9685946,41.5933522],[120.9709384,41.5890822],[120.9691245,41.5867786],[120.9684307,41.58159],[120.9720993,41.578832],[120.97367,41.5735482],[120.9700021,41.5720527],[120.9763916,41.5645964],[120.9665176,41.5585131],[120.9652695,41.5549225],[120.9607632,41.5544699],[120.9610097,41.5518111],[120.9522246,41.5463931],[120.9529149,41.5431058],[120.9511024,41.5430337],[120.95207,41.5393039],[120.9451995,41.5395007],[120.9426304,41.5373212],[120.938245,41.5375996],[120.9349315,41.5356074],[120.9347123,41.5331516],[120.929547,41.5284404],[120.9209692,41.5291442],[120.9191882,41.522903]]]]}},{"type":"Feature","properties":{"land_bounds":[121.4798703,40.680121,123.062804,41.9365451],"id":"liaoning-panjin","names":{"en":"Panjin","zh-CN":"盘锦"},"osm_relation":2771970,"admin_level":5,"source":"https://www.openstreetmap.org/relation/2771970","license":"ODbL-1.0","attribution":"© OpenStreetMap contributors","simplification_degrees":0.0008},"geometry":{"type":"MultiPolygon","coordinates":[[[[121.5915782,40.9491466],[121.5826448,40.9488837],[121.5818705,40.9524451],[121.5897745,40.9541977],[121.5862515,40.9642347],[121.5898581,40.9659847],[121.5934665,40.9552348],[121.5898595,40.9543277],[121.5915782,40.9491466]]],[[[121.4960718,40.9965196],[121.4958989,40.9982336],[121.4847391,40.997877],[121.4798703,41.0051119],[121.4986562,41.0054257],[121.4988734,40.9947805],[121.4960718,40.9965196]]],[[[121.7443541,40.8462934],[121.7457756,40.8531146],[121.7435628,40.8539423],[121.7387965,40.8624382],[121.7373455,40.8625234],[121.7273006,40.8616532],[121.7249805,40.8465937],[121.7199808,40.8466789],[121.7206353,40.8610649],[121.7182481,40.8610487],[121.7182589,40.8449015],[121.7124787,40.8446783],[121.7117491,40.8606795],[121.7109123,40.8436485],[121.7055438,40.8434872],[121.7039198,40.8858228],[121.7026779,40.8866035],[121.7040244,40.851173],[121.6959134,40.8497497],[121.6950846,40.8690813],[121.6952535,40.8457588],[121.6866946,40.8476041],[121.6853294,40.8526358],[121.6866732,40.8762428],[121.6842069,40.870998],[121.6806811,40.8717079],[121.6788492,40.8814832],[121.676175,40.8809093],[121.6787152,40.8796222],[121.6793507,40.8733872],[121.6759551,40.8727585],[121.6854769,40.8705822],[121.6848238,40.8675276],[121.6806784,40.8623206],[121.6881202,40.8326754],[121.6781893,40.8310234],[121.6728169,40.8392849],[121.6649634,40.8647669],[121.6667443,40.8556546],[121.6677448,40.8314821],[121.6449346,40.8305429],[121.6447462,40.8392275],[121.6595212,40.8391509],[121.6599698,40.8313654],[121.6596848,40.8395202],[121.6443908,40.8397353],[121.6444659,40.8485212],[121.6511017,40.8638227],[121.653564,40.8647669],[121.6544732,40.870495],[121.6536552,40.870787],[121.6460699,40.8561627],[121.6430591,40.8527555],[121.6381627,40.8524491],[121.6398364,40.8666838],[121.6386723,40.867278],[121.6366231,40.8341122],[121.6307712,40.8336987],[121.6307223,40.8639991],[121.6295743,40.8642416],[121.6293114,40.8622719],[121.6298693,40.8493652],[121.6213292,40.8495235],[121.6217047,40.8615437],[121.6239591,40.8713621],[121.6211924,40.8616451],[121.6204601,40.8510857],[121.6120695,40.853356],[121.6146679,40.8587503],[121.6063001,40.86151],[121.5862888,40.8435501],[121.5674208,40.8421216],[121.5657,40.83658],[121.5668,40.8349701],[121.56493,40.83545],[121.56434,40.8318501],[121.5617301,40.82746],[121.5641999,40.8329701],[121.5640601,40.8367301],[121.56716,40.84215],[121.55771,40.84127],[121.55457,40.8301901],[121.5506399,40.82424],[121.54567,40.81981],[121.54465,40.8203099],[121.5509501,40.82578],[121.5543801,40.83122],[121.5572701,40.8408401],[121.55457,40.8461099],[121.5569615,40.8461108],[121.5588605,40.8484969],[121.5556633,40.8553219],[121.5565124,40.8591634],[121.5540487,40.869132],[121.5570688,40.8739286],[121.5635556,40.877955],[121.5728333,40.8760392],[121.5866611,40.8912807],[121.5919697,40.8951788],[121.6056233,40.901726],[121.6092293,40.904835],[121.6230808,40.9059999],[121.6261962,40.9090356],[121.6432312,40.9386401],[121.6432636,40.9478507],[121.6500013,40.9538419],[121.6583863,40.9567299],[121.6568983,40.9682159],[121.6615903,40.9839594],[121.6646435,40.9856668],[121.6670372,40.9844495],[121.6678987,40.9874871],[121.6782256,40.9866377],[121.6778729,40.992071],[121.6690275,40.9928199],[121.6710203,41.0060464],[121.6603871,41.0305664],[121.6560076,41.0321246],[121.6555107,41.0463849],[121.6577989,41.049122],[121.6454657,41.0532367],[121.6430541,41.0606021],[121.661234,41.0580635],[121.6746598,41.0828549],[121.6688244,41.0827544],[121.6676281,41.089522],[121.6752096,41.0904176],[121.6751644,41.0926706],[121.6807605,41.0939749],[121.6802555,41.0967023],[121.6821913,41.0968292],[121.6823597,41.09518],[121.686568,41.0948629],[121.6861471,41.0915645],[121.6909446,41.0893443],[121.6986037,41.0890271],[121.6996979,41.0927697],[121.7023912,41.0925159],[121.7021387,41.0896615],[121.7095663,41.0894907],[121.709084,41.0852806],[121.7424139,41.0839106],[121.7435012,41.0877461],[121.7533586,41.087066],[121.7545696,41.0976515],[121.7586945,41.0988791],[121.7474941,41.1039335],[121.7343029,41.1124525],[121.7368151,41.1051376],[121.7162786,41.1062792],[121.7169519,41.1028545],[121.7135052,41.1031821],[121.7125427,41.1016388],[121.6899295,41.1035816],[121.6749268,41.0981484],[121.6603468,41.0976984],[121.5947038,41.1030959],[121.5799333,41.1063079],[121.5734633,41.1137464],[121.5615463,41.1327284],[121.5620418,41.1395984],[121.5647853,41.1411483],[121.5624693,41.1441764],[121.5662538,41.1489334],[121.5971298,41.1789474],[121.6102294,41.1801833],[121.6144377,41.185631],[121.6154477,41.1855043],[121.615733,41.1877357],[121.6144312,41.1879447],[121.6159438,41.2052073],[121.5971594,41.2098257],[121.5860903,41.2075499],[121.5756528,41.2141304],[121.5728678,41.21916],[121.5706879,41.2302518],[121.5750578,41.2478449],[121.5956498,41.2557754],[121.6235428,41.2741394],[121.6223493,41.2766529],[121.6337959,41.2833574],[121.6380156,41.2817924],[121.6460418,41.2847864],[121.6462525,41.2909466],[121.651255,41.2924308],[121.6574938,41.2914809],[121.6806488,41.3032529],[121.6961668,41.3137779],[121.7038268,41.3154829],[121.7117078,41.3144374],[121.7160413,41.3168869],[121.7239533,41.3266144],[121.7298583,41.3308714],[121.7406194,41.3347841],[121.7499701,41.3340414],[121.7530006,41.3323446],[121.7532273,41.3291014],[121.7699296,41.3306013],[121.7688256,41.3375233],[121.7861057,41.3369449],[121.7895963,41.3436124],[121.7960968,41.3467064],[121.8220903,41.3503799],[121.8421938,41.3507154],[121.8628166,41.3389645],[121.8641529,41.3286056],[121.8802414,41.3206326],[121.8902042,41.3301679],[121.8973167,41.3336134],[121.8990177,41.3360352],[121.8959236,41.3402133],[121.8979544,41.3424156],[121.8972775,41.345126],[121.9007749,41.345126],[121.8998723,41.349869],[121.8961493,41.3524944],[121.9037227,41.352877],[121.9119284,41.3558421],[121.9117111,41.3579265],[121.9164169,41.3643738],[121.9414585,41.367664],[121.9477077,41.375949],[121.9466219,41.3809645],[121.9511033,41.3842699],[121.9699098,41.3818514],[122.0053178,41.3839304],[122.0149538,41.3803064],[122.0181808,41.3770334],[122.0209428,41.3689539],[122.0352708,41.3693654],[122.0393373,41.3724939],[122.0522538,41.3782424],[122.0823898,41.3877294],[122.0889513,41.3919754],[122.0911056,41.3980529],[122.0934749,41.3976297],[122.1054881,41.4039478],[122.1111573,41.4102829],[122.1374663,41.4204023],[122.1319381,41.4258847],[122.1506743,41.4334185],[122.1614775,41.4427422],[122.163987,41.4408614],[122.1722228,41.449741],[122.1797817,41.446443],[122.1881583,41.4574],[122.1942228,41.455946],[122.1870151,41.4470013],[122.1935138,41.4431928],[122.1909821,41.4416092],[122.1948135,41.4394726],[122.1901241,41.4325809],[122.1992188,41.4201774],[122.2271423,41.3849639],[122.2397233,41.3713949],[122.2539213,41.3603174],[122.2664338,41.3531684],[122.2661438,41.3375814],[122.2694933,41.3176729],[122.2615968,41.3072244],[122.2591398,41.2890814],[122.2523728,41.2818564],[122.2465924,41.273019],[122.2443687,41.2405041],[122.2388673,41.2350702],[122.2261089,41.2285046],[122.2070185,41.2251129],[122.1990446,41.2210375],[122.2246309,41.2050628],[122.2316548,41.1990047],[122.2386497,41.1964373],[122.2520018,41.1939898],[122.2666856,41.1935772],[122.2679585,41.1919352],[122.2666898,41.1902986],[122.259866,41.1874742],[122.2628073,41.1854691],[122.2813319,41.1894685],[122.3145754,41.189722],[122.3199202,41.1934845],[122.3221335,41.1930681],[122.3268797,41.1877945],[122.3307327,41.1881727],[122.342874,41.1928054],[122.3486487,41.1972785],[122.3486487,41.1989658],[122.3396282,41.2006082],[122.338349,41.2034854],[122.3460457,41.2062606],[122.3542324,41.2057474],[122.3565591,41.2102053],[122.3633029,41.2134713],[122.3701108,41.2196235],[122.3709539,41.2217712],[122.3728904,41.2220118],[122.3774701,41.219481],[122.3794566,41.2205876],[122.3817451,41.22899],[122.3897138,41.241271],[122.3966726,41.2401151],[122.3967338,41.2454734],[122.3982183,41.246761],[122.4091471,41.2513869],[122.4781795,41.252608],[122.4806762,41.2542348],[122.4838341,41.2637865],[122.4855128,41.2653702],[122.4879766,41.264781],[122.4889178,41.2623672],[122.4862957,41.2585564],[122.4868142,41.2573871],[122.4849253,41.254418],[122.4859441,41.2503961],[122.4840034,41.2477433],[122.4780515,41.2452138],[122.4782241,41.2428772],[122.4703913,41.2415329],[122.4663256,41.237556],[122.4592431,41.2363746],[122.456378,41.2347271],[122.4503047,41.2229751],[122.448015,41.2215581],[122.4433008,41.2217982],[122.4401463,41.2194388],[122.4413154,41.215017],[122.4386986,41.2116085],[122.4318863,41.2101575],[122.4091471,41.2131217],[122.4021733,41.2076405],[122.4051033,41.2016151],[122.4035099,41.1990843],[122.3989638,41.1972424],[122.3825049,41.1959579],[122.3785934,41.1941665],[122.3738216,41.1909603],[122.3670901,41.1765741],[122.362002,41.1785058],[122.3568777,41.1760518],[122.3616612,41.1703881],[122.3616612,41.1639235],[122.3643294,41.1607799],[122.3760482,41.1634975],[122.3769238,41.160729],[122.3807613,41.1581024],[122.3793545,41.1553338],[122.3820654,41.1549511],[122.3826082,41.1529075],[122.3793371,41.1480889],[122.3802023,41.1401162],[122.3772769,41.1312284],[122.3791429,41.127452],[122.3854512,41.1265133],[122.3877316,41.1246634],[122.3911839,41.1182918],[122.3913571,41.1104808],[122.3879305,41.1023513],[122.3889319,41.0990814],[122.3980209,41.0979194],[122.4014922,41.0919415],[122.4039967,41.0947097],[122.4059499,41.0947097],[122.4092143,41.0826938],[122.4085248,41.0724562],[122.4076589,41.0690617],[122.4030275,41.0633662],[122.4038892,41.0558859],[122.4009673,41.0452511],[122.3978911,41.039459],[122.4011446,41.034178],[122.4013061,41.0286371],[122.4029165,41.0274222],[122.4065966,41.0293518],[122.4090438,41.0280856],[122.4071591,41.0191416],[122.4150289,41.0106769],[122.4114135,40.9969244],[122.4055375,40.9922285],[122.4011901,40.9907847],[122.3955551,40.9923875],[122.3943474,40.9973359],[122.3902491,41.0048104],[122.3872536,41.0061919],[122.3849813,41.0054569],[122.38516,40.9998592],[122.390309,40.993771],[122.3911745,40.9886751],[122.3902891,40.9864027],[122.3876319,40.9857341],[122.3729512,40.9878162],[122.3605839,40.9990918],[122.3540165,40.9992139],[122.3389109,40.9893078],[122.3350752,40.9852837],[122.33427,40.9808644],[122.3358378,40.9772545],[122.3430318,40.9771064],[122.3505614,40.9814083],[122.3545995,40.9860658],[122.3582057,40.987098],[122.3604318,40.9859974],[122.3499328,40.970078],[122.3444044,40.9672082],[122.3378393,40.9659037],[122.3314415,40.9661648],[122.3252582,40.9683695],[122.3222528,40.9686216],[122.3206272,40.9673943],[122.3221495,40.9625557],[122.326911,40.9589602],[122.3435478,40.9548107],[122.346736,40.9523825],[122.346911,40.9490767],[122.3439278,40.9461882],[122.3328205,40.9435573],[122.3311875,40.9410769],[122.3316467,40.9366199],[122.3372726,40.9270867],[122.337489,40.9247544],[122.3348744,40.9224815],[122.3271447,40.9213029],[122.3241784,40.9223577],[122.3180746,40.9282406],[122.3156741,40.9284958],[122.3130711,40.9274353],[122.3118788,40.9244063],[122.3132358,40.9217007],[122.3221547,40.9163916],[122.3237593,40.9132181],[122.3210553,40.9105551],[122.3154531,40.9095039],[122.3148987,40.9072052],[122.3206921,40.9064091],[122.3267891,40.9079866],[122.3295033,40.9062772],[122.3303434,40.8953849],[122.3283482,40.8924748],[122.3249151,40.8916724],[122.3143817,40.8932356],[122.3126369,40.8945545],[122.3126369,40.8964596],[122.3188406,40.9028095],[122.317742,40.9058865],[122.3063315,40.9066666],[122.3040819,40.9049299],[122.3024091,40.8953177],[122.2996327,40.8879597],[122.2908827,40.8779982],[122.2802452,40.8707332],[122.2752669,40.864372],[122.27057,40.8612146],[122.2665105,40.861882],[122.2620384,40.8669551],[122.2584862,40.8682342],[122.2465531,40.8672012],[122.2395067,40.863692],[122.2290287,40.8629125],[122.2201707,40.8594341],[122.2165559,40.8501901],[122.2090281,40.8508426],[122.2010951,40.8548864],[122.1841012,40.8726713],[122.1796884,40.8748529],[122.1766957,40.8748529],[122.1733132,40.8716559],[122.1710946,40.8668809],[122.1702386,40.8543218],[122.1755453,40.8442218],[122.1836375,40.8349736],[122.1825787,40.8320363],[122.1790665,40.8305748],[122.1723105,40.8309679],[122.1522306,40.8384992],[122.1476573,40.8384992],[122.1430804,40.8365755],[122.132276,40.8226907],[122.122641,40.8148783],[122.0977535,40.803966],[122.0921289,40.7988051],[122.0917903,40.7944481],[122.0965585,40.7887753],[122.1286445,40.7750036],[122.152845,40.7581047],[122.1717416,40.7514681],[122.1796816,40.7425759],[122.1786504,40.7318978],[122.1832683,40.7223065],[122.1949074,40.7120579],[122.2049843,40.7088213],[122.2265842,40.7090812],[122.2426006,40.7115837],[122.2563197,40.7105143],[122.2648199,40.7064643],[122.2675705,40.701329],[122.2672249,40.6945157],[122.2647903,40.6910877],[122.2391726,40.6813186],[122.2288763,40.6806902],[122.2274826,40.6862422],[122.2225325,40.6880392],[122.213465,40.6889966],[122.2117174,40.6917371],[122.200701,40.6929442],[122.2018538,40.6920701],[122.1998958,40.6915081],[122.1891329,40.7001915],[122.1821702,40.6940807],[122.1695128,40.7060522],[122.1625316,40.7092791],[122.154212,40.7085068],[122.1487669,40.7036052],[122.1463794,40.697658],[122.1486591,40.6828497],[122.1429445,40.6850208],[122.1391561,40.6713436],[122.1291247,40.6678404],[122.1173125,40.6660074],[122.1076217,40.6673807],[122.0750409,40.6652546],[122.0660126,40.6629149],[122.0551121,40.6581782],[122.0517,40.660028],[122.0526045,40.6610383],[122.0472291,40.6655989],[122.0479367,40.676462],[122.0441333,40.6782183],[122.0433916,40.6772955],[122.0426437,40.677325],[122.0439784,40.6785085],[122.0411031,40.6796458],[122.0235425,40.6596757],[122.0224214,40.658695],[122.0202724,40.657821],[122.0187306,40.6576613],[121.9968466,40.6582099],[121.9801565,40.6634365],[121.9968649,40.658385],[122.0198357,40.6578852],[122.0234996,40.6599077],[122.035937,40.6745945],[122.0098774,40.6864362],[121.9980653,40.6726604],[121.9911047,40.6761058],[122.0028774,40.6899015],[121.9953935,40.6936362],[121.9768547,40.6723019],[121.9947281,40.694943],[121.9857038,40.6994163],[121.9818491,40.6949789],[121.9853838,40.6995638],[121.9756114,40.7047821],[122.00194,40.7348116],[121.9872227,40.7420934],[121.9694316,40.7216322],[121.9660091,40.7234048],[121.9644964,40.7293402],[121.9709015,40.7371855],[121.9599152,40.7427213],[121.9591856,40.7478828],[121.9624659,40.7518218],[121.9563961,40.7548482],[121.9506776,40.748021],[121.9514098,40.7399772],[121.9592087,40.7097467],[121.9687142,40.6902338],[121.9692513,40.6847556],[121.9624881,40.6827393],[121.9658806,40.6756886],[121.9495135,40.7080841],[121.9421643,40.7373684],[121.9402653,40.7528408],[121.942322,40.7700814],[121.9423539,40.7689239],[121.9486818,40.7687749],[121.953844,40.7749088],[121.9497417,40.7768388],[121.9468215,40.7762915],[121.943537,40.7717156],[121.9426385,40.7720394],[121.9495055,40.7847699],[121.9517961,40.7848938],[121.9501358,40.7859864],[121.9516674,40.7864291],[121.9518401,40.7900699],[121.94871,40.7962],[121.9535365,40.7971801],[121.95087,40.7978962],[121.9526242,40.8007363],[121.9521701,40.8124099],[121.95148,40.80188],[121.9467459,40.8020299],[121.9466207,40.8011248],[121.935837,40.8072581],[121.8964058,40.8069109],[121.8694764,40.8153074],[121.8642542,40.8219693],[121.8580046,40.8199355],[121.8493799,40.83556],[121.8550866,40.8381224],[121.84217,40.86116],[121.8388981,40.8648319],[121.83939,40.8657601],[121.8359001,40.8718801],[121.8375683,40.8938383],[121.8397737,40.900254],[121.8328591,40.900441],[121.8325618,40.9012498],[121.8342,40.9010101],[121.8335543,40.9019703],[121.8279818,40.901341],[121.8271857,40.9043941],[121.83293,40.9062599],[121.8315137,40.9091164],[121.8364602,40.9214066],[121.82939,40.92483],[121.8231774,40.9320415],[121.821243,40.9499806],[121.8102694,40.950968],[121.8035726,40.9444604],[121.7996459,40.9442324],[121.7924312,40.9412033],[121.7845914,40.9347152],[121.7766723,40.9385709],[121.7815016,40.9356661],[121.7772216,40.9293375],[121.7828977,40.9250143],[121.7790068,40.9276083],[121.7761687,40.9238903],[121.7830351,40.9171627],[121.7836988,40.913375],[121.7808607,40.9093967],[121.783859,40.9078226],[121.7727127,40.9007301],[121.7663956,40.9033942],[121.7659379,40.9052279],[121.7596895,40.9064561],[121.7725753,40.8988098],[121.7702866,40.8955227],[121.7674027,40.8947096],[121.7631227,40.894675],[121.7597353,40.8968722],[121.7607881,40.8940694],[121.773674,40.8947788],[121.7740859,40.891578],[121.765503,40.8859719],[121.7629123,40.8815258],[121.7573467,40.8960684],[121.7508692,40.8970153],[121.7511508,40.9008227],[121.7455208,40.9036528],[121.741694,40.8993199],[121.7469639,40.8964582],[121.7482527,40.8971359],[121.7497212,40.8919505],[121.7522451,40.8915592],[121.7528325,40.8884558],[121.7506868,40.8825215],[121.7385846,40.8852368],[121.7403764,40.8898499],[121.7380589,40.8905474],[121.7399096,40.8962286],[121.7378873,40.8976194],[121.7406875,40.8984436],[121.7350642,40.8992505],[121.7350763,40.9007497],[121.7330217,40.901737],[121.7305246,40.9015181],[121.7314848,40.899957],[121.7299479,40.8985358],[121.7258146,40.8987082],[121.7206246,40.8938098],[121.7136575,40.8902585],[121.71033,40.88518],[121.69875,40.88942],[121.72645,40.8736799],[121.7329401,40.87118],[121.73426,40.8721001],[121.73769,40.86983],[121.73844,40.86572],[121.7376201,40.8644301],[121.7438599,40.8543199],[121.7536301,40.84946],[121.7518622,40.8395571],[121.7520815,40.8425802],[121.7443541,40.8462934]]],[[[122.9104741,41.5200191],[122.9015142,41.5127127],[122.8932349,41.5171625],[122.8957736,41.5205749],[122.9027776,41.5252239],[122.9104741,41.5200191]]],[[[123.0439842,41.9365451],[123.0601176,41.9346222],[123.062804,41.9343054],[123.0549988,41.9256703],[123.0582932,41.9249128],[123.0538812,41.92114],[123.0422554,41.9313566],[123.0439842,41.9365451]]]]}},{"type":"Feature","properties":{"land_bounds":[119.22453488604191,39.989418195562855,121.033067,41.2180415],"id":"liaoning-huludao","names":{"en":"Huludao","zh-CN":"葫芦岛"},"osm_relation":2769902,"admin_level":5,"source":"https://www.openstreetmap.org/relation/2769902","license":"ODbL-1.0","attribution":"© OpenStreetMap contributors","simplification_degrees":0.0008},"geometry":{"type":"MultiPolygon","coordinates":[[[[120.7646875,40.4421695],[120.7648624,40.4396936],[120.7593615,40.4418434],[120.7611631,40.442509],[120.7603323,40.4437403],[120.7644163,40.4475205],[120.7664278,40.4450248],[120.7646875,40.4421695]]],[[[120.7649937,40.4683597],[120.7584625,40.468325],[120.7568774,40.4704369],[120.7608417,40.4711021],[120.765093,40.4697126],[120.7649937,40.4683597]]],[[[120.7804901,40.49751],[120.7811701,40.49752],[120.7805886,40.4971541],[120.7804901,40.49751]]],[[[120.7806578,40.4728304],[120.7772621,40.4749421],[120.7744163,40.4748218],[120.770629,40.4788146],[120.7720372,40.483156],[120.7708517,40.4871198],[120.7754517,40.4900776],[120.7767016,40.4955259],[120.7782036,40.4967538],[120.7842198,40.4971332],[120.7881814,40.4948936],[120.7933742,40.4975085],[120.7932347,40.50233],[120.7882404,40.5073347],[120.7894903,40.5100266],[120.7884014,40.5126205],[120.7891953,40.5132282],[120.7908985,40.5107302],[120.7965445,40.5087521],[120.8077401,40.5130284],[120.8077294,40.5172656],[120.8052604,40.5197134],[120.8015656,40.5206901],[120.8011499,40.5233621],[120.802424,40.52462],[120.8053368,40.5235537],[120.8075416,40.5183789],[120.8095935,40.518069],[120.811603,40.5199839],[120.8151752,40.5179609],[120.8159043,40.5199643],[120.8125433,40.5211511],[120.8156598,40.5207086],[120.8162186,40.5200376],[120.8154286,40.5177275],[120.8145127,40.516919],[120.8155802,40.5154814],[120.8193755,40.5131344],[120.8253515,40.5129488],[120.8244824,40.510983],[120.8256036,40.5076182],[120.8243698,40.5065068],[120.8237341,40.50202],[120.8262044,40.4992789],[120.8253622,40.4957482],[120.8274382,40.4925927],[120.8232835,40.4912199],[120.824005,40.4881866],[120.8087593,40.4869912],[120.7999778,40.4888292],[120.7939321,40.4882601],[120.7911855,40.4844208],[120.7911801,40.4820299],[120.7861108,40.4785371],[120.7856065,40.4749625],[120.7832743,40.4748391],[120.7831228,40.4736649],[120.7806578,40.4728304]]],[[[120.8268428,40.5153938],[120.8267945,40.5151083],[120.8265687,40.5152903],[120.8268428,40.5153938]]],[[[120.8273199,40.51584],[120.8273008,40.5165946],[120.82816,40.5158701],[120.8273199,40.51584]]],[[[120.8243145,40.5346939],[120.82394,40.53196],[120.8205673,40.5294935],[120.8177512,40.5321101],[120.81797,40.5335434],[120.8243145,40.5346939]]],[[[120.8231301,40.5355053],[120.8228911,40.536407],[120.8231009,40.5369811],[120.8235437,40.5364421],[120.8231301,40.5355053]]],[[[120.5849706,40.4578736],[120.5939654,40.4567624],[120.5949162,40.446005],[120.6042342,40.4457285],[120.6040236,40.4409947],[120.6022581,40.4373125],[120.5987987,40.4382817],[120.5886787,40.4378448],[120.5891159,40.4361463],[120.6000352,40.4345621],[120.5979773,40.4292171],[120.5881047,40.4217909],[120.6007621,40.4299358],[120.6084144,40.4264546],[120.6100452,40.4152145],[120.5991836,40.4030831],[120.5792347,40.4134705],[120.5784488,40.4126996],[120.5804282,40.4049285],[120.5690664,40.3931078],[120.5790469,40.37944],[120.5879062,40.3834446],[120.5889671,40.3810449],[120.5919658,40.3809432],[120.5935658,40.3784551],[120.5953703,40.3786757],[120.59285,40.378111],[120.5928782,40.3767773],[120.5946149,40.3764224],[120.5925817,40.375578],[120.5951726,40.3754436],[120.5957585,40.3780304],[120.5957374,40.3756802],[120.6024157,40.3750886],[120.5899394,40.3746607],[120.5883354,40.3709549],[120.588609,40.367813],[120.5902801,40.36687],[120.58958,40.3630101],[120.57955,40.3619001],[120.57191,40.3598099],[120.5716099,40.3587801],[120.5701098,40.3596729],[120.5698302,40.3568498],[120.5694184,40.3581605],[120.5677065,40.3580767],[120.5693413,40.3590516],[120.5670132,40.3588268],[120.5673806,40.3562535],[120.5707703,40.356395],[120.5675308,40.3558018],[120.5679815,40.3540818],[120.5654401,40.3584384],[120.5608173,40.357207],[120.5573787,40.3553225],[120.558697,40.3525089],[120.5450553,40.3471134],[120.5456534,40.3458675],[120.539487,40.342154],[120.5297667,40.3418034],[120.5252203,40.3397416],[120.5250426,40.3365415],[120.5210146,40.3378699],[120.5171013,40.3369867],[120.511004,40.3329849],[120.5136144,40.3306576],[120.50849,40.33215],[120.4983379,40.3257092],[120.4973262,40.3228715],[120.4949798,40.3227257],[120.4998828,40.321692],[120.4967406,40.3210253],[120.4955792,40.3146364],[120.4987265,40.3140357],[120.5068472,40.2931646],[120.4966521,40.2923852],[120.5074239,40.2922583],[120.5100263,40.2886462],[120.5037211,40.2855936],[120.5029768,40.2837408],[120.4953526,40.2786688],[120.4951897,40.2772123],[120.4900941,40.2729118],[120.49183,40.2703001],[120.4897601,40.2674299],[120.4861101,40.26646],[120.48163,40.26957],[120.4750898,40.2692302],[120.4773885,40.2668623],[120.4773603,40.2649394],[120.4850703,40.261375],[120.4959065,40.2591808],[120.5069129,40.2604816],[120.516412,40.2569271],[120.5070886,40.2523173],[120.5015606,40.2472741],[120.5025771,40.2464189],[120.5006003,40.242118],[120.5009276,40.2369829],[120.4974715,40.2332819],[120.4922882,40.2299902],[120.4851401,40.2349527],[120.4809639,40.2314513],[120.4823077,40.2298325],[120.4766469,40.2260497],[120.4749282,40.2273363],[120.471717,40.2213655],[120.4688088,40.2225237],[120.464817,40.2265396],[120.459289,40.2285639],[120.4520497,40.2266646],[120.4435404,40.2274192],[120.4525124,40.2257563],[120.4605,40.2271223],[120.4647553,40.2257763],[120.4655385,40.2234094],[120.4681858,40.2216553],[120.47373,40.22087],[120.46783,40.2174099],[120.4675691,40.2158064],[120.4625132,40.213407],[120.4636625,40.2113945],[120.4608708,40.213729],[120.4589136,40.2124682],[120.4598116,40.2116653],[120.4613997,40.2126645],[120.461992,40.2118477],[120.4606551,40.2105867],[120.4622398,40.211583],[120.4631056,40.2109333],[120.4603688,40.2104255],[120.4627077,40.2075938],[120.4615018,40.2065991],[120.4591179,40.2054487],[120.4570402,40.2088058],[120.4533023,40.207539],[120.4484334,40.2019051],[120.449861,40.2006621],[120.4475707,40.2019184],[120.4476482,40.2036643],[120.4450297,40.2016592],[120.449045,40.2002498],[120.4413503,40.1957595],[120.418344,40.1958594],[120.4183548,40.1973831],[120.4172353,40.1975291],[120.4153007,40.1973002],[120.4154104,40.1962],[120.4177214,40.1953978],[120.4153785,40.1954542],[120.3847477,40.1985996],[120.3813413,40.1978267],[120.3819863,40.1962348],[120.3807391,40.1985847],[120.3813185,40.1994236],[120.3783372,40.1991993],[120.3804018,40.1981642],[120.3817061,40.1955561],[120.3805112,40.1976474],[120.37238,40.1972786],[120.3641993,40.1933173],[120.3361863,40.1881888],[120.3359167,40.186402],[120.335151,40.1896733],[120.3331701,40.1895657],[120.3349444,40.1885146],[120.3351563,40.1862775],[120.3350135,40.18757],[120.3333861,40.1877237],[120.3190443,40.1870967],[120.311223,40.1853918],[120.3099529,40.1843857],[120.3107361,40.1835804],[120.30875,40.1850004],[120.3083248,40.1863938],[120.3067229,40.1860368],[120.3070226,40.1852007],[120.3081974,40.1854246],[120.3081237,40.1843319],[120.3087553,40.1844656],[120.3107764,40.1828622],[120.3088014,40.1842142],[120.2990538,40.1806316],[120.2976966,40.1820415],[120.2972634,40.188241],[120.2965567,40.1801715],[120.3028049,40.1747172],[120.294144,40.1670898],[120.2921042,40.1695279],[120.2908315,40.1689263],[120.293629,40.1665006],[120.27506,40.15565],[120.2687928,40.1537516],[120.2662021,40.1571596],[120.2681977,40.1647829],[120.2658668,40.164744],[120.2630827,40.1576967],[120.2650273,40.1530493],[120.262852,40.1512124],[120.2479282,40.1478214],[120.2420542,40.1457691],[120.2408887,40.1447101],[120.2414185,40.1436931],[120.2406031,40.1445481],[120.2245957,40.1391237],[120.2249537,40.1345612],[120.2224204,40.1400711],[120.2196979,40.1391709],[120.222238,40.1377396],[120.219069,40.1368159],[120.2188008,40.1356532],[120.2227825,40.1366467],[120.2244884,40.1336497],[120.2227423,40.1358449],[120.2174154,40.1349119],[120.2158517,40.1358828],[120.2227423,40.1257773],[120.2179559,40.1319743],[120.1948822,40.1239647],[120.191642,40.1298548],[120.1969287,40.1161235],[120.1895607,40.1138312],[120.1851886,40.1224737],[120.1890778,40.1136948],[120.1821685,40.1112169],[120.1760906,40.1208103],[120.1808757,40.1107738],[120.166676,40.1071592],[120.1636907,40.1154568],[120.1683336,40.1172455],[120.1635298,40.1168394],[120.1623309,40.1153974],[120.161545,40.1149451],[120.1623161,40.1137892],[120.161199,40.1152004],[120.1621388,40.1155363],[120.1605485,40.1166383],[120.1583666,40.1157768],[120.160283,40.1156835],[120.1612057,40.1140846],[120.1221433,40.1032592],[120.1212783,40.1024171],[120.1251259,40.0964872],[120.1246177,40.0961727],[120.1208317,40.1029084],[120.1203362,40.1048625],[120.116903,40.1040235],[120.1172751,40.1029607],[120.1195724,40.1034157],[120.1175997,40.1022355],[120.1201042,40.1025658],[120.1214017,40.1000772],[120.1200807,40.1015749],[120.117479,40.1013984],[120.1153305,40.1006127],[120.1151937,40.0990185],[120.1251367,40.0779278],[120.1267272,40.0772259],[120.1284197,40.0733673],[120.1261479,40.0770514],[120.1160078,40.0745341],[120.1177914,40.0695937],[120.117259,40.0692951],[120.1136944,40.080528],[120.1035382,40.0779514],[120.1136944,40.0810349],[120.1060501,40.0971371],[120.0996101,40.0972581],[120.09453,40.0959942],[120.0913596,40.0935402],[120.0917603,40.0911323],[120.0894821,40.0898755],[120.0910981,40.0884411],[120.0887968,40.0869544],[120.0860294,40.0922229],[120.0839648,40.0912231],[120.0842169,40.09029],[120.086649,40.0896005],[120.0876394,40.0871114],[120.0800782,40.0887058],[120.0670695,40.0889562],[120.0631911,40.0881374],[120.0622845,40.0865501],[120.0606483,40.0880533],[120.0615777,40.0861705],[120.0602138,40.0868282],[120.0491121,40.0834237],[120.0498819,40.0670392],[120.0464219,40.0665219],[120.0494823,40.0678049],[120.0488171,40.0746378],[120.0451907,40.0750216],[120.0484765,40.0751386],[120.0487675,40.082964],[120.0422257,40.0834424],[120.0421828,40.0767028],[120.0392217,40.0759967],[120.0409061,40.0766617],[120.0418288,40.0817514],[120.0385136,40.0828678],[120.0359065,40.080988],[120.0350803,40.0829007],[120.0361318,40.0842551],[120.0340075,40.0841566],[120.0347477,40.0810208],[120.0295121,40.082679],[120.0309819,40.0818992],[120.031808,40.0794857],[120.0287396,40.0821455],[120.0276774,40.0817268],[120.0312394,40.0777782],[120.0282139,40.0798716],[120.0293404,40.0779054],[120.0282675,40.0775442],[120.0314862,40.0717645],[120.0241047,40.0690223],[120.0232095,40.0698668],[120.0214501,40.0689995],[120.0180966,40.0748843],[120.017146,40.0746977],[120.0199295,40.0685663],[120.0165938,40.0744575],[120.0130862,40.0736898],[120.0109941,40.07456],[120.0127751,40.07323],[120.0092238,40.0719411],[120.0108761,40.0682711],[120.0086016,40.0726636],[120.0061769,40.0726718],[120.0087399,40.06688],[120.0126785,40.0664237],[120.0085199,40.0667],[120.0060266,40.0713664],[120.0016815,40.0714731],[119.9937958,40.0694616],[119.9942135,40.0672426],[119.9919826,40.0691167],[119.9897617,40.0675485],[119.9921864,40.0683039],[119.993313,40.0674418],[119.9940959,40.0665158],[119.9915105,40.0675978],[119.9860546,40.0649345],[119.9798869,40.0639491],[119.9809143,40.0612606],[119.9794459,40.0648235],[119.9806888,40.0658864],[119.9782322,40.0660726],[119.9795241,40.0620286],[119.9784225,40.062101],[119.978617,40.0604134],[119.9797653,40.0594343],[119.978524,40.0603678],[119.9782691,40.0632681],[119.9761171,40.0633675],[119.9545343,40.0591282],[119.9537912,40.0602887],[119.9521215,40.0597932],[119.954121,40.0587311],[119.9434888,40.0552903],[119.9283883,40.0469581],[119.92294,40.0427399],[119.9136053,40.0319865],[119.905749,40.015532],[119.9080026,40.0102392],[119.912163,40.0080982],[119.9157655,40.0113801],[119.9122712,40.0080525],[119.9167817,40.0061859],[119.9193955,40.008755],[119.9195483,40.0115745],[119.9199666,40.0091421],[119.9158989,40.0039059],[119.9175354,40.0017431],[119.9144866,40.0010572],[119.914911,39.9990235],[119.9130824,40.0000033],[119.9054231,39.9990562],[119.9051661,39.9981703],[119.9042119,39.999152],[119.8958279,39.997519],[119.8867964,39.9977359],[119.8820818,39.9960933],[119.8756315,39.99141],[119.8613918,39.9924084],[119.8477446,39.9890751],[119.8469595,39.9924694],[119.8430581,39.9981823],[119.8386113,39.9983464],[119.8400784,39.9992113],[119.8397891,40.0010228],[119.8413564,40.0015987],[119.8406014,40.0035993],[119.8379647,40.0040057],[119.8374647,40.0109407],[119.8410538,40.0163498],[119.8437062,40.0175345],[119.8442128,40.0193381],[119.8421585,40.0194081],[119.8449213,40.0220254],[119.8422666,40.0267261],[119.8485744,40.031121],[119.8476234,40.0326645],[119.8384615,40.0362668],[119.8321935,40.0421874],[119.8301794,40.0452439],[119.8310218,40.0478474],[119.82956,40.0490447],[119.8183246,40.0465211],[119.8109336,40.0516082],[119.8124892,40.0477967],[119.8090222,40.0497281],[119.8077333,40.0492777],[119.8057442,40.0449651],[119.801305,40.0440963],[119.8018456,40.0428206],[119.796535,40.0409423],[119.7966733,40.0422427],[119.7931719,40.0415201],[119.7939663,40.0398217],[119.7893986,40.0382787],[119.7885857,40.0416046],[119.787268,40.0400222],[119.7851843,40.0416735],[119.7810608,40.0402137],[119.7816459,40.0420399],[119.7769273,40.0464497],[119.7772447,40.0447212],[119.7743876,40.0451156],[119.7766722,40.0469902],[119.7746696,40.0469772],[119.7739358,40.0482191],[119.7694641,40.049483],[119.7649869,40.0474995],[119.7626831,40.0523315],[119.7595674,40.0519052],[119.763103,40.0543995],[119.7629249,40.0567463],[119.7575663,40.0598033],[119.7532171,40.0671608],[119.7588782,40.0708201],[119.7583166,40.0753265],[119.7598699,40.0775329],[119.7634925,40.078337],[119.7658554,40.081549],[119.7618037,40.0831385],[119.7564538,40.0833436],[119.7413353,40.0956487],[119.7307708,40.1010178],[119.7279714,40.1048514],[119.729439,40.1070232],[119.7354217,40.1098965],[119.7364207,40.1135658],[119.738351,40.1152017],[119.7437425,40.1170871],[119.7445678,40.1193621],[119.7469938,40.1199889],[119.7474602,40.1208291],[119.7445054,40.1233293],[119.7473826,40.1245875],[119.7486024,40.1275007],[119.747699,40.1309545],[119.7562817,40.138818],[119.7564207,40.1426166],[119.7546486,40.1473446],[119.7494907,40.1520767],[119.7513481,40.15815],[119.7458201,40.1686545],[119.7471876,40.1699104],[119.7454056,40.1741038],[119.7475947,40.1792103],[119.739896,40.2067447],[119.7330888,40.2055215],[119.7288176,40.199099],[119.7272159,40.198997],[119.7245464,40.2014438],[119.7249468,40.204604],[119.713468,40.2039924],[119.7154701,40.198997],[119.7114658,40.194715],[119.7077285,40.1952248],[119.7042582,40.1976717],[119.7012105,40.2031161],[119.6925626,40.2073502],[119.6912119,40.2069798],[119.6743538,40.2197692],[119.6702534,40.2241737],[119.6721633,40.2283152],[119.6663452,40.2379248],[119.6604107,40.2377351],[119.6551393,40.2359945],[119.6548724,40.2341604],[119.6495334,40.2334471],[119.648599,40.2315111],[119.6412483,40.2278556],[119.6329824,40.2287597],[119.6332494,40.2305939],[119.6294454,40.2267787],[119.6261339,40.2254873],[119.6265164,40.2226753],[119.6252966,40.2214989],[119.6211195,40.2218976],[119.6171512,40.2251668],[119.617186,40.2281168],[119.6201285,40.2296076],[119.6249857,40.2445985],[119.6310261,40.2489208],[119.6321587,40.2549715],[119.6378216,40.2578526],[119.6373252,40.2635376],[119.643013,40.2680244],[119.6457496,40.2731205],[119.6389541,40.2886729],[119.6234756,40.2950081],[119.622343,40.2993271],[119.6181903,40.3001909],[119.6083564,40.3180201],[119.5922928,40.3330193],[119.5939789,40.3553848],[119.5808105,40.3742752],[119.5879883,40.3951395],[119.5946274,40.4056816],[119.5889587,40.4248199],[119.5866618,40.4382925],[119.5891584,40.4422239],[119.5953092,40.4476769],[119.5954028,40.452322],[119.5918845,40.4541416],[119.5954895,40.4589871],[119.5891209,40.4684172],[119.5774176,40.4712892],[119.5691121,40.47732],[119.5638267,40.4893801],[119.5483482,40.4991413],[119.5411979,40.5124167],[119.5619069,40.5201005],[119.5668411,40.5258293],[119.5653082,40.5325242],[119.5678233,40.5352267],[119.5653368,40.539033],[119.5531235,40.5465622],[119.532288,40.5515277],[119.5261073,40.5510441],[119.5224647,40.5479468],[119.5155366,40.5461891],[119.4966273,40.5519425],[119.4928038,40.5449812],[119.4864341,40.5398937],[119.4842177,40.5344357],[119.4751663,40.531971],[119.4478788,40.535029],[119.4379918,40.5421473],[119.4222826,40.5402601],[119.3993112,40.5353585],[119.3904877,40.5351245],[119.3874295,40.5393791],[119.3382549,40.5304807],[119.3292554,40.5262265],[119.2999212,40.5289646],[119.2894167,40.5374043],[119.2781525,40.5350949],[119.2738161,40.5396428],[119.2695664,40.5399064],[119.2650048,40.5349794],[119.2543891,40.5358858],[119.2499084,40.5418663],[119.2157669,40.5655746],[119.2242945,40.575949],[119.228284,40.579045],[119.2303262,40.5832727],[119.229749,40.589734],[119.2357532,40.5982279],[119.2366579,40.603661],[119.2406881,40.6060963],[119.2444716,40.6152125],[119.2469337,40.6179747],[119.2522419,40.6197106],[119.2606371,40.6125296],[119.2613272,40.6099757],[119.2598607,40.6077492],[119.2714196,40.6051297],[119.2778891,40.6091899],[119.2845311,40.6106306],[119.2844448,40.6123332],[119.2875502,40.6114164],[119.2903105,40.6123986],[119.2896589,40.6164795],[119.2954946,40.6195508],[119.2964879,40.627074],[119.3099368,40.6292116],[119.3102658,40.6324575],[119.3138025,40.6355784],[119.3133912,40.6405715],[119.3221405,40.6489279],[119.3298411,40.6506815],[119.3332133,40.6586685],[119.3384773,40.6597916],[119.3401223,40.6631607],[119.3371613,40.6659059],[119.3397111,40.6694619],[119.3514727,40.6748891],[119.3574769,40.6741406],[119.3681714,40.6812668],[119.376641,40.6796298],[119.3816583,40.6753882],[119.3897187,40.6772595],[119.3908702,40.6798169],[119.4027964,40.6844949],[119.403673,40.6899483],[119.405976,40.6928338],[119.4045719,40.6948074],[119.4056848,40.6963349],[119.4106923,40.6968431],[119.4145099,40.7047121],[119.4173224,40.7069537],[119.4178028,40.7107465],[119.4156463,40.714408],[119.4158188,40.7166963],[119.4170265,40.718527],[119.4201129,40.7189662],[119.424428,40.7285763],[119.4246747,40.73269],[119.4274712,40.7328769],[119.4325706,40.736554],[119.4328996,40.7383613],[119.4374234,40.7397947],[119.4418693,40.7433008],[119.4530508,40.7466494],[119.4592195,40.7523196],[119.4623449,40.7529427],[119.4662107,40.7558087],[119.4711456,40.7563694],[119.4746679,40.7600083],[119.481655,40.759747],[119.4866085,40.7609797],[119.496681,40.7670224],[119.4964055,40.7703309],[119.5017545,40.7738561],[119.5042921,40.7812861],[119.5106253,40.7877629],[119.5091449,40.7951731],[119.5109543,40.7982863],[119.5140798,40.8023956],[119.5205775,40.8065047],[119.5237853,40.811734],[119.5241142,40.8181456],[119.5205775,40.821569],[119.5201663,40.8244321],[119.5219758,40.8324605],[119.524361,40.8335184],[119.5260882,40.8362565],[119.5433273,40.8317259],[119.5556563,40.8225364],[119.5670318,40.8168139],[119.5706633,40.8168949],[119.5796968,40.8208734],[119.5898283,40.8273239],[119.5977127,40.8343641],[119.5980295,40.8364078],[119.6026755,40.8388222],[119.632193,40.8284459],[119.6343709,40.8270521],[119.6353423,40.8235176],[119.6399056,40.8170941],[119.6422847,40.8149881],[119.6470311,40.8142879],[119.6492752,40.8109537],[119.6498239,40.806855],[119.6537229,40.805882],[119.6564338,40.7954423],[119.6546791,40.7920691],[119.6588997,40.7879665],[119.6584926,40.7864466],[119.6614539,40.7832466],[119.6662461,40.7801659],[119.6723163,40.7811075],[119.6784619,40.7789754],[119.6852851,40.7889308],[119.6854058,40.7973949],[119.688138,40.8002876],[119.693126,40.8017556],[119.6999124,40.8093701],[119.6995127,40.8117588],[119.7008216,40.8142068],[119.7051679,40.8169608],[119.7063655,40.8246308],[119.6894031,40.8224666],[119.6878846,40.8287394],[119.6890531,40.8340409],[119.6934662,40.8349913],[119.6955827,40.8374986],[119.6980423,40.8376484],[119.6994442,40.8391728],[119.6994074,40.8455757],[119.7036241,40.8518957],[119.7055411,40.8579099],[119.7092039,40.8596252],[119.7231035,40.8585143],[119.7275255,40.8607963],[119.7286769,40.8631185],[119.7325504,40.8638729],[119.7354162,40.8660834],[119.7378708,40.8646293],[119.7412159,40.8568973],[119.7592424,40.8564404],[119.7649932,40.8530836],[119.7655175,40.8498526],[119.7711076,40.8478369],[119.7735778,40.8444306],[119.776705,40.8466006],[119.7769939,40.8520944],[119.7797046,40.854617],[119.7893096,40.8528289],[119.794051,40.857057],[119.7964414,40.868496],[119.8099337,40.8706353],[119.8136375,40.8802418],[119.8203524,40.8847913],[119.8188962,40.8871576],[119.8204541,40.8898702],[119.8201976,40.8944959],[119.8157351,40.8983764],[119.8180853,40.903983],[119.8150703,40.9106829],[119.8146622,40.9164363],[119.8160586,40.9183111],[119.8130895,40.9280626],[119.8156563,40.9308354],[119.8266153,40.934495],[119.8280004,40.931722],[119.8273556,40.9285595],[119.8290135,40.926808],[119.8347179,40.9280556],[119.8383041,40.9278045],[119.8399358,40.9263157],[119.8443775,40.927159],[119.8486999,40.924153],[119.8532605,40.9231225],[119.860093,40.9166866],[119.8625177,40.9111158],[119.8661649,40.9110218],[119.8687319,40.9095214],[119.8761171,40.9101062],[119.8818393,40.9121207],[119.8892271,40.9119777],[119.8879594,40.9081542],[119.8910442,40.9112562],[119.8995401,40.9073357],[119.902468,40.9086377],[119.9014734,40.9138293],[119.9042788,40.9149602],[119.907864,40.9262358],[119.9115094,40.9304291],[119.9232549,40.9335761],[119.9270831,40.9361548],[119.9332468,40.945495],[119.9369971,40.9469362],[119.9462763,40.9456121],[119.9504949,40.941537],[119.9542882,40.931988],[119.9587758,40.9274436],[119.9644972,40.926962],[119.9742275,40.9315672],[119.9905468,40.9468668],[119.995461,40.956277],[120.0005889,40.9629307],[119.9984908,40.965421],[120.0000221,40.9667342],[120.0017895,40.977031],[120.0050315,40.9792763],[120.0081613,40.979045],[120.0105229,40.9826698],[120.0084825,40.9859392],[120.0101463,40.9881243],[120.0177988,40.9914148],[120.0175741,40.9939703],[120.0197026,40.9982935],[120.0238668,41.0011572],[120.0212548,41.0024225],[120.0214979,41.0041543],[120.0176483,41.0064255],[120.0164832,41.0092635],[120.0172786,41.0120707],[120.0155882,41.0136034],[120.0154632,41.0162005],[120.016843,41.0183137],[120.0128944,41.0256021],[120.0149627,41.0313611],[120.0122566,41.0380215],[120.0081297,41.037908],[120.0068562,41.0403038],[120.0034552,41.0408836],[120.0039101,41.0466833],[120.0001255,41.0537898],[120.000434,41.0584809],[119.9988246,41.0602333],[119.9901731,41.0614575],[119.9878302,41.0651855],[119.9881288,41.0668714],[119.9928686,41.0712581],[119.9939503,41.0745637],[119.9952866,41.0736],[119.9983015,41.0744082],[119.9987793,41.075704],[120.0056045,41.0771861],[120.0076145,41.0789537],[120.0098488,41.0793743],[120.0114388,41.0778505],[120.0164538,41.0790402],[120.0227928,41.0844415],[120.0376516,41.085953],[120.0458713,41.0911243],[120.0508293,41.0894074],[120.0525713,41.0921342],[120.0546368,41.0928628],[120.0563478,41.0997068],[120.0654428,41.0992447],[120.0669336,41.0976921],[120.0726955,41.0988786],[120.074672,41.0960007],[120.0768583,41.0951878],[120.0792494,41.0909551],[120.0927927,41.0864723],[120.1056329,41.0873539],[120.1070171,41.0858446],[120.099938,41.0858231],[120.1022757,41.0854687],[120.1019505,41.0844275],[120.106913,41.0851792],[120.106613,41.0820517],[120.1087094,41.0801381],[120.110444,41.0815217],[120.1119441,41.0774589],[120.1111509,41.0763464],[120.1133039,41.0742773],[120.1044678,41.0680307],[120.1043549,41.0667936],[120.1059311,41.0659349],[120.1035681,41.0647153],[120.1038838,41.0626661],[120.1026213,41.0615008],[120.1047033,41.0596279],[120.1138239,41.0586588],[120.1217537,41.0459248],[120.1301391,41.0282468],[120.1367103,41.0096572],[120.1403213,41.0050613],[120.1436551,41.0057428],[120.1479169,41.0087111],[120.1646789,41.0254036],[120.1680212,41.026311],[120.1728648,41.0256077],[120.1828449,40.9991452],[120.1879438,41.0001391],[120.193279,40.99936],[120.1962173,40.9914047],[120.19933,40.9895793],[120.1970778,40.9842692],[120.1994226,40.9788466],[120.1972826,40.9751763],[120.1988267,40.9721683],[120.1875778,40.9669917],[120.1892747,40.9645148],[120.1888155,40.9618603],[120.1849273,40.9577988],[120.1843005,40.955083],[120.1679855,40.9533472],[120.1671279,40.950487],[120.1706624,40.9471255],[120.1655623,40.9451137],[120.1637756,40.9422578],[120.1611257,40.9418123],[120.1600684,40.9401218],[120.1595942,40.9372194],[120.1609028,40.9349597],[120.1600773,40.9332457],[120.1634487,40.9250998],[120.1741086,40.9203857],[120.1787171,40.9215343],[120.1829886,40.9201793],[120.1911472,40.9217545],[120.1981178,40.9306796],[120.1975454,40.9360731],[120.2028104,40.9419713],[120.2027728,40.9452385],[120.2122436,40.9552121],[120.2169747,40.9535034],[120.223765,40.9533166],[120.2293146,40.9488371],[120.2335663,40.9493109],[120.2399569,40.954557],[120.2466324,40.9572872],[120.2492585,40.9519449],[120.2492619,40.9489255],[120.2452641,40.9484196],[120.2436425,40.9465239],[120.2454204,40.9472846],[120.2466009,40.9449747],[120.2472294,40.9460658],[120.2486218,40.9449958],[120.2507766,40.9458051],[120.2515014,40.9436189],[120.2540113,40.9421219],[120.2531035,40.9437416],[120.2583123,40.9440641],[120.2622102,40.9459219],[120.2726491,40.9430844],[120.2742774,40.9443238],[120.276073,40.9494918],[120.2798348,40.9511945],[120.2851199,40.9596561],[120.2851924,40.9626185],[120.2827129,40.9664142],[120.2849845,40.9712543],[120.2904186,40.9704858],[120.298481,40.9715239],[120.3006247,40.9749525],[120.2997918,40.9832077],[120.3007201,40.9861847],[120.3043756,40.9891491],[120.3127461,40.9924934],[120.3149008,40.9985992],[120.3179787,40.9977163],[120.3201058,40.9992759],[120.3233012,40.9994716],[120.3240892,40.9969063],[120.3273863,40.9967412],[120.3274724,40.9945907],[120.3294181,40.9937548],[120.3327157,40.9977011],[120.3328172,41.0006644],[120.331122,41.0017577],[120.3360044,41.0014576],[120.3347769,40.9991989],[120.341478,41.0007249],[120.3433699,40.9999042],[120.333884,40.9949123],[120.3382265,40.9934413],[120.3385105,40.9898568],[120.341814,40.98835],[120.3450115,40.9891953],[120.3457762,40.9863531],[120.3492755,40.9848437],[120.3499302,40.9829337],[120.3578798,40.9811174],[120.3762588,40.9716264],[120.3826063,40.9709089],[120.3876573,40.9614869],[120.3966523,40.9525034],[120.4008713,40.9513359],[120.4072263,40.9522169],[120.4133073,40.9544794],[120.4194338,40.9620094],[120.4391434,40.9758038],[120.4389776,40.9797485],[120.4408421,40.9815104],[120.442313,40.9806071],[120.4455334,40.9843552],[120.4448412,40.9860968],[120.4486865,40.9891736],[120.4482251,40.9914376],[120.4457527,40.9927123],[120.4459948,40.9963136],[120.4467639,40.9975325],[120.4512006,40.9973882],[120.4533778,40.9995641],[120.4533778,41.0030465],[120.4516859,41.0040332],[120.4506092,41.006935],[120.4521505,41.0125767],[120.4498319,41.0130834],[120.4502247,41.0183671],[120.4489942,41.0193536],[120.4503016,41.0202239],[120.451609,41.028811],[120.4495325,41.0324659],[120.4515834,41.0328546],[120.4505323,41.0449957],[120.4522242,41.0456917],[120.4489942,41.0498097],[120.4491589,41.0528363],[120.4513014,41.0565371],[120.4558389,41.0587408],[120.4586075,41.0614083],[120.4592424,41.0638855],[120.4624681,41.0658969],[120.4624865,41.068768],[120.4654522,41.0725411],[120.468913,41.0730049],[120.4716816,41.0759037],[120.4806028,41.075266],[120.4917983,41.0771369],[120.4957123,41.0745924],[120.4980928,41.0702249],[120.5022888,41.0662999],[120.5155563,41.0607224],[120.5222168,41.0604514],[120.5307618,41.0652124],[120.5323333,41.0693279],[120.5309678,41.0824014],[120.5322723,41.0908739],[120.5377733,41.0940474],[120.5444338,41.0937769],[120.5935135,41.1039626],[120.5959405,41.1135859],[120.5983319,41.1160719],[120.5966078,41.1208619],[120.5978601,41.122185],[120.5983553,41.129436],[120.6006481,41.1344608],[120.60398,41.1350526],[120.6052656,41.1369666],[120.6043326,41.1386576],[120.6081633,41.1417227],[120.6084716,41.1469204],[120.6071649,41.1482369],[120.6082163,41.1501298],[120.6064304,41.1537538],[120.6098615,41.1595915],[120.6312069,41.1670099],[120.6346268,41.173859],[120.6350521,41.1823398],[120.6393147,41.1836806],[120.6520399,41.1815283],[120.6589414,41.1759761],[120.6638111,41.1763976],[120.6673136,41.1788291],[120.6714388,41.1791679],[120.6719001,41.1842511],[120.6799747,41.1866578],[120.6806377,41.1902428],[120.6840903,41.193255],[120.69609,41.1971275],[120.6983428,41.1937004],[120.6941581,41.1896236],[120.6923298,41.184146],[120.6931292,41.182365],[120.7022531,41.183358],[120.7072808,41.1820035],[120.7137414,41.1848284],[120.7222372,41.1852623],[120.7274908,41.1882031],[120.7306272,41.1924963],[120.7389453,41.1926155],[120.7396007,41.1952101],[120.7411965,41.1961107],[120.7504577,41.1900852],[120.7532504,41.1901281],[120.7572968,41.1877906],[120.7663797,41.1914776],[120.7659415,41.1921921],[120.7757182,41.2007954],[120.7789522,41.2011756],[120.7819841,41.198438],[120.7836012,41.1927345],[120.7862292,41.1902872],[120.7885533,41.1834557],[120.7901703,41.1833036],[120.7903724,41.180185],[120.786878,41.1758607],[120.7827926,41.1740995],[120.7787539,41.1683225],[120.7790398,41.1655251],[120.7823985,41.1644491],[120.7832781,41.1594845],[120.7907024,41.1586861],[120.7947691,41.156761],[120.7946902,41.1553564],[120.8001928,41.1558407],[120.8001928,41.1518051],[120.7985492,41.1488455],[120.8009493,41.1453589],[120.8163107,41.1394066],[120.820235,41.1389534],[120.8199425,41.1368915],[120.8240344,41.1366484],[120.8272035,41.1338086],[120.8292339,41.1297267],[120.838484,41.1307571],[120.8457878,41.1389845],[120.8526578,41.1385835],[120.8542019,41.1396162],[120.8547957,41.1432081],[120.8594724,41.1468935],[120.8642739,41.1483962],[120.8650499,41.1510171],[120.8709098,41.1542839],[120.8773779,41.1490359],[120.8834651,41.1497906],[120.8849056,41.1469379],[120.8872195,41.146194],[120.8908794,41.1478675],[120.8909341,41.1424949],[120.893505,41.1438199],[120.8969298,41.143545],[120.8979687,41.1451019],[120.9025747,41.143933],[120.9021969,41.1427901],[120.9058343,41.1394993],[120.9069172,41.1366713],[120.90564,41.1339098],[120.8990274,41.1322634],[120.8981365,41.1305487],[120.894569,41.1300013],[120.8925866,41.1275836],[120.8934501,41.1258134],[120.896632,41.1249989],[120.9013607,41.1203932],[120.9042343,41.1193528],[120.9059215,41.121367],[120.908951,41.1219527],[120.9117775,41.119057],[120.916639,41.1206309],[120.9177381,41.1188037],[120.9254562,41.1158192],[120.9302125,41.121414],[120.9324562,41.1222264],[120.935081,41.1207099],[120.9373624,41.117491],[120.9358753,41.1117315],[120.9364101,41.105525],[120.9376176,41.1044148],[120.9385983,41.096832],[120.9432603,41.0883329],[120.9431763,41.0837479],[120.945735,41.0773079],[120.9386582,41.075983],[120.9411163,41.0706939],[120.9375913,41.0597229],[120.9387438,41.0502637],[120.9427717,41.0487892],[120.9447364,41.0446934],[120.9475246,41.0430845],[120.9545796,41.0482441],[120.9590511,41.0480326],[120.9666186,41.0440555],[120.9747504,41.0447183],[120.9776202,41.0436585],[120.975091,41.03836],[120.9767287,41.0355237],[120.9817305,41.035022],[120.9857925,41.030829],[120.9981921,41.0324417],[121.0031971,41.0348883],[121.0054201,41.0393089],[121.0090123,41.0408654],[121.0163083,41.0414737],[121.0184505,41.0442084],[121.0227306,41.0448675],[121.0249155,41.0482441],[121.0289797,41.048497],[121.0270693,41.0443689],[121.0278703,41.0386274],[121.0268173,41.0317574],[121.0220552,41.0274646],[121.0186003,41.0134964],[121.0113068,40.9968339],[121.0080183,40.9826509],[121.0076184,40.9758418],[121.0057101,40.971003],[121.0108569,40.9713855],[121.0099558,40.9624541],[121.012055,40.9621204],[121.0105082,40.9556127],[121.0038701,40.9543148],[121.0036585,40.9502725],[121.006814,40.9505091],[121.0061995,40.9457665],[121.0098454,40.9441809],[121.0117258,40.9401048],[121.0146806,40.9408209],[121.0159218,40.947352],[121.0161427,40.9449737],[121.0174685,40.9447651],[121.0183523,40.948103],[121.0194019,40.9480613],[121.0190152,40.9402169],[121.0252573,40.9398413],[121.0289584,40.9414687],[121.029787,40.9400917],[121.0289031,40.9384226],[121.0328804,40.9382139],[121.033067,40.9372582],[121.0291793,40.9374628],[121.0308918,40.935418],[121.0310611,40.9319483],[121.0267488,40.9298676],[121.0263069,40.9274887],[121.0242077,40.928699],[121.0181313,40.9259861],[121.0200095,40.9228975],[121.0211695,40.9236071],[121.0224401,40.9218958],[121.0261411,40.9247758],[121.0274669,40.921061],[121.0310282,40.9202308],[121.0310575,40.9185983],[121.0291241,40.9173878],[121.0288278,40.9132227],[121.0231582,40.9110427],[121.0282402,40.9049057],[121.0263368,40.8955459],[121.0271073,40.8884279],[121.0251768,40.8822554],[121.0146178,40.8664854],[121.0057611,40.8616886],[121.0033728,40.8577954],[121.0003522,40.8462406],[121.0034555,40.832304],[120.9994724,40.8271937],[120.9926543,40.8255456],[120.9938566,40.8218957],[120.9995382,40.8196949],[120.9939015,40.8173657],[120.9915143,40.8116939],[120.9857261,40.8107621],[120.9830707,40.8141036],[120.9846197,40.818063],[120.9787752,40.8208469],[120.9742074,40.8204886],[120.9763089,40.8221215],[120.9667025,40.8266731],[120.9609586,40.8275834],[120.971725,40.8228705],[120.9708291,40.8203252],[120.9722105,40.819424],[120.9619322,40.8103906],[120.9628978,40.8099257],[120.9599058,40.8042443],[120.9621803,40.7984293],[120.9684996,40.7943277],[120.9732954,40.7943602],[120.976396,40.7885849],[120.9814815,40.7889586],[120.982112,40.786493],[120.9869917,40.7856932],[120.9863036,40.7847858],[120.97759,40.78699],[120.9708492,40.7819399],[120.96913,40.77644],[120.95836,40.7751],[120.9540501,40.7725801],[120.95424,40.7707159],[120.969043,40.7703397],[120.969022,40.7550998],[120.9770064,40.7550596],[120.9770253,40.7521861],[120.9691772,40.7522691],[120.9695735,40.7464381],[120.9749004,40.7464129],[120.9748617,40.7433024],[120.9347306,40.7431911],[120.9343206,40.7472935],[120.9310937,40.7472093],[120.935695,40.7413564],[120.9266708,40.740237],[120.9217282,40.7371318],[120.9227742,40.736351],[120.938082,40.739574],[120.9404755,40.737412],[120.9849276,40.7352574],[120.9851271,40.7417173],[120.9892782,40.7448998],[120.9892042,40.7440709],[121.0186309,40.7438174],[121.0163781,40.7445445],[121.0176967,40.744712],[121.0229722,40.7414986],[121.0229505,40.7373449],[121.0226448,40.7413353],[121.0191325,40.7435061],[121.0124992,40.74357],[121.0123733,40.7403405],[121.0172473,40.7397273],[121.0096587,40.7388712],[121.0094695,40.7275236],[121.0190077,40.727434],[121.0190087,40.7265069],[121.0192588,40.7280641],[121.0219054,40.7274095],[121.0219158,40.7337771],[121.0228443,40.7346902],[121.0225826,40.7250637],[121.0352431,40.7249639],[121.0355601,40.7258293],[121.0356088,40.7223401],[121.0309493,40.7220193],[121.0315188,40.7115664],[121.0268475,40.7117947],[121.0267406,40.7097881],[121.0122522,40.7109175],[121.0160634,40.712426],[121.0108241,40.7127249],[121.0116707,40.7141347],[121.0069625,40.7144979],[121.0079822,40.7158738],[121.0071648,40.7166018],[120.9955953,40.7185794],[120.993446,40.7178469],[120.9946542,40.7174035],[120.993357,40.7177312],[120.9928737,40.7158226],[120.99646,40.7151093],[120.9927338,40.7152443],[120.9926829,40.7137598],[120.9973363,40.7128948],[120.9970434,40.7118843],[120.9930263,40.7125934],[120.9936749,40.7102702],[121.000695,40.7088627],[120.9947559,40.7098267],[120.9946018,40.7090192],[121.0038108,40.7071563],[121.0116576,40.7091326],[121.0037345,40.707031],[120.9924031,40.7092579],[120.9865531,40.7153889],[120.9705671,40.7117354],[120.979065,40.70312],[120.9734653,40.6998597],[120.9657471,40.707407],[120.9593883,40.7036567],[120.9689854,40.6936792],[120.9623133,40.7002822],[120.9524096,40.6945891],[120.9486376,40.6969753],[120.9486674,40.6992409],[120.9446105,40.699347],[120.9372799,40.6923101],[120.9000044,40.6892183],[120.9006766,40.6871206],[120.89895,40.6885501],[120.8911918,40.6840392],[120.88996,40.68491],[120.8792201,40.68318],[120.8789743,40.6841234],[120.8765,40.6840199],[120.8694617,40.6808719],[120.8672664,40.6827005],[120.8609752,40.6815432],[120.8568004,40.6844742],[120.8546317,40.6843817],[120.8404979,40.681653],[120.8282895,40.6767503],[120.8235812,40.6729793],[120.8205497,40.6678262],[120.8211632,40.665926],[120.8241561,40.6643706],[120.8206508,40.6581051],[120.8221304,40.6531287],[120.824169,40.6521814],[120.8253714,40.6494337],[120.8249148,40.6433495],[120.8237032,40.6414497],[120.8106958,40.6352592],[120.8060013,40.6305033],[120.8043216,40.626289],[120.8006643,40.6237867],[120.7983522,40.6198265],[120.80221,40.6142319],[120.8087295,40.6178558],[120.8089717,40.6219518],[120.8089885,40.6177681],[120.8028063,40.614129],[120.8024583,40.6132079],[120.8037265,40.612446],[120.8036728,40.6117863],[120.8016918,40.6134053],[120.7992884,40.6130157],[120.7950816,40.6102199],[120.7929446,40.6064082],[120.7934358,40.603993],[120.7946485,40.6040447],[120.7945873,40.6051474],[120.794973,40.6039205],[120.7929487,40.6026444],[120.7931698,40.6006885],[120.7810655,40.5905189],[120.7537003,40.6009558],[120.7522461,40.5982126],[120.7781768,40.5874087],[120.760442,40.5662337],[120.7591063,40.565598],[120.7500753,40.5693674],[120.7444676,40.5661496],[120.74052,40.5661699],[120.7237487,40.5555304],[120.7239792,40.5571223],[120.7206108,40.5553359],[120.7227951,40.5531818],[120.7235654,40.5551257],[120.7232356,40.5525324],[120.7252501,40.55009],[120.7145714,40.5442609],[120.7098933,40.5436077],[120.7120556,40.5441665],[120.7077802,40.5487781],[120.7068906,40.5485104],[120.7087815,40.5434015],[120.6995282,40.5413592],[120.6966275,40.543101],[120.6997791,40.5368872],[120.6993589,40.5346118],[120.690447,40.5310721],[120.694439,40.5264143],[120.7053118,40.5318306],[120.7161146,40.5196267],[120.7106869,40.5133176],[120.7011798,40.5074472],[120.6902019,40.5044785],[120.6845259,40.5100709],[120.6754127,40.5109628],[120.670843,40.5151225],[120.6705366,40.5138712],[120.6721824,40.5131325],[120.66952,40.5071299],[120.66552,40.5060199],[120.66492,40.49908],[120.66314,40.49725],[120.6612101,40.4897601],[120.6631001,40.4885201],[120.66004,40.4846],[120.6622961,40.4826446],[120.6627553,40.480447],[120.6612532,40.4805776],[120.6618969,40.4790597],[120.6565862,40.4823659],[120.6492199,40.48169],[120.64461,40.4789],[120.6378899,40.4787601],[120.63571,40.4833399],[120.6289799,40.48358],[120.624961,40.4855306],[120.6191714,40.4830968],[120.619681,40.4813281],[120.616221,40.4807109],[120.6146649,40.4769175],[120.5955099,40.47006],[120.5946976,40.4688249],[120.6153238,40.4520764],[120.6105058,40.4481067],[120.5953574,40.4557623],[120.5950034,40.4578093],[120.5852039,40.4590011],[120.5849706,40.4578736]]],[[[120.7671386,41.2105561],[120.7701444,41.2180415],[120.7737103,41.2176896],[120.7714335,41.2122039],[120.7671386,41.2105561]]]]}}]}
